<?xml version="1.0" encoding="UTF-8"?>
<add>
  <doc>
    <field name="id">schrader0</field>
    <field name="pageCat">2</field>
    <field name="imageCat">9</field>
    <field name="numberCat">1</field>
    <field name="volumes">8</field>
    <field name="titleCat">Biblia Regia 8 Voll. Antw. Plantijn</field>
    <field name="titleBib">Biblia Sacra Hebraice, Chaldaice, Græce, &amp; Latine Philippi II. Reg. Cathol. Pietate, Et Stvdio Ad Sacrosanctæ Ecclesiæ Vsvm</field>
    <field name="place_1">Antwerpen</field>
    <field name="geoNames_place_1">2803138</field>
    <field name="coordinates_place_1">51.21989,4.40346</field>
    <field name="publishers">Plantin, Christophe</field>
    <field name="histSubject">Libri Theologici In Folio</field>
    <field name="genres">Bibel</field>
    <field name="languages">heb</field>
    <field name="languages">arc</field>
    <field name="languages">grc</field>
    <field name="languages">syr</field>
    <field name="systemManifestation">GBV</field>
    <field name="idManifestation">150613253</field>
    <field name="bound">1</field>
    <field name="idCat">cat1</field>
    <field name="linkManifestation">http://gso.gbv.de/DB=2.1/PPNSET?PPN=150613253</field>
    <field name="nameSystemManifestation">Gemeinsamer Bibliotheksverbund (GBV)</field>
    <field name="manifestationFull">GBV#150613253</field>
    <field name="dateCollection">1775</field>
    <field name="nameCollection">Bibliothek des Heinrich Bernhard Schrader zu Schliestedt</field>
  </doc>
  <doc>
    <field name="id">schrader1</field>
    <field name="numberCat">2</field>
    <field name="volumes">1</field>
    <field name="titleCat">Bilia Græca. Romæ 87</field>
    <field name="titleBib">Vetus Testamentum Iuxta Septuaginta</field>
    <field name="place_1">Rom</field>
    <field name="geoNames_place_1">3169070</field>
    <field name="coordinates_place_1">41.89193,12.51133</field>
    <field name="publishers">Francesco Zanetti</field>
    <field name="year">1587</field>
    <field name="format">2°</field>
    <field name="genres">Bibel</field>
    <field name="languages">grc</field>
    <field name="bound">1</field>
    <field name="languagesFull">Altgriechisch</field>
    <field name="yearNormalized">1587</field>
    <field name="dateCollection">1775</field>
    <field name="nameCollection">Bibliothek des Heinrich Bernhard Schrader zu Schliestedt</field>
  </doc>
  <doc>
    <field name="id">schrader2</field>
    <field name="numberCat">2</field>
    <field name="volumes">1</field>
    <field name="titleCat">Biblia Interliniata. Montani. Gen. 1607</field>
    <field name="publishers">Montanus</field>
    <field name="year">1607</field>
    <field name="format">2°</field>
    <field name="genres">Bibel</field>
    <field name="bound">1</field>
    <field name="yearNormalized">1607</field>
    <field name="dateCollection">1775</field>
    <field name="nameCollection">Bibliothek des Heinrich Bernhard Schrader zu Schliestedt</field>
  </doc>
  <doc>
    <field name="id">schrader3</field>
    <field name="numberCat">1</field>
    <field name="volumes">1</field>
    <field name="titleCat">Opera Ciceronis 2 Vol. Bas. 40</field>
    <field name="titleBib">OPERA || MARCI TVLLII CICERONIS || QVOTQVOT AB INTERITV VINDICARI || SVMMORVM VIRORVM INDVSTRIA POTVERVNT,|| cùm ueterum exemplarium, tùm recentiorum collatione restituta,|| Et recognitione Ioachimi CAMERARII Pabergen/||sis elaborata ... || Accesserunt Castigationes Petri VICTORII, Rerum &amp; uerborum INDEX || copiosus, ANNOTATIONES quo#[que] uariorum codicum ad eum || modum tractatae</field>
    <field name="place_1">Basel</field>
    <field name="geoNames_place_1">2661604</field>
    <field name="coordinates_place_1">47.55839,7.57327</field>
    <field name="publishers">Herwagen, Johannes d.Ä.</field>
    <field name="year">1540</field>
    <field name="format">2°</field>
    <field name="subjects">Altertumskunde</field>
    <field name="languages">lat</field>
    <field name="systemManifestation">VD16</field>
    <field name="idManifestation">C 2816</field>
    <field name="bound">1</field>
    <field name="linkManifestation">http://gateway-bayern.de/VD16+C 2816</field>
    <field name="nameSystemManifestation">Verzeichnis der im deutschen Sprachbereich erschienenen Drucke des 16. Jahrhunderts (VD 16)</field>
    <field name="manifestationFull">VD16#C 2816</field>
    <field name="languagesFull">Latein</field>
    <field name="yearNormalized">1540</field>
    <field name="dateCollection">1775</field>
    <field name="nameCollection">Bibliothek des Heinrich Bernhard Schrader zu Schliestedt</field>
  </doc>
  <doc>
    <field name="id">schrader4</field>
    <field name="numberCat">2</field>
    <field name="volumes">1</field>
    <field name="titleCat">Orationes Philippicae cum explicationibus Caelij Curionis, &amp;c. Bas. 51</field>
    <field name="titleBib">M.TVLLII CICERO-||NIS PHILIPPICAE ORATIONES XIIII || IN M.ANTONIVM, A CAELIO SECVNDO CVRIONE POST || omnes omnium castigationes diligentius emendatae:|| &amp; nouis, ijsʻ#[que] perpetuis explicatio=||nibus illustratae.|| HIS accessere Orationes quatuor, ad Philippicarum argumen||tum pertinentes, ex Dione historico, eodem Caelio Secundo Cu||rione interprete &amp; explicatore</field>
    <field name="place_1">Basel</field>
    <field name="geoNames_place_1">2661604</field>
    <field name="coordinates_place_1">47.55839,7.57327</field>
    <field name="publishers">Froben, Hieronymus</field>
    <field name="publishers">Episcopius, Nicolaus</field>
    <field name="year">1551</field>
    <field name="format">2°</field>
    <field name="subjects">Altertumskunde</field>
    <field name="genres">Rede</field>
    <field name="languages">lat</field>
    <field name="systemManifestation">VD16</field>
    <field name="idManifestation">C 3544</field>
    <field name="bound">1</field>
    <field name="linkManifestation">http://gateway-bayern.de/VD16+C 3544</field>
    <field name="nameSystemManifestation">Verzeichnis der im deutschen Sprachbereich erschienenen Drucke des 16. Jahrhunderts (VD 16)</field>
    <field name="manifestationFull">VD16#C 3544</field>
    <field name="languagesFull">Latein</field>
    <field name="yearNormalized">1551</field>
    <field name="dateCollection">1775</field>
    <field name="nameCollection">Bibliothek des Heinrich Bernhard Schrader zu Schliestedt</field>
  </doc>
</add>
