<?xml version="1.0"?>
<TEI xmlns="http://www.tei-c.org/ns/1.0">
  <teiHeader>
    <fileDesc>
      <titleStmt>
        <title>Bibliothek des Heinrich Bernhard Schrader zu Schliestedt (1775)</title>
      </titleStmt>
      <publicationStmt>
        <publisher>
          <name type="org">Herzog August Bibliothek Wolfenb&#xFC;ttel</name>
          <address>
            <street>Lessingplatz 1</street>
            <name type="city">Wolfenb&#xFC;ttel</name>
            <postCode>D-38299</postCode>
            <name type="country">Germany</name>
          </address>
        </publisher>
        <date when="2019-12-05">2019</date>
      </publicationStmt>
      <sourceDesc>
        <listWit>
          <witness xml:id="witness_0">HAB, M: Bc 1982</witness>
        </listWit>
      </sourceDesc>
    </fileDesc>
  </teiHeader>
  <text>
    <body>
      <div type="transcription">
        <pb n="2" facs="http://diglib.hab.de/drucke/bc-sbd-10-3s/start.htm?image=9"/>
        <head>Libri Theologici In Folio</head>
        <div type="volume">
          <p n="1" xml:id="schrader0">Biblia Regia 8 Voll. Antw. Plantijn</p>
        </div>
      </div>
      <div type="transcription">
        <pb n="" facs="http://diglib.hab.de/drucke/bc-sbd-10-3s/start.htm?image="/>
        <head>ohne Kategorie</head>
        <div type="volume">
          <p n="2" xml:id="schrader1">Bilia Gr&#xE6;ca. Rom&#xE6; 87</p>
        </div>
        <div type="volume">
          <p n="2" xml:id="schrader2">Biblia Interliniata. Montani. Gen. 1607</p>
        </div>
        <div type="volume">
          <p n="1" xml:id="schrader3">Opera Ciceronis 2 Vol. Bas. 40</p>
        </div>
        <div type="volume">
          <p n="2" xml:id="schrader4">Orationes Philippicae cum explicationibus Caelij Curionis, &amp;c. Bas. 51</p>
        </div>
      </div>
      <div type="bibliography">
        <listBibl>
          <bibl xml:id="schrader0-reference" corresp="schrader0">
            <title>Biblia Sacra Hebraice, Chaldaice, Gr&#xE6;ce, &amp; Latine Philippi II. Reg. Cathol. Pietate, Et Stvdio Ad Sacrosanct&#xE6; Ecclesi&#xE6; Vsvm</title>
            <extent>8 Bde.</extent>
            <pubPlace>
              <rs type="place" key="geoNames_2803138">Antwerpen</rs>
            </pubPlace>
            <publisher>Plantin, Christophe</publisher>
            <idno type="GBV">150613253</idno>
          </bibl>
          <bibl xml:id="schrader1-reference" corresp="schrader1">
            <title>Vetus Testamentum Iuxta Septuaginta</title>
            <pubPlace>
              <rs type="place" key="geoNames_3169070">Rom</rs>
            </pubPlace>
            <publisher>Francesco Zanetti</publisher>
            <date when="1587">1587</date>
          </bibl>
          <bibl xml:id="schrader3-reference" corresp="schrader3">
            <title>OPERA || MARCI TVLLII CICERONIS || QVOTQVOT AB INTERITV VINDICARI || SVMMORVM VIRORVM INDVSTRIA POTVERVNT,|| c&#xF9;m ueterum exemplarium, t&#xF9;m recentiorum collatione restituta,|| Et recognitione Ioachimi CAMERARII Pabergen/||sis elaborata ... || Accesserunt Castigationes Petri VICTORII, Rerum &amp; uerborum INDEX || copiosus, ANNOTATIONES quo#[que] uariorum codicum ad eum || modum tractatae</title>
            <pubPlace>
              <rs type="place" key="geoNames_2661604">Basel</rs>
            </pubPlace>
            <publisher>Herwagen, Johannes d.&#xC4;.</publisher>
            <date when="1540">1540</date>
            <idno type="VD16">C 2816</idno>
          </bibl>
          <bibl xml:id="schrader4-reference" corresp="schrader4">
            <title>M.TVLLII CICERO-||NIS PHILIPPICAE ORATIONES XIIII || IN M.ANTONIVM, A CAELIO SECVNDO CVRIONE POST || omnes omnium castigationes diligentius emendatae:|| &amp; nouis, ijs&#x2BB;#[que] perpetuis explicatio=||nibus illustratae.|| HIS accessere Orationes quatuor, ad Philippicarum argumen||tum pertinentes, ex Dione historico, eodem Caelio Secundo Cu||rione interprete &amp; explicatore</title>
            <pubPlace>
              <rs type="place" key="geoNames_2661604">Basel</rs>
            </pubPlace>
            <publisher>Froben, Hieronymus</publisher>
            <publisher>Episcopius, Nicolaus</publisher>
            <date when="1551">1551</date>
            <idno type="VD16">C 3544</idno>
          </bibl>
        </listBibl>
      </div>
    </body>
  </text>
</TEI>
