"Name","Address","Description","Longitude","Latitude","TimeStamp","TimeSpan:begin","TimeSpan:end","GettyID",""
"Altdorf","Altdorf","Altdorf","11.3572","49.3875","1653","","",""
"Altdorf","Altdorf","Altdorf","11.3572","49.3875","1670","","",""
"Altdorf","Altdorf","Altdorf","11.3572","49.3875","1738","","",""
"Altdorf","Altdorf","Altdorf","11.3572","49.3875","1738","","",""
"Altenburg","Altenburg","Altenburg","12.45","50.9833","1728","","",""
"Amsterdam","Amsterdam","Amsterdam","4.9167","52.35","1607","","",""
"Amsterdam","Amsterdam","Amsterdam","4.9167","52.35","1626","","",""
"Amsterdam","Amsterdam","Amsterdam","4.9167","52.35","1632","","",""
"Amsterdam","Amsterdam","Amsterdam","4.9167","52.35","1632","","",""
"Amsterdam","Amsterdam","Amsterdam","4.9167","52.35","1634","","",""
"Amsterdam","Amsterdam","Amsterdam","4.9167","52.35","1636","","",""
"Amsterdam","Amsterdam","Amsterdam","4.9167","52.35","1639","","",""
"Amsterdam","Amsterdam","Amsterdam","4.9167","52.35","1641","","",""
"Amsterdam","Amsterdam","Amsterdam","4.9167","52.35","1642","","",""
"Amsterdam","Amsterdam","Amsterdam","4.9167","52.35","1643","","",""
"Amsterdam","Amsterdam","Amsterdam","4.9167","52.35","1649","","",""
"Amsterdam","Amsterdam","Amsterdam","4.9167","52.35","1651","","",""
"Amsterdam","Amsterdam","Amsterdam","4.9167","52.35","1656","","",""
"Amsterdam","Amsterdam","Amsterdam","4.9167","52.35","1656","","",""
"Amsterdam","Amsterdam","Amsterdam","4.9167","52.35","1659","","",""
"Amsterdam","Amsterdam","Amsterdam","4.9167","52.35","1663","","",""
"Amsterdam","Amsterdam","Amsterdam","4.9167","52.35","1663","","",""
"Amsterdam","Amsterdam","Amsterdam","4.9167","52.35","1664","","",""
"Amsterdam","Amsterdam","Amsterdam","4.9167","52.35","1664","","",""
"Amsterdam","Amsterdam","Amsterdam","4.9167","52.35","1665","","",""
"Amsterdam","Amsterdam","Amsterdam","4.9167","52.35","1667","","",""
"Amsterdam","Amsterdam","Amsterdam","4.9167","52.35","1668","","",""
"Amsterdam","Amsterdam","Amsterdam","4.9167","52.35","1669","","",""
"Amsterdam","Amsterdam","Amsterdam","4.9167","52.35","1671","","",""
"Amsterdam","Amsterdam","Amsterdam","4.9167","52.35","1671","","",""
"Amsterdam","Amsterdam","Amsterdam","4.9167","52.35","1672","","",""
"Amsterdam","Amsterdam","Amsterdam","4.9167","52.35","1672","","",""
"Amsterdam","Amsterdam","Amsterdam","4.9167","52.35","1673","","",""
"Amsterdam","Amsterdam","Amsterdam","4.9167","52.35","1676","","",""
"Amsterdam","Amsterdam","Amsterdam","4.9167","52.35","1677","","",""
"Amsterdam","Amsterdam","Amsterdam","4.9167","52.35","1677","","",""
"Amsterdam","Amsterdam","Amsterdam","4.9167","52.35","1677","","",""
"Amsterdam","Amsterdam","Amsterdam","4.9167","52.35","1678","","",""
"Amsterdam","Amsterdam","Amsterdam","4.9167","52.35","1680","","",""
"Amsterdam","Amsterdam","Amsterdam","4.9167","52.35","1680","","",""
"Amsterdam","Amsterdam","Amsterdam","4.9167","52.35","1683","","",""
"Amsterdam","Amsterdam","Amsterdam","4.9167","52.35","1683","","",""
"Amsterdam","Amsterdam","Amsterdam","4.9167","52.35","1686","","",""
"Amsterdam","Amsterdam","Amsterdam","4.9167","52.35","1689","","",""
"Amsterdam","Amsterdam","Amsterdam","4.9167","52.35","1689","","",""
"Amsterdam","Amsterdam","Amsterdam","4.9167","52.35","1690","","",""
"Amsterdam","Amsterdam","Amsterdam","4.9167","52.35","1690","","",""
"Amsterdam","Amsterdam","Amsterdam","4.9167","52.35","1690","","",""
"Amsterdam","Amsterdam","Amsterdam","4.9167","52.35","1690","","",""
"Amsterdam","Amsterdam","Amsterdam","4.9167","52.35","1692","","",""
"Amsterdam","Amsterdam","Amsterdam","4.9167","52.35","1692","","",""
"Amsterdam","Amsterdam","Amsterdam","4.9167","52.35","1693","","",""
"Amsterdam","Amsterdam","Amsterdam","4.9167","52.35","1693","","",""
"Amsterdam","Amsterdam","Amsterdam","4.9167","52.35","1694","","",""
"Amsterdam","Amsterdam","Amsterdam","4.9167","52.35","1695","","",""
"Amsterdam","Amsterdam","Amsterdam","4.9167","52.35","1696","","",""
"Amsterdam","Amsterdam","Amsterdam","4.9167","52.35","1697","","",""
"Amsterdam","Amsterdam","Amsterdam","4.9167","52.35","1697","","",""
"Amsterdam","Amsterdam","Amsterdam","4.9167","52.35","1698","","",""
"Amsterdam","Amsterdam","Amsterdam","4.9167","52.35","1699","","",""
"Amsterdam","Amsterdam","Amsterdam","4.9167","52.35","1699","","",""
"Amsterdam","Amsterdam","Amsterdam","4.9167","52.35","1699","","",""
"Amsterdam","Amsterdam","Amsterdam","4.9167","52.35","1699","","",""
"Amsterdam","Amsterdam","Amsterdam","4.9167","52.35","1699","","",""
"Amsterdam","Amsterdam","Amsterdam","4.9167","52.35","1700","","",""
"Amsterdam","Amsterdam","Amsterdam","4.9167","52.35","1700","","",""
"Amsterdam","Amsterdam","Amsterdam","4.9167","52.35","1700","","",""
"Amsterdam","Amsterdam","Amsterdam","4.9167","52.35","1700","","",""
"Amsterdam","Amsterdam","Amsterdam","4.9167","52.35","1700","","",""
"Amsterdam","Amsterdam","Amsterdam","4.9167","52.35","1701","","",""
"Amsterdam","Amsterdam","Amsterdam","4.9167","52.35","1705","","",""
"Amsterdam","Amsterdam","Amsterdam","4.9167","52.35","1707","","",""
"Amsterdam","Amsterdam","Amsterdam","4.9167","52.35","1710","","",""
"Amsterdam","Amsterdam","Amsterdam","4.9167","52.35","1713","","",""
"Amsterdam","Amsterdam","Amsterdam","4.9167","52.35","1714","","",""
"Amsterdam","Amsterdam","Amsterdam","4.9167","52.35","1717","","",""
"Amsterdam","Amsterdam","Amsterdam","4.9167","52.35","1717","","",""
"Amsterdam","Amsterdam","Amsterdam","4.9167","52.35","1718","","",""
"Amsterdam","Amsterdam","Amsterdam","4.9167","52.35","1719","","",""
"Amsterdam","Amsterdam","Amsterdam","4.9167","52.35","1719","","",""
"Amsterdam","Amsterdam","Amsterdam","4.9167","52.35","1719","","",""
"Amsterdam","Amsterdam","Amsterdam","4.9167","52.35","1719","","",""
"Amsterdam","Amsterdam","Amsterdam","4.9167","52.35","1719","","",""
"Amsterdam","Amsterdam","Amsterdam","4.9167","52.35","1719","","",""
"Amsterdam","Amsterdam","Amsterdam","4.9167","52.35","1719","","",""
"Amsterdam","Amsterdam","Amsterdam","4.9167","52.35","1720","","",""
"Amsterdam","Amsterdam","Amsterdam","4.9167","52.35","1720","","",""
"Amsterdam","Amsterdam","Amsterdam","4.9167","52.35","1720","","",""
"Amsterdam","Amsterdam","Amsterdam","4.9167","52.35","1720","","",""
"Amsterdam","Amsterdam","Amsterdam","4.9167","52.35","1720","","",""
"Amsterdam","Amsterdam","Amsterdam","4.9167","52.35","1720","","",""
"Amsterdam","Amsterdam","Amsterdam","4.9167","52.35","1720","","",""
"Amsterdam","Amsterdam","Amsterdam","4.9167","52.35","1720","","",""
"Amsterdam","Amsterdam","Amsterdam","4.9167","52.35","1720","","",""
"Amsterdam","Amsterdam","Amsterdam","4.9167","52.35","1720","","",""
"Amsterdam","Amsterdam","Amsterdam","4.9167","52.35","1720","","",""
"Amsterdam","Amsterdam","Amsterdam","4.9167","52.35","1721","","",""
"Amsterdam","Amsterdam","Amsterdam","4.9167","52.35","1725","","",""
"Amsterdam","Amsterdam","Amsterdam","4.9167","52.35","1725","","",""
"Amsterdam","Amsterdam","Amsterdam","4.9167","52.35","1725","","",""
"Amsterdam","Amsterdam","Amsterdam","4.9167","52.35","1727","","",""
"Amsterdam","Amsterdam","Amsterdam","4.9167","52.35","1729","","",""
"Amsterdam","Amsterdam","Amsterdam","4.9167","52.35","1730","","",""
"Amsterdam","Amsterdam","Amsterdam","4.9167","52.35","1730","","",""
"Amsterdam","Amsterdam","Amsterdam","4.9167","52.35","1732","","",""
"Amsterdam","Amsterdam","Amsterdam","4.9167","52.35","1732","","",""
"Amsterdam","Amsterdam","Amsterdam","4.9167","52.35","1732","","",""
"Amsterdam","Amsterdam","Amsterdam","4.9167","52.35","1732","","",""
"Amsterdam","Amsterdam","Amsterdam","4.9167","52.35","1732","","",""
"Amsterdam","Amsterdam","Amsterdam","4.9167","52.35","1733","","",""
"Amsterdam","Amsterdam","Amsterdam","4.9167","52.35","1734","","",""
"Amsterdam","Amsterdam","Amsterdam","4.9167","52.35","1734","","",""
"Amsterdam","Amsterdam","Amsterdam","4.9167","52.35","1734","","",""
"Amsterdam","Amsterdam","Amsterdam","4.9167","52.35","1735","","",""
"Amsterdam","Amsterdam","Amsterdam","4.9167","52.35","1742","","",""
"Amsterdam","Amsterdam","Amsterdam","4.9167","52.35","1743","","",""
"Amsterdam","Amsterdam","Amsterdam","4.9167","52.35","1743","","",""
"Amsterdam","Amsterdam","Amsterdam","4.9167","52.35","1746","","",""
"Amsterdam","Amsterdam","Amsterdam","4.9167","52.35","1746","","",""
"Amsterdam","Amsterdam","Amsterdam","4.9167","52.35","1746","","",""
"Amsterdam","Amsterdam","Amsterdam","4.9167","52.35","1746","","",""
"Amsterdam","Amsterdam","Amsterdam","4.9167","52.35","1747","","",""
"Amsterdam","Amsterdam","Amsterdam","4.9167","52.35","1748","","",""
"Amsterdam","Amsterdam","Amsterdam","4.9167","52.35","1748","","",""
"Amsterdam","Amsterdam","Amsterdam","4.9167","52.35","1748","","",""
"Amsterdam","Amsterdam","Amsterdam","4.9167","52.35","1749","","",""
"Amsterdam","Amsterdam","Amsterdam","4.9167","52.35","1749","","",""
"Amsterdam","Amsterdam","Amsterdam","4.9167","52.35","1750","","",""
"Amsterdam","Amsterdam","Amsterdam","4.9167","52.35","1752","","",""
"Amsterdam","Amsterdam","Amsterdam","4.9167","52.35","1752","","",""
"Amsterdam","Amsterdam","Amsterdam","4.9167","52.35","1752","","",""
"Amsterdam","Amsterdam","Amsterdam","4.9167","52.35","1754","","",""
"Amsterdam","Amsterdam","Amsterdam","4.9167","52.35","1754","","",""
"Amsterdam","Amsterdam","Amsterdam","4.9167","52.35","1759","","",""
"Amsterdam","Amsterdam","Amsterdam","4.9167","52.35","1760","","",""
"Amsterdam","Amsterdam","Amsterdam","4.9167","52.35","","","",""
"Antwerpen","Antwerpen","Antwerpen","4.4015","51.2139","1557","","",""
"Antwerpen","Antwerpen","Antwerpen","4.4015","51.2139","1570","","",""
"Antwerpen","Antwerpen","Antwerpen","4.4015","51.2139","1601","","",""
"Antwerpen","Antwerpen","Antwerpen","4.4015","51.2139","1608","","",""
"Antwerpen","Antwerpen","Antwerpen","4.4015","51.2139","1613","","",""
"Antwerpen","Antwerpen","Antwerpen","4.4015","51.2139","1620","","",""
"Antwerpen","Antwerpen","Antwerpen","4.4015","51.2139","1648","","",""
"Antwerpen","Antwerpen","Antwerpen","4.4015","51.2139","1648","","",""
"Antwerpen","Antwerpen","Antwerpen","4.4015","51.2139","1648","","",""
"Antwerpen","Antwerpen","Antwerpen","4.4015","51.2139","1651","","",""
"Antwerpen","Antwerpen","Antwerpen","4.4015","51.2139","1662","","",""
"Antwerpen","Antwerpen","Antwerpen","4.4015","51.2139","1700","","",""
"Arnheim","Arnheim","Arnheim","5.916667","51.983333","1607","","",""
"Arnheim","Arnheim","Arnheim","5.916667","51.983333","1614","","",""
"Arnheim","Arnheim","Arnheim","5.916667","51.983333","1614","","",""
"Arnheim","Arnheim","Arnheim","5.916667","51.983333","1620","","",""
"Arnheim","Arnheim","Arnheim","5.916667","51.983333","1662","","",""
"Arnheim","Arnheim","Arnheim","5.916667","51.983333","1666","","",""
"Arnstadt","Arnstadt","Arnstadt","10.95","50.8333","1697","","",""
"Augsburg","Augsburg","Augsburg","10.8833","48.3667","1530","","",""
"Augsburg","Augsburg","Augsburg","10.8833","48.3667","1596","","",""
"Augsburg","Augsburg","Augsburg","10.8833","48.3667","1600","","",""
"Augsburg","Augsburg","Augsburg","10.8833","48.3667","1621","","",""
"Augsburg","Augsburg","Augsburg","10.8833","48.3667","1623","","",""
"Augsburg","Augsburg","Augsburg","10.8833","48.3667","1648","","",""
"Augsburg","Augsburg","Augsburg","10.8833","48.3667","1671","","",""
"Augsburg","Augsburg","Augsburg","10.8833","48.3667","1678","","",""
"Augsburg","Augsburg","Augsburg","10.8833","48.3667","1690","","",""
"Augsburg","Augsburg","Augsburg","10.8833","48.3667","1694","","",""
"Augsburg","Augsburg","Augsburg","10.8833","48.3667","1694","","",""
"Augsburg","Augsburg","Augsburg","10.8833","48.3667","1695","","",""
"Augsburg","Augsburg","Augsburg","10.8833","48.3667","1699","","",""
"Augsburg","Augsburg","Augsburg","10.8833","48.3667","1700","","",""
"Augsburg","Augsburg","Augsburg","10.8833","48.3667","1705","","",""
"Augsburg","Augsburg","Augsburg","10.8833","48.3667","1705","","",""
"Augsburg","Augsburg","Augsburg","10.8833","48.3667","1705","","",""
"Augsburg","Augsburg","Augsburg","10.8833","48.3667","1705","","",""
"Augsburg","Augsburg","Augsburg","10.8833","48.3667","1705","","",""
"Augsburg","Augsburg","Augsburg","10.8833","48.3667","1708","","",""
"Augsburg","Augsburg","Augsburg","10.8833","48.3667","1710","","",""
"Augsburg","Augsburg","Augsburg","10.8833","48.3667","1710","","",""
"Augsburg","Augsburg","Augsburg","10.8833","48.3667","1716","","",""
"Augsburg","Augsburg","Augsburg","10.8833","48.3667","1720","","",""
"Augsburg","Augsburg","Augsburg","10.8833","48.3667","1720","","",""
"Augsburg","Augsburg","Augsburg","10.8833","48.3667","1722","","",""
"Augsburg","Augsburg","Augsburg","10.8833","48.3667","1726","","",""
"Augsburg","Augsburg","Augsburg","10.8833","48.3667","1727","","",""
"Augsburg","Augsburg","Augsburg","10.8833","48.3667","1729","","",""
"Augsburg","Augsburg","Augsburg","10.8833","48.3667","1730","","",""
"Augsburg","Augsburg","Augsburg","10.8833","48.3667","1730","","",""
"Augsburg","Augsburg","Augsburg","10.8833","48.3667","1731","","",""
"Augsburg","Augsburg","Augsburg","10.8833","48.3667","1733","","",""
"Augsburg","Augsburg","Augsburg","10.8833","48.3667","1734","","",""
"Augsburg","Augsburg","Augsburg","10.8833","48.3667","1735","","",""
"Augsburg","Augsburg","Augsburg","10.8833","48.3667","1736","","",""
"Augsburg","Augsburg","Augsburg","10.8833","48.3667","1736","","",""
"Augsburg","Augsburg","Augsburg","10.8833","48.3667","1737","","",""
"Augsburg","Augsburg","Augsburg","10.8833","48.3667","1737","","",""
"Augsburg","Augsburg","Augsburg","10.8833","48.3667","1737","","",""
"Augsburg","Augsburg","Augsburg","10.8833","48.3667","1738","","",""
"Augsburg","Augsburg","Augsburg","10.8833","48.3667","1740","","",""
"Augsburg","Augsburg","Augsburg","10.8833","48.3667","1741","","",""
"Augsburg","Augsburg","Augsburg","10.8833","48.3667","1750","","",""
"Basel","Basel","Basel","7.6","47.55","1572","","",""
"Basel","Basel","Basel","7.6","47.55","1577","","",""
"Basel","Basel","Basel","7.6","47.55","1590","","",""
"Basel","Basel","Basel","7.6","47.55","1695","","",""
"Basel","Basel","Basel","7.6","47.55","1741","","",""
"Basel","Basel","Basel","7.6","47.55","1741","","",""
"Basel","Basel","Basel","7.6","47.55","1741","","",""
"Basel","Basel","Basel","7.6","47.55","1741","","",""
"Basel","Basel","Basel","7.6","47.55","1752","","",""
"Bautzen","Bautzen","Bautzen","14.4333","51.1833","1715","","",""
"Berlin","Berlin","Berlin","13.4","52.516667","1671","","",""
"Berlin","Berlin","Berlin","13.4","52.516667","1707","","",""
"Berlin","Berlin","Berlin","13.4","52.516667","1712","","",""
"Berlin","Berlin","Berlin","13.4","52.516667","1715","","",""
"Berlin","Berlin","Berlin","13.4","52.516667","1719","","",""
"Berlin","Berlin","Berlin","13.4","52.516667","1724","","",""
"Berlin","Berlin","Berlin","13.4","52.516667","1733","","",""
"Berlin","Berlin","Berlin","13.4","52.516667","1742","","",""
"Berlin","Berlin","Berlin","13.4","52.516667","1760","","",""
"Berlin","Berlin","Berlin","13.4","52.516667","1767","","",""
"Berlin","Berlin","Berlin","13.4","52.516667","1767","","",""
"Berlin","Berlin","Berlin","13.4","52.516667","1767","","",""
"Bern","Bern","Bern","7.4333","46.95","1669","","",""
"Braunschweig","Braunschweig","Braunschweig","10.5333","52.2667","1667","","",""
"Braunschweig","Braunschweig","Braunschweig","10.5333","52.2667","1710","","",""
"Braunschweig","Braunschweig","Braunschweig","10.5333","52.2667","1712","","",""
"Braunschweig","Braunschweig","Braunschweig","10.5333","52.2667","1712","","",""
"Braunschweig","Braunschweig","Braunschweig","10.5333","52.2667","1712","","",""
"Braunschweig","Braunschweig","Braunschweig","10.5333","52.2667","1712","","",""
"Braunschweig","Braunschweig","Braunschweig","10.5333","52.2667","1712","","",""
"Braunschweig","Braunschweig","Braunschweig","10.5333","52.2667","1712","","",""
"Braunschweig","Braunschweig","Braunschweig","10.5333","52.2667","1713","","",""
"Braunschweig","Braunschweig","Braunschweig","10.5333","52.2667","1713","","",""
"Braunschweig","Braunschweig","Braunschweig","10.5333","52.2667","1718","","",""
"Braunschweig","Braunschweig","Braunschweig","10.5333","52.2667","1720","","",""
"Braunschweig","Braunschweig","Braunschweig","10.5333","52.2667","1727","","",""
"Braunschweig","Braunschweig","Braunschweig","10.5333","52.2667","1728","","",""
"Braunschweig","Braunschweig","Braunschweig","10.5333","52.2667","1731","","",""
"Braunschweig","Braunschweig","Braunschweig","10.5333","52.2667","1731","","",""
"Braunschweig","Braunschweig","Braunschweig","10.5333","52.2667","1732","","",""
"Braunschweig","Braunschweig","Braunschweig","10.5333","52.2667","1741","","",""
"Braunschweig","Braunschweig","Braunschweig","10.5333","52.2667","1745","","",""
"Bremen","Bremen","Bremen","8.7975","53.115278","1741","","",""
"Bremen","Bremen","Bremen","8.7975","53.115278","1742","","",""
"Bremen","Bremen","Bremen","8.7975","53.115278","1742","","",""
"Bremen","Bremen","Bremen","8.7975","53.115278","1742","","",""
"Bremen","Bremen","Bremen","8.7975","53.115278","1743","","",""
"Breslau","Breslau","Breslau","17","51.1","1735","","",""
"Breslau","Breslau","Breslau","17","51.1","1744","","",""
"Brieg","Brieg","Brieg","17.4674","50.86079","1676","","",""
"Brüssel","Brüssel","Brüssel","4.3333","50.8333","1604","","",""
"Brüssel","Brüssel","Brüssel","4.3333","50.8333","1604","","",""
"Brüssel","Brüssel","Brüssel","4.3333","50.8333","1608","","",""
"Brüssel","Brüssel","Brüssel","4.3333","50.8333","1608","","",""
"Brüssel","Brüssel","Brüssel","4.3333","50.8333","1608","","",""
"Brüssel","Brüssel","Brüssel","4.3333","50.8333","1616","","",""
"Brüssel","Brüssel","Brüssel","4.3333","50.8333","1617","","",""
"Brüssel","Brüssel","Brüssel","4.3333","50.8333","1617","","",""
"Brüssel","Brüssel","Brüssel","4.3333","50.8333","1618","","",""
"Brüssel","Brüssel","Brüssel","4.3333","50.8333","1625","","",""
"Brüssel","Brüssel","Brüssel","4.3333","50.8333","1626","","",""
"Brüssel","Brüssel","Brüssel","4.3333","50.8333","1628","","",""
"Brüssel","Brüssel","Brüssel","4.3333","50.8333","1634","","",""
"Brüssel","Brüssel","Brüssel","4.3333","50.8333","1654","","",""
"Brüssel","Brüssel","Brüssel","4.3333","50.8333","1666","","",""
"Brüssel","Brüssel","Brüssel","4.3333","50.8333","1696","","",""
"Brüssel","Brüssel","Brüssel","4.3333","50.8333","1711","","",""
"Brüssel","Brüssel","Brüssel","4.3333","50.8333","1711","","",""
"Brüssel","Brüssel","Brüssel","4.3333","50.8333","1711","","",""
"Brüssel","Brüssel","Brüssel","4.3333","50.8333","1713","","",""
"Brüssel","Brüssel","Brüssel","4.3333","50.8333","1724","","",""
"Chemnitz","Chemnitz","Chemnitz","12.783333","50.983333","1719","","",""
"Chemnitz","Chemnitz","Chemnitz","12.783333","50.983333","1721","","",""
"Chemnitz","Chemnitz","Chemnitz","12.783333","50.983333","1721","","",""
"Chemnitz","Chemnitz","Chemnitz","12.783333","50.983333","1724","","",""
"Coburg","Coburg","Coburg","10.967222","50.2675","1710","","",""
"Cölln (i.e. Dresden)","Cölln (i.e. Dresden)","Cölln (i.e. Dresden)","13.75","51.05","1724","","",""
"Danzig","Danzig","Danzig","18.6833","54.3667","1745","","",""
"Delft","Delft","Delft","4.3667","52","1698","","",""
"Den Haag","Den Haag","Den Haag","4.3","52.0833","1654","","",""
"Den Haag","Den Haag","Den Haag","4.3","52.0833","1662","","",""
"Den Haag","Den Haag","Den Haag","4.3","52.0833","1663","","",""
"Den Haag","Den Haag","Den Haag","4.3","52.0833","1668","","",""
"Den Haag","Den Haag","Den Haag","4.3","52.0833","1668","","",""
"Den Haag","Den Haag","Den Haag","4.3","52.0833","1669","","",""
"Den Haag","Den Haag","Den Haag","4.3","52.0833","1669","","",""
"Den Haag","Den Haag","Den Haag","4.3","52.0833","1685","","",""
"Den Haag","Den Haag","Den Haag","4.3","52.0833","1686","","",""
"Den Haag","Den Haag","Den Haag","4.3","52.0833","1686","","",""
"Den Haag","Den Haag","Den Haag","4.3","52.0833","1686","","",""
"Den Haag","Den Haag","Den Haag","4.3","52.0833","1686","","",""
"Den Haag","Den Haag","Den Haag","4.3","52.0833","1686","","",""
"Den Haag","Den Haag","Den Haag","4.3","52.0833","1686","","",""
"Den Haag","Den Haag","Den Haag","4.3","52.0833","1687","","",""
"Den Haag","Den Haag","Den Haag","4.3","52.0833","1692","","",""
"Den Haag","Den Haag","Den Haag","4.3","52.0833","1696","","",""
"Den Haag","Den Haag","Den Haag","4.3","52.0833","1696","","",""
"Den Haag","Den Haag","Den Haag","4.3","52.0833","1699","","",""
"Den Haag","Den Haag","Den Haag","4.3","52.0833","1703","","",""
"Den Haag","Den Haag","Den Haag","4.3","52.0833","1703","","",""
"Den Haag","Den Haag","Den Haag","4.3","52.0833","1708","","",""
"Den Haag","Den Haag","Den Haag","4.3","52.0833","1720","","",""
"Den Haag","Den Haag","Den Haag","4.3","52.0833","1720","","",""
"Den Haag","Den Haag","Den Haag","4.3","52.0833","1720","","",""
"Den Haag","Den Haag","Den Haag","4.3","52.0833","1720","","",""
"Den Haag","Den Haag","Den Haag","4.3","52.0833","1720","","",""
"Den Haag","Den Haag","Den Haag","4.3","52.0833","1721","","",""
"Den Haag","Den Haag","Den Haag","4.3","52.0833","1721","","",""
"Den Haag","Den Haag","Den Haag","4.3","52.0833","1721","","",""
"Den Haag","Den Haag","Den Haag","4.3","52.0833","1721","","",""
"Den Haag","Den Haag","Den Haag","4.3","52.0833","1721","","",""
"Den Haag","Den Haag","Den Haag","4.3","52.0833","1721","","",""
"Den Haag","Den Haag","Den Haag","4.3","52.0833","1722","","",""
"Den Haag","Den Haag","Den Haag","4.3","52.0833","1722","","",""
"Den Haag","Den Haag","Den Haag","4.3","52.0833","1722","","",""
"Den Haag","Den Haag","Den Haag","4.3","52.0833","1723","","",""
"Den Haag","Den Haag","Den Haag","4.3","52.0833","1723","","",""
"Den Haag","Den Haag","Den Haag","4.3","52.0833","1727","","",""
"Den Haag","Den Haag","Den Haag","4.3","52.0833","1727","","",""
"Den Haag","Den Haag","Den Haag","4.3","52.0833","1727","","",""
"Den Haag","Den Haag","Den Haag","4.3","52.0833","1727","","",""
"Den Haag","Den Haag","Den Haag","4.3","52.0833","1729","","",""
"Den Haag","Den Haag","Den Haag","4.3","52.0833","1729","","",""
"Den Haag","Den Haag","Den Haag","4.3","52.0833","1738","","",""
"Den Haag","Den Haag","Den Haag","4.3","52.0833","1739","","",""
"Den Haag","Den Haag","Den Haag","4.3","52.0833","1739","","",""
"Den Haag","Den Haag","Den Haag","4.3","52.0833","1743","","",""
"Den Haag","Den Haag","Den Haag","4.3","52.0833","1746","","",""
"Den Haag","Den Haag","Den Haag","4.3","52.0833","1757","","",""
"Dordrecht","Dordrecht","Dordrecht","4.6667","51.8","1601","","",""
"Dresden","Dresden","Dresden","13.75","51.05","1589","","",""
"Dresden","Dresden","Dresden","13.75","51.05","1676","","",""
"Dresden","Dresden","Dresden","13.75","51.05","1708","","",""
"Dresden","Dresden","Dresden","13.75","51.05","1723","","",""
"Dresden","Dresden","Dresden","13.75","51.05","1755","","",""
"Duderstadt","Duderstadt","Duderstadt","10.266667","51.516667","1730","","",""
"Eisenach","Eisenach","Eisenach","6.516667","49.85","1749","","",""
"Ellrich","Ellrich","Ellrich","10.65","51.583333","1736","","",""
"Erfurt","Erfurt","Erfurt","11.0425","50.982778","1706","","",""
"Erfurt","Erfurt","Erfurt","11.0425","50.982778","1714","","",""
"Erfurt","Erfurt","Erfurt","11.0425","50.982778","1723","","",""
"Erfurt","Erfurt","Erfurt","11.0425","50.982778","1746","","",""
"Erfurt","Erfurt","Erfurt","11.0425","50.982778","1747","","",""
"Erlangen","Erlangen","Erlangen","11.0039","49.5897","1754","","",""
"Erlangen","Erlangen","Erlangen","11.0039","49.5897","1754","","",""
"Erlangen","Erlangen","Erlangen","11.0039","49.5897","1755","","",""
"Essen","Essen","Essen","6.95","51.45","1702","","",""
"Florenz","Florenz","Florenz","11.25","43.766667","1702","","",""
"Frankfurt am Main","Frankfurt am Main","Frankfurt am Main","8.6833","50.1167","1592","","",""
"Frankfurt am Main","Frankfurt am Main","Frankfurt am Main","8.6833","50.1167","1602","","",""
"Frankfurt am Main","Frankfurt am Main","Frankfurt am Main","8.6833","50.1167","1612","","",""
"Frankfurt am Main","Frankfurt am Main","Frankfurt am Main","8.6833","50.1167","1613","","",""
"Frankfurt am Main","Frankfurt am Main","Frankfurt am Main","8.6833","50.1167","1617","","",""
"Frankfurt am Main","Frankfurt am Main","Frankfurt am Main","8.6833","50.1167","1624","","",""
"Frankfurt am Main","Frankfurt am Main","Frankfurt am Main","8.6833","50.1167","1624","","",""
"Frankfurt am Main","Frankfurt am Main","Frankfurt am Main","8.6833","50.1167","1626","","",""
"Frankfurt am Main","Frankfurt am Main","Frankfurt am Main","8.6833","50.1167","1627","","",""
"Frankfurt am Main","Frankfurt am Main","Frankfurt am Main","8.6833","50.1167","1628","","",""
"Frankfurt am Main","Frankfurt am Main","Frankfurt am Main","8.6833","50.1167","1629","","",""
"Frankfurt am Main","Frankfurt am Main","Frankfurt am Main","8.6833","50.1167","1631","","",""
"Frankfurt am Main","Frankfurt am Main","Frankfurt am Main","8.6833","50.1167","1641","","",""
"Frankfurt am Main","Frankfurt am Main","Frankfurt am Main","8.6833","50.1167","1642","","",""
"Frankfurt am Main","Frankfurt am Main","Frankfurt am Main","8.6833","50.1167","1643","","",""
"Frankfurt am Main","Frankfurt am Main","Frankfurt am Main","8.6833","50.1167","1644","","",""
"Frankfurt am Main","Frankfurt am Main","Frankfurt am Main","8.6833","50.1167","1644","","",""
"Frankfurt am Main","Frankfurt am Main","Frankfurt am Main","8.6833","50.1167","1645","","",""
"Frankfurt am Main","Frankfurt am Main","Frankfurt am Main","8.6833","50.1167","1646","","",""
"Frankfurt am Main","Frankfurt am Main","Frankfurt am Main","8.6833","50.1167","1646","","",""
"Frankfurt am Main","Frankfurt am Main","Frankfurt am Main","8.6833","50.1167","1647","","",""
"Frankfurt am Main","Frankfurt am Main","Frankfurt am Main","8.6833","50.1167","1647","","",""
"Frankfurt am Main","Frankfurt am Main","Frankfurt am Main","8.6833","50.1167","1649","","",""
"Frankfurt am Main","Frankfurt am Main","Frankfurt am Main","8.6833","50.1167","1650","","",""
"Frankfurt am Main","Frankfurt am Main","Frankfurt am Main","8.6833","50.1167","1650","","",""
"Frankfurt am Main","Frankfurt am Main","Frankfurt am Main","8.6833","50.1167","1650","","",""
"Frankfurt am Main","Frankfurt am Main","Frankfurt am Main","8.6833","50.1167","1652","","",""
"Frankfurt am Main","Frankfurt am Main","Frankfurt am Main","8.6833","50.1167","1652","","",""
"Frankfurt am Main","Frankfurt am Main","Frankfurt am Main","8.6833","50.1167","1654","","",""
"Frankfurt am Main","Frankfurt am Main","Frankfurt am Main","8.6833","50.1167","1655","","",""
"Frankfurt am Main","Frankfurt am Main","Frankfurt am Main","8.6833","50.1167","1655","","",""
"Frankfurt am Main","Frankfurt am Main","Frankfurt am Main","8.6833","50.1167","1655","","",""
"Frankfurt am Main","Frankfurt am Main","Frankfurt am Main","8.6833","50.1167","1656","","",""
"Frankfurt am Main","Frankfurt am Main","Frankfurt am Main","8.6833","50.1167","1656","","",""
"Frankfurt am Main","Frankfurt am Main","Frankfurt am Main","8.6833","50.1167","1656","","",""
"Frankfurt am Main","Frankfurt am Main","Frankfurt am Main","8.6833","50.1167","1656","","",""
"Frankfurt am Main","Frankfurt am Main","Frankfurt am Main","8.6833","50.1167","1659","","",""
"Frankfurt am Main","Frankfurt am Main","Frankfurt am Main","8.6833","50.1167","1659","","",""
"Frankfurt am Main","Frankfurt am Main","Frankfurt am Main","8.6833","50.1167","1661","","",""
"Frankfurt am Main","Frankfurt am Main","Frankfurt am Main","8.6833","50.1167","1663","","",""
"Frankfurt am Main","Frankfurt am Main","Frankfurt am Main","8.6833","50.1167","1669","","",""
"Frankfurt am Main","Frankfurt am Main","Frankfurt am Main","8.6833","50.1167","1669","","",""
"Frankfurt am Main","Frankfurt am Main","Frankfurt am Main","8.6833","50.1167","1669","","",""
"Frankfurt am Main","Frankfurt am Main","Frankfurt am Main","8.6833","50.1167","1670","","",""
"Frankfurt am Main","Frankfurt am Main","Frankfurt am Main","8.6833","50.1167","1671","","",""
"Frankfurt am Main","Frankfurt am Main","Frankfurt am Main","8.6833","50.1167","1674","","",""
"Frankfurt am Main","Frankfurt am Main","Frankfurt am Main","8.6833","50.1167","1674","","",""
"Frankfurt am Main","Frankfurt am Main","Frankfurt am Main","8.6833","50.1167","1678","","",""
"Frankfurt am Main","Frankfurt am Main","Frankfurt am Main","8.6833","50.1167","1680","","",""
"Frankfurt am Main","Frankfurt am Main","Frankfurt am Main","8.6833","50.1167","1680","","",""
"Frankfurt am Main","Frankfurt am Main","Frankfurt am Main","8.6833","50.1167","1682","","",""
"Frankfurt am Main","Frankfurt am Main","Frankfurt am Main","8.6833","50.1167","1683","","",""
"Frankfurt am Main","Frankfurt am Main","Frankfurt am Main","8.6833","50.1167","1683","","",""
"Frankfurt am Main","Frankfurt am Main","Frankfurt am Main","8.6833","50.1167","1684","","",""
"Frankfurt am Main","Frankfurt am Main","Frankfurt am Main","8.6833","50.1167","1684","","",""
"Frankfurt am Main","Frankfurt am Main","Frankfurt am Main","8.6833","50.1167","1687","","",""
"Frankfurt am Main","Frankfurt am Main","Frankfurt am Main","8.6833","50.1167","1688","","",""
"Frankfurt am Main","Frankfurt am Main","Frankfurt am Main","8.6833","50.1167","1688","","",""
"Frankfurt am Main","Frankfurt am Main","Frankfurt am Main","8.6833","50.1167","1690","","",""
"Frankfurt am Main","Frankfurt am Main","Frankfurt am Main","8.6833","50.1167","1691","","",""
"Frankfurt am Main","Frankfurt am Main","Frankfurt am Main","8.6833","50.1167","1692","","",""
"Frankfurt am Main","Frankfurt am Main","Frankfurt am Main","8.6833","50.1167","1693","","",""
"Frankfurt am Main","Frankfurt am Main","Frankfurt am Main","8.6833","50.1167","1693","","",""
"Frankfurt am Main","Frankfurt am Main","Frankfurt am Main","8.6833","50.1167","1696","","",""
"Frankfurt am Main","Frankfurt am Main","Frankfurt am Main","8.6833","50.1167","1696","","",""
"Frankfurt am Main","Frankfurt am Main","Frankfurt am Main","8.6833","50.1167","1697","","",""
"Frankfurt am Main","Frankfurt am Main","Frankfurt am Main","8.6833","50.1167","1700","","",""
"Frankfurt am Main","Frankfurt am Main","Frankfurt am Main","8.6833","50.1167","1701","","",""
"Frankfurt am Main","Frankfurt am Main","Frankfurt am Main","8.6833","50.1167","1702","","",""
"Frankfurt am Main","Frankfurt am Main","Frankfurt am Main","8.6833","50.1167","1702","","",""
"Frankfurt am Main","Frankfurt am Main","Frankfurt am Main","8.6833","50.1167","1704","","",""
"Frankfurt am Main","Frankfurt am Main","Frankfurt am Main","8.6833","50.1167","1707","","",""
"Frankfurt am Main","Frankfurt am Main","Frankfurt am Main","8.6833","50.1167","1708","","",""
"Frankfurt am Main","Frankfurt am Main","Frankfurt am Main","8.6833","50.1167","1708","","",""
"Frankfurt am Main","Frankfurt am Main","Frankfurt am Main","8.6833","50.1167","1711","","",""
"Frankfurt am Main","Frankfurt am Main","Frankfurt am Main","8.6833","50.1167","1713","","",""
"Frankfurt am Main","Frankfurt am Main","Frankfurt am Main","8.6833","50.1167","1713","","",""
"Frankfurt am Main","Frankfurt am Main","Frankfurt am Main","8.6833","50.1167","1714","","",""
"Frankfurt am Main","Frankfurt am Main","Frankfurt am Main","8.6833","50.1167","1716","","",""
"Frankfurt am Main","Frankfurt am Main","Frankfurt am Main","8.6833","50.1167","1716","","",""
"Frankfurt am Main","Frankfurt am Main","Frankfurt am Main","8.6833","50.1167","1716","","",""
"Frankfurt am Main","Frankfurt am Main","Frankfurt am Main","8.6833","50.1167","1718","","",""
"Frankfurt am Main","Frankfurt am Main","Frankfurt am Main","8.6833","50.1167","1719","","",""
"Frankfurt am Main","Frankfurt am Main","Frankfurt am Main","8.6833","50.1167","1719","","",""
"Frankfurt am Main","Frankfurt am Main","Frankfurt am Main","8.6833","50.1167","1720","","",""
"Frankfurt am Main","Frankfurt am Main","Frankfurt am Main","8.6833","50.1167","1720","","",""
"Frankfurt am Main","Frankfurt am Main","Frankfurt am Main","8.6833","50.1167","1720","","",""
"Frankfurt am Main","Frankfurt am Main","Frankfurt am Main","8.6833","50.1167","1721","","",""
"Frankfurt am Main","Frankfurt am Main","Frankfurt am Main","8.6833","50.1167","1723","","",""
"Frankfurt am Main","Frankfurt am Main","Frankfurt am Main","8.6833","50.1167","1723","","",""
"Frankfurt am Main","Frankfurt am Main","Frankfurt am Main","8.6833","50.1167","1724","","",""
"Frankfurt am Main","Frankfurt am Main","Frankfurt am Main","8.6833","50.1167","1726","","",""
"Frankfurt am Main","Frankfurt am Main","Frankfurt am Main","8.6833","50.1167","1729","","",""
"Frankfurt am Main","Frankfurt am Main","Frankfurt am Main","8.6833","50.1167","1729","","",""
"Frankfurt am Main","Frankfurt am Main","Frankfurt am Main","8.6833","50.1167","1733","","",""
"Frankfurt am Main","Frankfurt am Main","Frankfurt am Main","8.6833","50.1167","1735","","",""
"Frankfurt am Main","Frankfurt am Main","Frankfurt am Main","8.6833","50.1167","1735","","",""
"Frankfurt am Main","Frankfurt am Main","Frankfurt am Main","8.6833","50.1167","1737","","",""
"Frankfurt am Main","Frankfurt am Main","Frankfurt am Main","8.6833","50.1167","1737","","",""
"Frankfurt am Main","Frankfurt am Main","Frankfurt am Main","8.6833","50.1167","1738","","",""
"Frankfurt am Main","Frankfurt am Main","Frankfurt am Main","8.6833","50.1167","1738","","",""
"Frankfurt am Main","Frankfurt am Main","Frankfurt am Main","8.6833","50.1167","1738","","",""
"Frankfurt am Main","Frankfurt am Main","Frankfurt am Main","8.6833","50.1167","1739","","",""
"Frankfurt am Main","Frankfurt am Main","Frankfurt am Main","8.6833","50.1167","1740","","",""
"Frankfurt am Main","Frankfurt am Main","Frankfurt am Main","8.6833","50.1167","1741","","",""
"Frankfurt am Main","Frankfurt am Main","Frankfurt am Main","8.6833","50.1167","1742","","",""
"Frankfurt am Main","Frankfurt am Main","Frankfurt am Main","8.6833","50.1167","1742","","",""
"Frankfurt am Main","Frankfurt am Main","Frankfurt am Main","8.6833","50.1167","1742","","",""
"Frankfurt am Main","Frankfurt am Main","Frankfurt am Main","8.6833","50.1167","1742","","",""
"Frankfurt am Main","Frankfurt am Main","Frankfurt am Main","8.6833","50.1167","1742","","",""
"Frankfurt am Main","Frankfurt am Main","Frankfurt am Main","8.6833","50.1167","1742","","",""
"Frankfurt am Main","Frankfurt am Main","Frankfurt am Main","8.6833","50.1167","1743","","",""
"Frankfurt am Main","Frankfurt am Main","Frankfurt am Main","8.6833","50.1167","1744","","",""
"Frankfurt am Main","Frankfurt am Main","Frankfurt am Main","8.6833","50.1167","1745","","",""
"Frankfurt am Main","Frankfurt am Main","Frankfurt am Main","8.6833","50.1167","1745","","",""
"Frankfurt am Main","Frankfurt am Main","Frankfurt am Main","8.6833","50.1167","1745","","",""
"Frankfurt am Main","Frankfurt am Main","Frankfurt am Main","8.6833","50.1167","1745","","",""
"Frankfurt am Main","Frankfurt am Main","Frankfurt am Main","8.6833","50.1167","1746","","",""
"Frankfurt am Main","Frankfurt am Main","Frankfurt am Main","8.6833","50.1167","1746","","",""
"Frankfurt am Main","Frankfurt am Main","Frankfurt am Main","8.6833","50.1167","1746","","",""
"Frankfurt am Main","Frankfurt am Main","Frankfurt am Main","8.6833","50.1167","1746","","",""
"Frankfurt am Main","Frankfurt am Main","Frankfurt am Main","8.6833","50.1167","1746","","",""
"Frankfurt am Main","Frankfurt am Main","Frankfurt am Main","8.6833","50.1167","1747","","",""
"Frankfurt am Main","Frankfurt am Main","Frankfurt am Main","8.6833","50.1167","1747","","",""
"Frankfurt am Main","Frankfurt am Main","Frankfurt am Main","8.6833","50.1167","1747","","",""
"Frankfurt am Main","Frankfurt am Main","Frankfurt am Main","8.6833","50.1167","1747","","",""
"Frankfurt am Main","Frankfurt am Main","Frankfurt am Main","8.6833","50.1167","1747","","",""
"Frankfurt am Main","Frankfurt am Main","Frankfurt am Main","8.6833","50.1167","1747","","",""
"Frankfurt am Main","Frankfurt am Main","Frankfurt am Main","8.6833","50.1167","1747","","",""
"Frankfurt am Main","Frankfurt am Main","Frankfurt am Main","8.6833","50.1167","1748","","",""
"Frankfurt am Main","Frankfurt am Main","Frankfurt am Main","8.6833","50.1167","1748","","",""
"Frankfurt am Main","Frankfurt am Main","Frankfurt am Main","8.6833","50.1167","1751","","",""
"Frankfurt am Main","Frankfurt am Main","Frankfurt am Main","8.6833","50.1167","1753","","",""
"Frankfurt am Main","Frankfurt am Main","Frankfurt am Main","8.6833","50.1167","1753","","",""
"Frankfurt am Main","Frankfurt am Main","Frankfurt am Main","8.6833","50.1167","1759","","",""
"Frankfurt am Main","Frankfurt am Main","Frankfurt am Main","8.6833","50.1167","1759","","",""
"Frankfurt am Main","Frankfurt am Main","Frankfurt am Main","8.6833","50.1167","1759","","",""
"Frankfurt an der Oder","Frankfurt an der Oder","Frankfurt an der Oder","14.55","52.35","1586","","",""
"Frankfurt an der Oder","Frankfurt an der Oder","Frankfurt an der Oder","14.55","52.35","1586","","",""
"Frankfurt an der Oder","Frankfurt an der Oder","Frankfurt an der Oder","14.55","52.35","1685","","",""
"Frankfurt an der Oder","Frankfurt an der Oder","Frankfurt an der Oder","14.55","52.35","1726","","",""
"Genf","Genf","Genf","6.15","46.2167","1585","","",""
"Genf","Genf","Genf","6.15","46.2167","1623","","",""
"Genf","Genf","Genf","6.15","46.2167","1629","","",""
"Genf","Genf","Genf","6.15","46.2167","1653","","",""
"Genf","Genf","Genf","6.15","46.2167","1660","","",""
"Genf","Genf","Genf","6.15","46.2167","1674","","",""
"Genf","Genf","Genf","6.15","46.2167","1687","","",""
"Genf","Genf","Genf","6.15","46.2167","1716","","",""
"Genf","Genf","Genf","6.15","46.2167","1716","","",""
"Genf","Genf","Genf","6.15","46.2167","1756","","",""
"Genf","Genf","Genf","6.15","46.2167","1759","","",""
"Genf","Genf","Genf","6.15","46.2167","1763","","",""
"Gießen","Gießen","Gießen","8.65","50.5833","1673","","",""
"Gießen","Gießen","Gießen","8.65","50.5833","1673","","",""
"Gießen","Gießen","Gießen","8.65","50.5833","1673","","",""
"Gießen","Gießen","Gießen","8.65","50.5833","1673","","",""
"Gießen","Gießen","Gießen","8.65","50.5833","1725","","",""
"Gotha","Gotha","Gotha","10.7167","50.95","1678","","",""
"Gotha","Gotha","Gotha","10.7167","50.95","1679","","",""
"Gotha","Gotha","Gotha","10.7167","50.95","1713","","",""
"Gotha","Gotha","Gotha","10.7167","50.95","1714","","",""
"Gotha","Gotha","Gotha","10.7167","50.95","1720","","",""
"Gotha","Gotha","Gotha","10.7167","50.95","1720","","",""
"Gotha","Gotha","Gotha","10.7167","50.95","1722","","",""
"Gotha","Gotha","Gotha","10.7167","50.95","1722","","",""
"Gotha","Gotha","Gotha","10.7167","50.95","1726","","",""
"Gotha","Gotha","Gotha","10.7167","50.95","1732","","",""
"Gotha","Gotha","Gotha","10.7167","50.95","1744","","",""
"Gouda","Gouda","Gouda","4.7","52.0167","1649","","",""
"Göttingen","Göttingen","Göttingen","9.9333","51.5333","1740","","",""
"Göttingen","Göttingen","Göttingen","9.9333","51.5333","1741","","",""
"Göttingen","Göttingen","Göttingen","9.9333","51.5333","1742","","",""
"Göttingen","Göttingen","Göttingen","9.9333","51.5333","1744","","",""
"Göttingen","Göttingen","Göttingen","9.9333","51.5333","1745","","",""
"Göttingen","Göttingen","Göttingen","9.9333","51.5333","1745","","",""
"Göttingen","Göttingen","Göttingen","9.9333","51.5333","1746","","",""
"Göttingen","Göttingen","Göttingen","9.9333","51.5333","1746","","",""
"Göttingen","Göttingen","Göttingen","9.9333","51.5333","1746","","",""
"Göttingen","Göttingen","Göttingen","9.9333","51.5333","1746","","",""
"Göttingen","Göttingen","Göttingen","9.9333","51.5333","1747","","",""
"Göttingen","Göttingen","Göttingen","9.9333","51.5333","1748","","",""
"Göttingen","Göttingen","Göttingen","9.9333","51.5333","1749","","",""
"Halberstadt","Halberstadt","Halberstadt","11.05","51.9","1682","","",""
"Halberstadt","Halberstadt","Halberstadt","11.05","51.9","1701","","",""
"Halberstadt","Halberstadt","Halberstadt","11.05","51.9","1739","","",""
"Halle (Saale)","Halle (Saale)","Halle (Saale)","12","51.5","1674","","",""
"Halle (Saale)","Halle (Saale)","Halle (Saale)","12","51.5","1678","","",""
"Halle (Saale)","Halle (Saale)","Halle (Saale)","12","51.5","1702","","",""
"Halle (Saale)","Halle (Saale)","Halle (Saale)","12","51.5","1704","","",""
"Halle (Saale)","Halle (Saale)","Halle (Saale)","12","51.5","1705","","",""
"Halle (Saale)","Halle (Saale)","Halle (Saale)","12","51.5","1705","","",""
"Halle (Saale)","Halle (Saale)","Halle (Saale)","12","51.5","1706","","",""
"Halle (Saale)","Halle (Saale)","Halle (Saale)","12","51.5","1706","","",""
"Halle (Saale)","Halle (Saale)","Halle (Saale)","12","51.5","1708","","",""
"Halle (Saale)","Halle (Saale)","Halle (Saale)","12","51.5","1708","","",""
"Halle (Saale)","Halle (Saale)","Halle (Saale)","12","51.5","1710","","",""
"Halle (Saale)","Halle (Saale)","Halle (Saale)","12","51.5","1712","","",""
"Halle (Saale)","Halle (Saale)","Halle (Saale)","12","51.5","1714","","",""
"Halle (Saale)","Halle (Saale)","Halle (Saale)","12","51.5","1714","","",""
"Halle (Saale)","Halle (Saale)","Halle (Saale)","12","51.5","1715","","",""
"Halle (Saale)","Halle (Saale)","Halle (Saale)","12","51.5","1715","","",""
"Halle (Saale)","Halle (Saale)","Halle (Saale)","12","51.5","1715","","",""
"Halle (Saale)","Halle (Saale)","Halle (Saale)","12","51.5","1717","","",""
"Halle (Saale)","Halle (Saale)","Halle (Saale)","12","51.5","1717","","",""
"Halle (Saale)","Halle (Saale)","Halle (Saale)","12","51.5","1718","","",""
"Halle (Saale)","Halle (Saale)","Halle (Saale)","12","51.5","1719","","",""
"Halle (Saale)","Halle (Saale)","Halle (Saale)","12","51.5","1720","","",""
"Halle (Saale)","Halle (Saale)","Halle (Saale)","12","51.5","1720","","",""
"Halle (Saale)","Halle (Saale)","Halle (Saale)","12","51.5","1720","","",""
"Halle (Saale)","Halle (Saale)","Halle (Saale)","12","51.5","1727","","",""
"Halle (Saale)","Halle (Saale)","Halle (Saale)","12","51.5","1728","","",""
"Halle (Saale)","Halle (Saale)","Halle (Saale)","12","51.5","1728","","",""
"Halle (Saale)","Halle (Saale)","Halle (Saale)","12","51.5","1730","","",""
"Halle (Saale)","Halle (Saale)","Halle (Saale)","12","51.5","1730","","",""
"Halle (Saale)","Halle (Saale)","Halle (Saale)","12","51.5","1730","","",""
"Halle (Saale)","Halle (Saale)","Halle (Saale)","12","51.5","1733","","",""
"Halle (Saale)","Halle (Saale)","Halle (Saale)","12","51.5","1733","","",""
"Halle (Saale)","Halle (Saale)","Halle (Saale)","12","51.5","1734","","",""
"Halle (Saale)","Halle (Saale)","Halle (Saale)","12","51.5","1734","","",""
"Halle (Saale)","Halle (Saale)","Halle (Saale)","12","51.5","1734","","",""
"Halle (Saale)","Halle (Saale)","Halle (Saale)","12","51.5","1734","","",""
"Halle (Saale)","Halle (Saale)","Halle (Saale)","12","51.5","1734","","",""
"Halle (Saale)","Halle (Saale)","Halle (Saale)","12","51.5","1734","","",""
"Halle (Saale)","Halle (Saale)","Halle (Saale)","12","51.5","1735","","",""
"Halle (Saale)","Halle (Saale)","Halle (Saale)","12","51.5","1735","","",""
"Halle (Saale)","Halle (Saale)","Halle (Saale)","12","51.5","1735","","",""
"Halle (Saale)","Halle (Saale)","Halle (Saale)","12","51.5","1735","","",""
"Halle (Saale)","Halle (Saale)","Halle (Saale)","12","51.5","1735","","",""
"Halle (Saale)","Halle (Saale)","Halle (Saale)","12","51.5","1735","","",""
"Halle (Saale)","Halle (Saale)","Halle (Saale)","12","51.5","1736","","",""
"Halle (Saale)","Halle (Saale)","Halle (Saale)","12","51.5","1738","","",""
"Halle (Saale)","Halle (Saale)","Halle (Saale)","12","51.5","1738","","",""
"Halle (Saale)","Halle (Saale)","Halle (Saale)","12","51.5","1738","","",""
"Halle (Saale)","Halle (Saale)","Halle (Saale)","12","51.5","1738","","",""
"Halle (Saale)","Halle (Saale)","Halle (Saale)","12","51.5","1739","","",""
"Halle (Saale)","Halle (Saale)","Halle (Saale)","12","51.5","1740","","",""
"Halle (Saale)","Halle (Saale)","Halle (Saale)","12","51.5","1740","","",""
"Halle (Saale)","Halle (Saale)","Halle (Saale)","12","51.5","1740","","",""
"Halle (Saale)","Halle (Saale)","Halle (Saale)","12","51.5","1740","","",""
"Halle (Saale)","Halle (Saale)","Halle (Saale)","12","51.5","1741","","",""
"Halle (Saale)","Halle (Saale)","Halle (Saale)","12","51.5","1741","","",""
"Halle (Saale)","Halle (Saale)","Halle (Saale)","12","51.5","1742","","",""
"Halle (Saale)","Halle (Saale)","Halle (Saale)","12","51.5","1742","","",""
"Halle (Saale)","Halle (Saale)","Halle (Saale)","12","51.5","1743","","",""
"Halle (Saale)","Halle (Saale)","Halle (Saale)","12","51.5","1744","","",""
"Halle (Saale)","Halle (Saale)","Halle (Saale)","12","51.5","1744","","",""
"Halle (Saale)","Halle (Saale)","Halle (Saale)","12","51.5","1745","","",""
"Halle (Saale)","Halle (Saale)","Halle (Saale)","12","51.5","1745","","",""
"Halle (Saale)","Halle (Saale)","Halle (Saale)","12","51.5","1746","","",""
"Halle (Saale)","Halle (Saale)","Halle (Saale)","12","51.5","1746","","",""
"Halle (Saale)","Halle (Saale)","Halle (Saale)","12","51.5","1746","","",""
"Halle (Saale)","Halle (Saale)","Halle (Saale)","12","51.5","1747","","",""
"Halle (Saale)","Halle (Saale)","Halle (Saale)","12","51.5","1747","","",""
"Halle (Saale)","Halle (Saale)","Halle (Saale)","12","51.5","1747","","",""
"Halle (Saale)","Halle (Saale)","Halle (Saale)","12","51.5","1747","","",""
"Halle (Saale)","Halle (Saale)","Halle (Saale)","12","51.5","1748","","",""
"Halle (Saale)","Halle (Saale)","Halle (Saale)","12","51.5","1748","","",""
"Halle (Saale)","Halle (Saale)","Halle (Saale)","12","51.5","1748","","",""
"Halle (Saale)","Halle (Saale)","Halle (Saale)","12","51.5","1748","","",""
"Halle (Saale)","Halle (Saale)","Halle (Saale)","12","51.5","1748","","",""
"Halle (Saale)","Halle (Saale)","Halle (Saale)","12","51.5","1749","","",""
"Halle (Saale)","Halle (Saale)","Halle (Saale)","12","51.5","1749","","",""
"Halle (Saale)","Halle (Saale)","Halle (Saale)","12","51.5","1749","","",""
"Halle (Saale)","Halle (Saale)","Halle (Saale)","12","51.5","1749","","",""
"Halle (Saale)","Halle (Saale)","Halle (Saale)","12","51.5","1749","","",""
"Halle (Saale)","Halle (Saale)","Halle (Saale)","12","51.5","1750","","",""
"Halle (Saale)","Halle (Saale)","Halle (Saale)","12","51.5","1751","","",""
"Halle (Saale)","Halle (Saale)","Halle (Saale)","12","51.5","1751","","",""
"Halle (Saale)","Halle (Saale)","Halle (Saale)","12","51.5","1752","","",""
"Halle (Saale)","Halle (Saale)","Halle (Saale)","12","51.5","1752","","",""
"Halle (Saale)","Halle (Saale)","Halle (Saale)","12","51.5","1752","","",""
"Halle (Saale)","Halle (Saale)","Halle (Saale)","12","51.5","1752","","",""
"Halle (Saale)","Halle (Saale)","Halle (Saale)","12","51.5","1752","","",""
"Halle (Saale)","Halle (Saale)","Halle (Saale)","12","51.5","1752","","",""
"Halle (Saale)","Halle (Saale)","Halle (Saale)","12","51.5","1752","","",""
"Halle (Saale)","Halle (Saale)","Halle (Saale)","12","51.5","1752","","",""
"Halle (Saale)","Halle (Saale)","Halle (Saale)","12","51.5","1753","","",""
"Halle (Saale)","Halle (Saale)","Halle (Saale)","12","51.5","1753","","",""
"Halle (Saale)","Halle (Saale)","Halle (Saale)","12","51.5","1753","","",""
"Halle (Saale)","Halle (Saale)","Halle (Saale)","12","51.5","1753","","",""
"Halle (Saale)","Halle (Saale)","Halle (Saale)","12","51.5","1753","","",""
"Halle (Saale)","Halle (Saale)","Halle (Saale)","12","51.5","1754","","",""
"Halle (Saale)","Halle (Saale)","Halle (Saale)","12","51.5","1754","","",""
"Halle (Saale)","Halle (Saale)","Halle (Saale)","12","51.5","1754","","",""
"Halle (Saale)","Halle (Saale)","Halle (Saale)","12","51.5","1755","","",""
"Halle (Saale)","Halle (Saale)","Halle (Saale)","12","51.5","1755","","",""
"Halle (Saale)","Halle (Saale)","Halle (Saale)","12","51.5","1755","","",""
"Halle (Saale)","Halle (Saale)","Halle (Saale)","12","51.5","1755","","",""
"Halle (Saale)","Halle (Saale)","Halle (Saale)","12","51.5","1755","","",""
"Halle (Saale)","Halle (Saale)","Halle (Saale)","12","51.5","1755","","",""
"Halle (Saale)","Halle (Saale)","Halle (Saale)","12","51.5","1755","","",""
"Halle (Saale)","Halle (Saale)","Halle (Saale)","12","51.5","1755","","",""
"Halle (Saale)","Halle (Saale)","Halle (Saale)","12","51.5","1756","","",""
"Halle (Saale)","Halle (Saale)","Halle (Saale)","12","51.5","1757","","",""
"Halle (Saale)","Halle (Saale)","Halle (Saale)","12","51.5","1758","","",""
"Halle (Saale)","Halle (Saale)","Halle (Saale)","12","51.5","1759","","",""
"Halle (Saale)","Halle (Saale)","Halle (Saale)","12","51.5","1759","","",""
"Halle (Saale)","Halle (Saale)","Halle (Saale)","12","51.5","1760","","",""
"Halle (Saale)","Halle (Saale)","Halle (Saale)","12","51.5","1760","","",""
"Halle (Saale)","Halle (Saale)","Halle (Saale)","12","51.5","1761","","",""
"Halle (Saale)","Halle (Saale)","Halle (Saale)","12","51.5","","","",""
"Halle (Saale)","Halle (Saale)","Halle (Saale)","12","51.5","","","",""
"Halle (Saale)","Halle (Saale)","Halle (Saale)","12","51.5","","","",""
"Halle (Saale)","Halle (Saale)","Halle (Saale)","12","51.5","","","",""
"Hamburg","Hamburg","Hamburg","10","53.55","1621","","",""
"Hamburg","Hamburg","Hamburg","10","53.55","1673","","",""
"Hamburg","Hamburg","Hamburg","10","53.55","1673","","",""
"Hamburg","Hamburg","Hamburg","10","53.55","1680","","",""
"Hamburg","Hamburg","Hamburg","10","53.55","1688","","",""
"Hamburg","Hamburg","Hamburg","10","53.55","1706","","",""
"Hamburg","Hamburg","Hamburg","10","53.55","1713","","",""
"Hamburg","Hamburg","Hamburg","10","53.55","1713","","",""
"Hamburg","Hamburg","Hamburg","10","53.55","1719","","",""
"Hamburg","Hamburg","Hamburg","10","53.55","1719","","",""
"Hamburg","Hamburg","Hamburg","10","53.55","1721","","",""
"Hamburg","Hamburg","Hamburg","10","53.55","1722","","",""
"Hamburg","Hamburg","Hamburg","10","53.55","1724","","",""
"Hamburg","Hamburg","Hamburg","10","53.55","1727","","",""
"Hamburg","Hamburg","Hamburg","10","53.55","1728","","",""
"Hamburg","Hamburg","Hamburg","10","53.55","1729","","",""
"Hamburg","Hamburg","Hamburg","10","53.55","1730","","",""
"Hamburg","Hamburg","Hamburg","10","53.55","1730","","",""
"Hamburg","Hamburg","Hamburg","10","53.55","1734","","",""
"Hamburg","Hamburg","Hamburg","10","53.55","1735","","",""
"Hamburg","Hamburg","Hamburg","10","53.55","1735","","",""
"Hamburg","Hamburg","Hamburg","10","53.55","1736","","",""
"Hamburg","Hamburg","Hamburg","10","53.55","1736","","",""
"Hamburg","Hamburg","Hamburg","10","53.55","1736","","",""
"Hamburg","Hamburg","Hamburg","10","53.55","1737","","",""
"Hamburg","Hamburg","Hamburg","10","53.55","1740","","",""
"Hamburg","Hamburg","Hamburg","10","53.55","1741","","",""
"Hamburg","Hamburg","Hamburg","10","53.55","1746","","",""
"Hamburg","Hamburg","Hamburg","10","53.55","1746","","",""
"Hamburg","Hamburg","Hamburg","10","53.55","1748","","",""
"Hamburg","Hamburg","Hamburg","10","53.55","1750","","",""
"Hanau","Hanau","Hanau","8.9167","50.1333","1619","","",""
"Hanau","Hanau","Hanau","8.9167","50.1333","1663","","",""
"Hannover","Hannover","Hannover","9.7167","52.3667","1663","","",""
"Hannover","Hannover","Hannover","9.7167","52.3667","1663","","",""
"Hannover","Hannover","Hannover","9.7167","52.3667","1696","","",""
"Hannover","Hannover","Hannover","9.7167","52.3667","1698","","",""
"Hannover","Hannover","Hannover","9.7167","52.3667","1700","","",""
"Hannover","Hannover","Hannover","9.7167","52.3667","1707","","",""
"Hannover","Hannover","Hannover","9.7167","52.3667","1713","","",""
"Hannover","Hannover","Hannover","9.7167","52.3667","1734","","",""
"Hannover","Hannover","Hannover","9.7167","52.3667","1736","","",""
"Hannover","Hannover","Hannover","9.7167","52.3667","1746","","",""
"Hannover","Hannover","Hannover","9.7167","52.3667","1746","","",""
"Heidelberg","Heidelberg","Heidelberg","8.7","49.4167","1669","","",""
"Heilbronn","Heilbronn","Heilbronn","9.22","49.140278","1742","","",""
"Helmstedt","Helmstedt","Helmstedt","11","52.2333","1652","","",""
"Helmstedt","Helmstedt","Helmstedt","11","52.2333","1666","","",""
"Helmstedt","Helmstedt","Helmstedt","11","52.2333","1671","","",""
"Helmstedt","Helmstedt","Helmstedt","11","52.2333","1674","","",""
"Helmstedt","Helmstedt","Helmstedt","11","52.2333","1709","","",""
"Helmstedt","Helmstedt","Helmstedt","11","52.2333","1720","","",""
"Helmstedt","Helmstedt","Helmstedt","11","52.2333","1720","","",""
"Helmstedt","Helmstedt","Helmstedt","11","52.2333","1720","","",""
"Helmstedt","Helmstedt","Helmstedt","11","52.2333","1720","","",""
"Helmstedt","Helmstedt","Helmstedt","11","52.2333","1736","","",""
"Helmstedt","Helmstedt","Helmstedt","11","52.2333","1745","","",""
"Helmstedt","Helmstedt","Helmstedt","11","52.2333","1749","","",""
"Helmstedt","Helmstedt","Helmstedt","11","52.2333","1750","","",""
"Helmstedt","Helmstedt","Helmstedt","11","52.2333","1752","","",""
"Hersfeld","Hersfeld","Hersfeld","9.7","50.866667","1748","","",""
"Hildburghausen","Hildburghausen","Hildburghausen","10.75","50.416667","1710","","",""
"Hildesheim","Hildesheim","Hildesheim","9.966667","52.15","1720","","",""
"Hildesheim","Hildesheim","Hildesheim","9.966667","52.15","1730","","",""
"Hildesheim","Hildesheim","Hildesheim","9.966667","52.15","1730","","",""
"Hildesheim","Hildesheim","Hildesheim","9.966667","52.15","1733","","",""
"Hildesheim","Hildesheim","Hildesheim","9.966667","52.15","1736","","",""
"Hildesheim","Hildesheim","Hildesheim","9.966667","52.15","1741","","",""
"Hof","Hof","Hof","11.916667","50.316667","1694","","",""
"Husum","Husum","Husum","9.05","54.466667","1652","","",""
"Innnsbruck","Innnsbruck","Innnsbruck","11.4","47.2667","1660","","",""
"Innsbruck","Innsbruck","Innsbruck","11.4","47.2667","1603","","",""
"Jena","Jena","Jena","11.5833","50.9333","1630","","",""
"Jena","Jena","Jena","11.5833","50.9333","1645","","",""
"Jena","Jena","Jena","11.5833","50.9333","1676","","",""
"Jena","Jena","Jena","11.5833","50.9333","1694","","",""
"Jena","Jena","Jena","11.5833","50.9333","1702","","",""
"Jena","Jena","Jena","11.5833","50.9333","1703","","",""
"Jena","Jena","Jena","11.5833","50.9333","1705","","",""
"Jena","Jena","Jena","11.5833","50.9333","1713","","",""
"Jena","Jena","Jena","11.5833","50.9333","1714","","",""
"Jena","Jena","Jena","11.5833","50.9333","1715","","",""
"Jena","Jena","Jena","11.5833","50.9333","1715","","",""
"Jena","Jena","Jena","11.5833","50.9333","1720","","",""
"Jena","Jena","Jena","11.5833","50.9333","1722","","",""
"Jena","Jena","Jena","11.5833","50.9333","1723","","",""
"Jena","Jena","Jena","11.5833","50.9333","1737","","",""
"Kassel","Kassel","Kassel","9.5","51.316667","1664","","",""
"Kiel","Kiel","Kiel","10.130827","54.323196","1667","","",""
"Kopenhagen","Kopenhagen","Kopenhagen","12.5667","55.7167","1707","","",""
"Kopenhagen","Kopenhagen","Kopenhagen","12.5667","55.7167","1707","","",""
"Kopenhagen","Kopenhagen","Kopenhagen","12.5667","55.7167","1710","","",""
"Kopenhagen","Kopenhagen","Kopenhagen","12.5667","55.7167","1730","","",""
"Kopenhagen","Kopenhagen","Kopenhagen","12.5667","55.7167","1738","","",""
"Kopenhagen","Kopenhagen","Kopenhagen","12.5667","55.7167","1743","","",""
"Kopenhagen","Kopenhagen","Kopenhagen","12.5667","55.7167","1743","","",""
"Kopenhagen","Kopenhagen","Kopenhagen","12.5667","55.7167","1743","","",""
"Kopenhagen","Kopenhagen","Kopenhagen","12.5667","55.7167","1743","","",""
"Kopenhagen","Kopenhagen","Kopenhagen","12.5667","55.7167","1744","","",""
"Kopenhagen","Kopenhagen","Kopenhagen","12.5667","55.7167","1744","","",""
"Kopenhagen","Kopenhagen","Kopenhagen","12.5667","55.7167","1744","","",""
"Kopenhagen","Kopenhagen","Kopenhagen","12.5667","55.7167","1744","","",""
"Kopenhagen","Kopenhagen","Kopenhagen","12.5667","55.7167","1753","","",""
"Kopenhagen","Kopenhagen","Kopenhagen","12.5667","55.7167","1753","","",""
"Kopenhagen","Kopenhagen","Kopenhagen","12.5667","55.7167","1753","","",""
"Kopenhagen","Kopenhagen","Kopenhagen","12.5667","55.7167","1754","","",""
"Köln","Köln","Köln","6.95","50.9333","1580","","",""
"Köln","Köln","Köln","6.95","50.9333","1587","","",""
"Köln","Köln","Köln","6.95","50.9333","1591","","",""
"Köln","Köln","Köln","6.95","50.9333","1626","","",""
"Köln","Köln","Köln","6.95","50.9333","1645","","",""
"Köln","Köln","Köln","6.95","50.9333","1649","","",""
"Köln","Köln","Köln","6.95","50.9333","1662","","",""
"Köln","Köln","Köln","6.95","50.9333","1677","","",""
"Köln","Köln","Köln","6.95","50.9333","1677","","",""
"Köln","Köln","Köln","6.95","50.9333","1677","","",""
"Köln","Köln","Köln","6.95","50.9333","1690","","",""
"Köln","Köln","Köln","6.95","50.9333","1694","","",""
"Köln","Köln","Köln","6.95","50.9333","1694","","",""
"Köln","Köln","Köln","6.95","50.9333","1694","","",""
"Köln","Köln","Köln","6.95","50.9333","1714","","",""
"Köln","Köln","Köln","6.95","50.9333","1730","","",""
"Köln","Köln","Köln","6.95","50.9333","1730","","",""
"Köln","Köln","Köln","6.95","50.9333","1747","","",""
"Köln (fingiert)","Köln (fingiert)","Köln (fingiert)","6.95","50.9333","1663","","",""
"Köln (fingiert)","Köln (fingiert)","Köln (fingiert)","6.95","50.9333","1663","","",""
"Köln (fingiert)","Köln (fingiert)","Köln (fingiert)","6.95","50.9333","1668","","",""
"Köln (fingiert)","Köln (fingiert)","Köln (fingiert)","6.95","50.9333","1668","","",""
"Köln (fingiert)","Köln (fingiert)","Köln (fingiert)","6.95","50.9333","1686","","",""
"Köln (fingiert)","Köln (fingiert)","Köln (fingiert)","6.95","50.9333","1688","","",""
"Köln (fingiert)","Köln (fingiert)","Köln (fingiert)","6.95","50.9333","1694","","",""
"Köln (fingiert)","Köln (fingiert)","Köln (fingiert)","6.95","50.9333","1694","","",""
"Köln (fingiert)","Köln (fingiert)","Köln (fingiert)","6.95","50.9333","1695","","",""
"Köln (fingiert)","Köln (fingiert)","Köln (fingiert)","6.95","50.9333","1695","","",""
"Königsberg","Königsberg","Königsberg","20.5","54.6667","1698","","",""
"Königsberg","Königsberg","Königsberg","20.5","54.6667","1740","","",""
"Königsberg","Königsberg","Königsberg","20.5","54.6667","1740","","",""
"Lauenburg","Lauenburg","Lauenburg","10.566667","53.366667","1713","","",""
"Leiden","Leiden","Leiden","4.5","52.15","1627","","",""
"Leiden","Leiden","Leiden","4.5","52.15","1627","","",""
"Leiden","Leiden","Leiden","4.5","52.15","1628","","",""
"Leiden","Leiden","Leiden","4.5","52.15","1629","","",""
"Leiden","Leiden","Leiden","4.5","52.15","1629","","",""
"Leiden","Leiden","Leiden","4.5","52.15","1629","","",""
"Leiden","Leiden","Leiden","4.5","52.15","1629","","",""
"Leiden","Leiden","Leiden","4.5","52.15","1630","","",""
"Leiden","Leiden","Leiden","4.5","52.15","1630","","",""
"Leiden","Leiden","Leiden","4.5","52.15","1631","","",""
"Leiden","Leiden","Leiden","4.5","52.15","1631","","",""
"Leiden","Leiden","Leiden","4.5","52.15","1632","","",""
"Leiden","Leiden","Leiden","4.5","52.15","1632","","",""
"Leiden","Leiden","Leiden","4.5","52.15","1632","","",""
"Leiden","Leiden","Leiden","4.5","52.15","1632","","",""
"Leiden","Leiden","Leiden","4.5","52.15","1633","","",""
"Leiden","Leiden","Leiden","4.5","52.15","1633","","",""
"Leiden","Leiden","Leiden","4.5","52.15","1633","","",""
"Leiden","Leiden","Leiden","4.5","52.15","1633","","",""
"Leiden","Leiden","Leiden","4.5","52.15","1634","","",""
"Leiden","Leiden","Leiden","4.5","52.15","1634","","",""
"Leiden","Leiden","Leiden","4.5","52.15","1634","","",""
"Leiden","Leiden","Leiden","4.5","52.15","1639","","",""
"Leiden","Leiden","Leiden","4.5","52.15","1641","","",""
"Leiden","Leiden","Leiden","4.5","52.15","1642","","",""
"Leiden","Leiden","Leiden","4.5","52.15","1643","","",""
"Leiden","Leiden","Leiden","4.5","52.15","1645","","",""
"Leiden","Leiden","Leiden","4.5","52.15","1652","","",""
"Leiden","Leiden","Leiden","4.5","52.15","1663","","",""
"Leiden","Leiden","Leiden","4.5","52.15","1664","","",""
"Leiden","Leiden","Leiden","4.5","52.15","1692","","",""
"Leiden","Leiden","Leiden","4.5","52.15","1692","","",""
"Leiden","Leiden","Leiden","4.5","52.15","1692","","",""
"Leiden","Leiden","Leiden","4.5","52.15","1692","","",""
"Leiden","Leiden","Leiden","4.5","52.15","1711","","",""
"Leiden","Leiden","Leiden","4.5","52.15","1719","","",""
"Leipzig","Leipzig","Leipzig","12.333333","51.3","1582","","",""
"Leipzig","Leipzig","Leipzig","12.333333","51.3","1607","","",""
"Leipzig","Leipzig","Leipzig","12.333333","51.3","1607","","",""
"Leipzig","Leipzig","Leipzig","12.333333","51.3","1607","","",""
"Leipzig","Leipzig","Leipzig","12.333333","51.3","1619","","",""
"Leipzig","Leipzig","Leipzig","12.333333","51.3","1621","","",""
"Leipzig","Leipzig","Leipzig","12.333333","51.3","1651","","",""
"Leipzig","Leipzig","Leipzig","12.333333","51.3","1669","","",""
"Leipzig","Leipzig","Leipzig","12.333333","51.3","1669","","",""
"Leipzig","Leipzig","Leipzig","12.333333","51.3","1674","","",""
"Leipzig","Leipzig","Leipzig","12.333333","51.3","1679","","",""
"Leipzig","Leipzig","Leipzig","12.333333","51.3","1680","","",""
"Leipzig","Leipzig","Leipzig","12.333333","51.3","1682","","",""
"Leipzig","Leipzig","Leipzig","12.333333","51.3","1684","","",""
"Leipzig","Leipzig","Leipzig","12.333333","51.3","1685","","",""
"Leipzig","Leipzig","Leipzig","12.333333","51.3","1686","","",""
"Leipzig","Leipzig","Leipzig","12.333333","51.3","1689","","",""
"Leipzig","Leipzig","Leipzig","12.333333","51.3","1691","","",""
"Leipzig","Leipzig","Leipzig","12.333333","51.3","1694","","",""
"Leipzig","Leipzig","Leipzig","12.333333","51.3","1696","","",""
"Leipzig","Leipzig","Leipzig","12.333333","51.3","1698","","",""
"Leipzig","Leipzig","Leipzig","12.333333","51.3","1702","","",""
"Leipzig","Leipzig","Leipzig","12.333333","51.3","1702","","",""
"Leipzig","Leipzig","Leipzig","12.333333","51.3","1702","","",""
"Leipzig","Leipzig","Leipzig","12.333333","51.3","1702","","",""
"Leipzig","Leipzig","Leipzig","12.333333","51.3","1702","","",""
"Leipzig","Leipzig","Leipzig","12.333333","51.3","1703","","",""
"Leipzig","Leipzig","Leipzig","12.333333","51.3","1704","","",""
"Leipzig","Leipzig","Leipzig","12.333333","51.3","1705","","",""
"Leipzig","Leipzig","Leipzig","12.333333","51.3","1705","","",""
"Leipzig","Leipzig","Leipzig","12.333333","51.3","1708","","",""
"Leipzig","Leipzig","Leipzig","12.333333","51.3","1710","","",""
"Leipzig","Leipzig","Leipzig","12.333333","51.3","1710","","",""
"Leipzig","Leipzig","Leipzig","12.333333","51.3","1710","","",""
"Leipzig","Leipzig","Leipzig","12.333333","51.3","1712","","",""
"Leipzig","Leipzig","Leipzig","12.333333","51.3","1712","","",""
"Leipzig","Leipzig","Leipzig","12.333333","51.3","1713","","",""
"Leipzig","Leipzig","Leipzig","12.333333","51.3","1714","","",""
"Leipzig","Leipzig","Leipzig","12.333333","51.3","1715","","",""
"Leipzig","Leipzig","Leipzig","12.333333","51.3","1715","","",""
"Leipzig","Leipzig","Leipzig","12.333333","51.3","1715","","",""
"Leipzig","Leipzig","Leipzig","12.333333","51.3","1716","","",""
"Leipzig","Leipzig","Leipzig","12.333333","51.3","1716","","",""
"Leipzig","Leipzig","Leipzig","12.333333","51.3","1716","","",""
"Leipzig","Leipzig","Leipzig","12.333333","51.3","1718","","",""
"Leipzig","Leipzig","Leipzig","12.333333","51.3","1720","","",""
"Leipzig","Leipzig","Leipzig","12.333333","51.3","1720","","",""
"Leipzig","Leipzig","Leipzig","12.333333","51.3","1720","","",""
"Leipzig","Leipzig","Leipzig","12.333333","51.3","1720","","",""
"Leipzig","Leipzig","Leipzig","12.333333","51.3","1720","","",""
"Leipzig","Leipzig","Leipzig","12.333333","51.3","1720","","",""
"Leipzig","Leipzig","Leipzig","12.333333","51.3","1721","","",""
"Leipzig","Leipzig","Leipzig","12.333333","51.3","1721","","",""
"Leipzig","Leipzig","Leipzig","12.333333","51.3","1721","","",""
"Leipzig","Leipzig","Leipzig","12.333333","51.3","1721","","",""
"Leipzig","Leipzig","Leipzig","12.333333","51.3","1722","","",""
"Leipzig","Leipzig","Leipzig","12.333333","51.3","1723","","",""
"Leipzig","Leipzig","Leipzig","12.333333","51.3","1723","","",""
"Leipzig","Leipzig","Leipzig","12.333333","51.3","1723","","",""
"Leipzig","Leipzig","Leipzig","12.333333","51.3","1723","","",""
"Leipzig","Leipzig","Leipzig","12.333333","51.3","1723","","",""
"Leipzig","Leipzig","Leipzig","12.333333","51.3","1724","","",""
"Leipzig","Leipzig","Leipzig","12.333333","51.3","1724","","",""
"Leipzig","Leipzig","Leipzig","12.333333","51.3","1724","","",""
"Leipzig","Leipzig","Leipzig","12.333333","51.3","1725","","",""
"Leipzig","Leipzig","Leipzig","12.333333","51.3","1726","","",""
"Leipzig","Leipzig","Leipzig","12.333333","51.3","1729","","",""
"Leipzig","Leipzig","Leipzig","12.333333","51.3","1729","","",""
"Leipzig","Leipzig","Leipzig","12.333333","51.3","1729","","",""
"Leipzig","Leipzig","Leipzig","12.333333","51.3","1729","","",""
"Leipzig","Leipzig","Leipzig","12.333333","51.3","1730","","",""
"Leipzig","Leipzig","Leipzig","12.333333","51.3","1730","","",""
"Leipzig","Leipzig","Leipzig","12.333333","51.3","1730","","",""
"Leipzig","Leipzig","Leipzig","12.333333","51.3","1730","","",""
"Leipzig","Leipzig","Leipzig","12.333333","51.3","1730","","",""
"Leipzig","Leipzig","Leipzig","12.333333","51.3","1730","","",""
"Leipzig","Leipzig","Leipzig","12.333333","51.3","1730","","",""
"Leipzig","Leipzig","Leipzig","12.333333","51.3","1730","","",""
"Leipzig","Leipzig","Leipzig","12.333333","51.3","1730","","",""
"Leipzig","Leipzig","Leipzig","12.333333","51.3","1731","","",""
"Leipzig","Leipzig","Leipzig","12.333333","51.3","1731","","",""
"Leipzig","Leipzig","Leipzig","12.333333","51.3","1731","","",""
"Leipzig","Leipzig","Leipzig","12.333333","51.3","1731","","",""
"Leipzig","Leipzig","Leipzig","12.333333","51.3","1732","","",""
"Leipzig","Leipzig","Leipzig","12.333333","51.3","1732","","",""
"Leipzig","Leipzig","Leipzig","12.333333","51.3","1732","","",""
"Leipzig","Leipzig","Leipzig","12.333333","51.3","1732","","",""
"Leipzig","Leipzig","Leipzig","12.333333","51.3","1732","","",""
"Leipzig","Leipzig","Leipzig","12.333333","51.3","1732","","",""
"Leipzig","Leipzig","Leipzig","12.333333","51.3","1733","","",""
"Leipzig","Leipzig","Leipzig","12.333333","51.3","1733","","",""
"Leipzig","Leipzig","Leipzig","12.333333","51.3","1733","","",""
"Leipzig","Leipzig","Leipzig","12.333333","51.3","1733","","",""
"Leipzig","Leipzig","Leipzig","12.333333","51.3","1734","","",""
"Leipzig","Leipzig","Leipzig","12.333333","51.3","1734","","",""
"Leipzig","Leipzig","Leipzig","12.333333","51.3","1734","","",""
"Leipzig","Leipzig","Leipzig","12.333333","51.3","1735","","",""
"Leipzig","Leipzig","Leipzig","12.333333","51.3","1735","","",""
"Leipzig","Leipzig","Leipzig","12.333333","51.3","1735","","",""
"Leipzig","Leipzig","Leipzig","12.333333","51.3","1736","","",""
"Leipzig","Leipzig","Leipzig","12.333333","51.3","1736","","",""
"Leipzig","Leipzig","Leipzig","12.333333","51.3","1737","","",""
"Leipzig","Leipzig","Leipzig","12.333333","51.3","1737","","",""
"Leipzig","Leipzig","Leipzig","12.333333","51.3","1737","","",""
"Leipzig","Leipzig","Leipzig","12.333333","51.3","1738","","",""
"Leipzig","Leipzig","Leipzig","12.333333","51.3","1738","","",""
"Leipzig","Leipzig","Leipzig","12.333333","51.3","1738","","",""
"Leipzig","Leipzig","Leipzig","12.333333","51.3","1739","","",""
"Leipzig","Leipzig","Leipzig","12.333333","51.3","1739","","",""
"Leipzig","Leipzig","Leipzig","12.333333","51.3","1739","","",""
"Leipzig","Leipzig","Leipzig","12.333333","51.3","1740","","",""
"Leipzig","Leipzig","Leipzig","12.333333","51.3","1740","","",""
"Leipzig","Leipzig","Leipzig","12.333333","51.3","1741","","",""
"Leipzig","Leipzig","Leipzig","12.333333","51.3","1741","","",""
"Leipzig","Leipzig","Leipzig","12.333333","51.3","1742","","",""
"Leipzig","Leipzig","Leipzig","12.333333","51.3","1742","","",""
"Leipzig","Leipzig","Leipzig","12.333333","51.3","1743","","",""
"Leipzig","Leipzig","Leipzig","12.333333","51.3","1744","","",""
"Leipzig","Leipzig","Leipzig","12.333333","51.3","1744","","",""
"Leipzig","Leipzig","Leipzig","12.333333","51.3","1745","","",""
"Leipzig","Leipzig","Leipzig","12.333333","51.3","1745","","",""
"Leipzig","Leipzig","Leipzig","12.333333","51.3","1745","","",""
"Leipzig","Leipzig","Leipzig","12.333333","51.3","1745","","",""
"Leipzig","Leipzig","Leipzig","12.333333","51.3","1746","","",""
"Leipzig","Leipzig","Leipzig","12.333333","51.3","1746","","",""
"Leipzig","Leipzig","Leipzig","12.333333","51.3","1747","","",""
"Leipzig","Leipzig","Leipzig","12.333333","51.3","1748","","",""
"Leipzig","Leipzig","Leipzig","12.333333","51.3","1748","","",""
"Leipzig","Leipzig","Leipzig","12.333333","51.3","1748","","",""
"Leipzig","Leipzig","Leipzig","12.333333","51.3","1749","","",""
"Leipzig","Leipzig","Leipzig","12.333333","51.3","1749","","",""
"Leipzig","Leipzig","Leipzig","12.333333","51.3","1750","","",""
"Leipzig","Leipzig","Leipzig","12.333333","51.3","1750","","",""
"Leipzig","Leipzig","Leipzig","12.333333","51.3","1751","","",""
"Leipzig","Leipzig","Leipzig","12.333333","51.3","1751","","",""
"Leipzig","Leipzig","Leipzig","12.333333","51.3","1751","","",""
"Leipzig","Leipzig","Leipzig","12.333333","51.3","1751","","",""
"Leipzig","Leipzig","Leipzig","12.333333","51.3","1751","","",""
"Leipzig","Leipzig","Leipzig","12.333333","51.3","1751","","",""
"Leipzig","Leipzig","Leipzig","12.333333","51.3","1752","","",""
"Leipzig","Leipzig","Leipzig","12.333333","51.3","1752","","",""
"Leipzig","Leipzig","Leipzig","12.333333","51.3","1752","","",""
"Leipzig","Leipzig","Leipzig","12.333333","51.3","1752","","",""
"Leipzig","Leipzig","Leipzig","12.333333","51.3","1753","","",""
"Leipzig","Leipzig","Leipzig","12.333333","51.3","1753","","",""
"Leipzig","Leipzig","Leipzig","12.333333","51.3","1754","","",""
"Leipzig","Leipzig","Leipzig","12.333333","51.3","1755","","",""
"Leipzig","Leipzig","Leipzig","12.333333","51.3","1755","","",""
"Leipzig","Leipzig","Leipzig","12.333333","51.3","1755","","",""
"Leipzig","Leipzig","Leipzig","12.333333","51.3","1757","","",""
"Leipzig","Leipzig","Leipzig","12.333333","51.3","1759","","",""
"Leipzig","Leipzig","Leipzig","12.333333","51.3","","","",""
"London","London","London","-0.0931","51.5142","1652","","",""
"London","London","London","-0.0931","51.5142","1678","","",""
"London","London","London","-0.0931","51.5142","1707","","",""
"London","London","London","-0.0931","51.5142","1713","","",""
"London","London","London","-0.0931","51.5142","1713","","",""
"London","London","London","-0.0931","51.5142","1722","","",""
"London","London","London","-0.0931","51.5142","1743","","",""
"London","London","London","-0.0931","51.5142","1743","","",""
"London","London","London","-0.0931","51.5142","1743","","",""
"London","London","London","-0.0931","51.5142","1759","","",""
"London","London","London","-0.0931","51.5142","1759","","",""
"London (i. e. Amsterdam)","London (i. e. Amsterdam)","London (i. e. Amsterdam)","4.9167","52.35","1755","","",""
"London (i. e. Amsterdam)","London (i. e. Amsterdam)","London (i. e. Amsterdam)","4.9167","52.35","1755","","",""
"London (i. e. Amsterdam)","London (i. e. Amsterdam)","London (i. e. Amsterdam)","4.9167","52.35","1755","","",""
"London (i.e. Den Haag)","London (i.e. Den Haag)","London (i.e. Den Haag)","4.3","52.0833","1743","","",""
"Lyon","Lyon","Lyon","4.8333","45.7667","1541","","",""
"Lyon","Lyon","Lyon","4.8333","45.7667","1577","","",""
"Lyon","Lyon","Lyon","4.8333","45.7667","1612","","",""
"Lyon","Lyon","Lyon","4.8333","45.7667","1653","","",""
"Lyon","Lyon","Lyon","4.8333","45.7667","1682","","",""
"Lyon","Lyon","Lyon","4.8333","45.7667","1682","","",""
"Lübeck","Lübeck","Lübeck","10.7","53.8667","1697","","",""
"Lüneburg","Lüneburg","Lüneburg","10.4","53.25","1632","","",""
"Lüneburg","Lüneburg","Lüneburg","10.4","53.25","1643","","",""
"Lüneburg","Lüneburg","Lüneburg","10.4","53.25","1644","","",""
"Lüneburg","Lüneburg","Lüneburg","10.4","53.25","1690","","",""
"Lüneburg","Lüneburg","Lüneburg","10.4","53.25","1712","","",""
"Lüneburg","Lüneburg","Lüneburg","10.4","53.25","1712","","",""
"Lüneburg","Lüneburg","Lüneburg","10.4","53.25","1712","","",""
"Lüneburg","Lüneburg","Lüneburg","10.4","53.25","1738","","",""
"Lüneburg","Lüneburg","Lüneburg","10.4","53.25","1738","","",""
"Lüneburg","Lüneburg","Lüneburg","10.4","53.25","1743","","",""
"Magdeburg","Magdeburg","Magdeburg","11.666667","52.166667","1732","","",""
"Magdeburg","Magdeburg","Magdeburg","11.666667","52.166667","","","",""
"Mailand","Mailand","Mailand","9.2","45.466667","1714","","",""
"Mailand","Mailand","Mailand","9.2","45.466667","1730","","",""
"Mainz","Mainz","Mainz","8.2711","50","1697","","",""
"Meiningen","Meiningen","Meiningen","10.416667","50.55","1705","","",""
"Meiningen","Meiningen","Meiningen","10.416667","50.55","1713","","",""
"Meiningen","Meiningen","Meiningen","10.416667","50.55","1719","","",""
"Meiningen","Meiningen","Meiningen","10.416667","50.55","1729","","",""
"Meiningen","Meiningen","Meiningen","10.416667","50.55","1729","","",""
"Meiningen","Meiningen","Meiningen","10.416667","50.55","1733","","",""
"Meiningen","Meiningen","Meiningen","10.416667","50.55","1737","","",""
"Meiningen","Meiningen","Meiningen","10.416667","50.55","1760","","",""
"Minden","Minden","Minden","8.916667","52.283333","1712","","",""
"München","München","München","11.583333","48.15","1594","","",""
"München","München","München","11.583333","48.15","1615","","",""
"München","München","München","11.583333","48.15","1717","","",""
"Nancy","Nancy","Nancy","6.187756","48.69211","1694","","",""
"Neapel","Neapel","Neapel","14.25","40.833333","1692","","",""
"Neapel","Neapel","Neapel","14.25","40.833333","1694","","",""
"Neapel","Neapel","Neapel","14.25","40.833333","1698","","",""
"Neuruppin","Neuruppin","Neuruppin","12.8","52.933333","1695","","",""
"Nordhausen","Nordhausen","Nordhausen","10.8","51.516667","1732","","",""
"Nürnberg","Nürnberg","Nürnberg","11.068333","49.447778","1531","","",""
"Nürnberg","Nürnberg","Nürnberg","11.068333","49.447778","1560","","",""
"Nürnberg","Nürnberg","Nürnberg","11.068333","49.447778","1576","","",""
"Nürnberg","Nürnberg","Nürnberg","11.068333","49.447778","1605","","",""
"Nürnberg","Nürnberg","Nürnberg","11.068333","49.447778","1610","","",""
"Nürnberg","Nürnberg","Nürnberg","11.068333","49.447778","1610","","",""
"Nürnberg","Nürnberg","Nürnberg","11.068333","49.447778","1623","","",""
"Nürnberg","Nürnberg","Nürnberg","11.068333","49.447778","1636","","",""
"Nürnberg","Nürnberg","Nürnberg","11.068333","49.447778","1639","","",""
"Nürnberg","Nürnberg","Nürnberg","11.068333","49.447778","1646","","",""
"Nürnberg","Nürnberg","Nürnberg","11.068333","49.447778","1649","","",""
"Nürnberg","Nürnberg","Nürnberg","11.068333","49.447778","1649","","",""
"Nürnberg","Nürnberg","Nürnberg","11.068333","49.447778","1659","","",""
"Nürnberg","Nürnberg","Nürnberg","11.068333","49.447778","1659","","",""
"Nürnberg","Nürnberg","Nürnberg","11.068333","49.447778","1662","","",""
"Nürnberg","Nürnberg","Nürnberg","11.068333","49.447778","1664","","",""
"Nürnberg","Nürnberg","Nürnberg","11.068333","49.447778","1668","","",""
"Nürnberg","Nürnberg","Nürnberg","11.068333","49.447778","1668","","",""
"Nürnberg","Nürnberg","Nürnberg","11.068333","49.447778","1669","","",""
"Nürnberg","Nürnberg","Nürnberg","11.068333","49.447778","1670","","",""
"Nürnberg","Nürnberg","Nürnberg","11.068333","49.447778","1671","","",""
"Nürnberg","Nürnberg","Nürnberg","11.068333","49.447778","1671","","",""
"Nürnberg","Nürnberg","Nürnberg","11.068333","49.447778","1672","","",""
"Nürnberg","Nürnberg","Nürnberg","11.068333","49.447778","1672","","",""
"Nürnberg","Nürnberg","Nürnberg","11.068333","49.447778","1673","","",""
"Nürnberg","Nürnberg","Nürnberg","11.068333","49.447778","1675","","",""
"Nürnberg","Nürnberg","Nürnberg","11.068333","49.447778","1677","","",""
"Nürnberg","Nürnberg","Nürnberg","11.068333","49.447778","1678","","",""
"Nürnberg","Nürnberg","Nürnberg","11.068333","49.447778","1680","","",""
"Nürnberg","Nürnberg","Nürnberg","11.068333","49.447778","1680","","",""
"Nürnberg","Nürnberg","Nürnberg","11.068333","49.447778","1681","","",""
"Nürnberg","Nürnberg","Nürnberg","11.068333","49.447778","1681","","",""
"Nürnberg","Nürnberg","Nürnberg","11.068333","49.447778","1681","","",""
"Nürnberg","Nürnberg","Nürnberg","11.068333","49.447778","1683","","",""
"Nürnberg","Nürnberg","Nürnberg","11.068333","49.447778","1683","","",""
"Nürnberg","Nürnberg","Nürnberg","11.068333","49.447778","1683","","",""
"Nürnberg","Nürnberg","Nürnberg","11.068333","49.447778","1684","","",""
"Nürnberg","Nürnberg","Nürnberg","11.068333","49.447778","1684","","",""
"Nürnberg","Nürnberg","Nürnberg","11.068333","49.447778","1684","","",""
"Nürnberg","Nürnberg","Nürnberg","11.068333","49.447778","1685","","",""
"Nürnberg","Nürnberg","Nürnberg","11.068333","49.447778","1685","","",""
"Nürnberg","Nürnberg","Nürnberg","11.068333","49.447778","1686","","",""
"Nürnberg","Nürnberg","Nürnberg","11.068333","49.447778","1686","","",""
"Nürnberg","Nürnberg","Nürnberg","11.068333","49.447778","1686","","",""
"Nürnberg","Nürnberg","Nürnberg","11.068333","49.447778","1687","","",""
"Nürnberg","Nürnberg","Nürnberg","11.068333","49.447778","1690","","",""
"Nürnberg","Nürnberg","Nürnberg","11.068333","49.447778","1690","","",""
"Nürnberg","Nürnberg","Nürnberg","11.068333","49.447778","1691","","",""
"Nürnberg","Nürnberg","Nürnberg","11.068333","49.447778","1692","","",""
"Nürnberg","Nürnberg","Nürnberg","11.068333","49.447778","1693","","",""
"Nürnberg","Nürnberg","Nürnberg","11.068333","49.447778","1694","","",""
"Nürnberg","Nürnberg","Nürnberg","11.068333","49.447778","1697","","",""
"Nürnberg","Nürnberg","Nürnberg","11.068333","49.447778","1698","","",""
"Nürnberg","Nürnberg","Nürnberg","11.068333","49.447778","1703","","",""
"Nürnberg","Nürnberg","Nürnberg","11.068333","49.447778","1709","","",""
"Nürnberg","Nürnberg","Nürnberg","11.068333","49.447778","1709","","",""
"Nürnberg","Nürnberg","Nürnberg","11.068333","49.447778","1711","","",""
"Nürnberg","Nürnberg","Nürnberg","11.068333","49.447778","1712","","",""
"Nürnberg","Nürnberg","Nürnberg","11.068333","49.447778","1713","","",""
"Nürnberg","Nürnberg","Nürnberg","11.068333","49.447778","1716","","",""
"Nürnberg","Nürnberg","Nürnberg","11.068333","49.447778","1717","","",""
"Nürnberg","Nürnberg","Nürnberg","11.068333","49.447778","1718","","",""
"Nürnberg","Nürnberg","Nürnberg","11.068333","49.447778","1718","","",""
"Nürnberg","Nürnberg","Nürnberg","11.068333","49.447778","1720","","",""
"Nürnberg","Nürnberg","Nürnberg","11.068333","49.447778","1724","","",""
"Nürnberg","Nürnberg","Nürnberg","11.068333","49.447778","1728","","",""
"Nürnberg","Nürnberg","Nürnberg","11.068333","49.447778","1728","","",""
"Nürnberg","Nürnberg","Nürnberg","11.068333","49.447778","1729","","",""
"Nürnberg","Nürnberg","Nürnberg","11.068333","49.447778","1729","","",""
"Nürnberg","Nürnberg","Nürnberg","11.068333","49.447778","1730","","",""
"Nürnberg","Nürnberg","Nürnberg","11.068333","49.447778","1731","","",""
"Nürnberg","Nürnberg","Nürnberg","11.068333","49.447778","1732","","",""
"Nürnberg","Nürnberg","Nürnberg","11.068333","49.447778","1732","","",""
"Nürnberg","Nürnberg","Nürnberg","11.068333","49.447778","1733","","",""
"Nürnberg","Nürnberg","Nürnberg","11.068333","49.447778","1733","","",""
"Nürnberg","Nürnberg","Nürnberg","11.068333","49.447778","1733","","",""
"Nürnberg","Nürnberg","Nürnberg","11.068333","49.447778","1733","","",""
"Nürnberg","Nürnberg","Nürnberg","11.068333","49.447778","1733","","",""
"Nürnberg","Nürnberg","Nürnberg","11.068333","49.447778","1733","","",""
"Nürnberg","Nürnberg","Nürnberg","11.068333","49.447778","1733","","",""
"Nürnberg","Nürnberg","Nürnberg","11.068333","49.447778","1733","","",""
"Nürnberg","Nürnberg","Nürnberg","11.068333","49.447778","1733","","",""
"Nürnberg","Nürnberg","Nürnberg","11.068333","49.447778","1733","","",""
"Nürnberg","Nürnberg","Nürnberg","11.068333","49.447778","1733","","",""
"Nürnberg","Nürnberg","Nürnberg","11.068333","49.447778","1734","","",""
"Nürnberg","Nürnberg","Nürnberg","11.068333","49.447778","1734","","",""
"Nürnberg","Nürnberg","Nürnberg","11.068333","49.447778","1735","","",""
"Nürnberg","Nürnberg","Nürnberg","11.068333","49.447778","1735","","",""
"Nürnberg","Nürnberg","Nürnberg","11.068333","49.447778","1736","","",""
"Nürnberg","Nürnberg","Nürnberg","11.068333","49.447778","1737","","",""
"Nürnberg","Nürnberg","Nürnberg","11.068333","49.447778","1738","","",""
"Nürnberg","Nürnberg","Nürnberg","11.068333","49.447778","1739","","",""
"Nürnberg","Nürnberg","Nürnberg","11.068333","49.447778","1740","","",""
"Nürnberg","Nürnberg","Nürnberg","11.068333","49.447778","1740","","",""
"Nürnberg","Nürnberg","Nürnberg","11.068333","49.447778","1741","","",""
"Nürnberg","Nürnberg","Nürnberg","11.068333","49.447778","1742","","",""
"Nürnberg","Nürnberg","Nürnberg","11.068333","49.447778","1742","","",""
"Nürnberg","Nürnberg","Nürnberg","11.068333","49.447778","1743","","",""
"Nürnberg","Nürnberg","Nürnberg","11.068333","49.447778","1743","","",""
"Nürnberg","Nürnberg","Nürnberg","11.068333","49.447778","1744","","",""
"Nürnberg","Nürnberg","Nürnberg","11.068333","49.447778","1744","","",""
"Nürnberg","Nürnberg","Nürnberg","11.068333","49.447778","1744","","",""
"Nürnberg","Nürnberg","Nürnberg","11.068333","49.447778","1744","","",""
"Nürnberg","Nürnberg","Nürnberg","11.068333","49.447778","1745","","",""
"Nürnberg","Nürnberg","Nürnberg","11.068333","49.447778","1745","","",""
"Nürnberg","Nürnberg","Nürnberg","11.068333","49.447778","1746","","",""
"Nürnberg","Nürnberg","Nürnberg","11.068333","49.447778","1746","","",""
"Nürnberg","Nürnberg","Nürnberg","11.068333","49.447778","1747","","",""
"Nürnberg","Nürnberg","Nürnberg","11.068333","49.447778","1748","","",""
"Nürnberg","Nürnberg","Nürnberg","11.068333","49.447778","1748","","",""
"Nürnberg","Nürnberg","Nürnberg","11.068333","49.447778","1749","","",""
"Nürnberg","Nürnberg","Nürnberg","11.068333","49.447778","1749","","",""
"Nürnberg","Nürnberg","Nürnberg","11.068333","49.447778","1751","","",""
"Nürnberg","Nürnberg","Nürnberg","11.068333","49.447778","1751","","",""
"Nürnberg","Nürnberg","Nürnberg","11.068333","49.447778","1755","","",""
"Nürnberg","Nürnberg","Nürnberg","11.068333","49.447778","","","",""
"Padua","Padua","Padua","11.8833","45.4167","1628","","",""
"Padua","Padua","Padua","11.8833","45.4167","1642","","",""
"Padua","Padua","Padua","11.8833","45.4167","1654","","",""
"Padua","Padua","Padua","11.8833","45.4167","1682","","",""
"Paris","Paris","Paris","2.3333","48.8667","1549","","",""
"Paris","Paris","Paris","2.3333","48.8667","1576","","",""
"Paris","Paris","Paris","2.3333","48.8667","1577","","",""
"Paris","Paris","Paris","2.3333","48.8667","1617","","",""
"Paris","Paris","Paris","2.3333","48.8667","1618","","",""
"Paris","Paris","Paris","2.3333","48.8667","1619","","",""
"Paris","Paris","Paris","2.3333","48.8667","1633","","",""
"Paris","Paris","Paris","2.3333","48.8667","1634","","",""
"Paris","Paris","Paris","2.3333","48.8667","1650","","",""
"Paris","Paris","Paris","2.3333","48.8667","1652","","",""
"Paris","Paris","Paris","2.3333","48.8667","1652","","",""
"Paris","Paris","Paris","2.3333","48.8667","1652","","",""
"Paris","Paris","Paris","2.3333","48.8667","1655","","",""
"Paris","Paris","Paris","2.3333","48.8667","1658","","",""
"Paris","Paris","Paris","2.3333","48.8667","1659","","",""
"Paris","Paris","Paris","2.3333","48.8667","1664","","",""
"Paris","Paris","Paris","2.3333","48.8667","1664","","",""
"Paris","Paris","Paris","2.3333","48.8667","1665","","",""
"Paris","Paris","Paris","2.3333","48.8667","1665","","",""
"Paris","Paris","Paris","2.3333","48.8667","1665","","",""
"Paris","Paris","Paris","2.3333","48.8667","1665","","",""
"Paris","Paris","Paris","2.3333","48.8667","1665","","",""
"Paris","Paris","Paris","2.3333","48.8667","1667","","",""
"Paris","Paris","Paris","2.3333","48.8667","1667","","",""
"Paris","Paris","Paris","2.3333","48.8667","1668","","",""
"Paris","Paris","Paris","2.3333","48.8667","1668","","",""
"Paris","Paris","Paris","2.3333","48.8667","1668","","",""
"Paris","Paris","Paris","2.3333","48.8667","1669","","",""
"Paris","Paris","Paris","2.3333","48.8667","1670","","",""
"Paris","Paris","Paris","2.3333","48.8667","1671","","",""
"Paris","Paris","Paris","2.3333","48.8667","1678","","",""
"Paris","Paris","Paris","2.3333","48.8667","1679","","",""
"Paris","Paris","Paris","2.3333","48.8667","1681","","",""
"Paris","Paris","Paris","2.3333","48.8667","1681","","",""
"Paris","Paris","Paris","2.3333","48.8667","1684","","",""
"Paris","Paris","Paris","2.3333","48.8667","1685","","",""
"Paris","Paris","Paris","2.3333","48.8667","1685","","",""
"Paris","Paris","Paris","2.3333","48.8667","1685","","",""
"Paris","Paris","Paris","2.3333","48.8667","1685","","",""
"Paris","Paris","Paris","2.3333","48.8667","1689","","",""
"Paris","Paris","Paris","2.3333","48.8667","1689","","",""
"Paris","Paris","Paris","2.3333","48.8667","1690","","",""
"Paris","Paris","Paris","2.3333","48.8667","1690","","",""
"Paris","Paris","Paris","2.3333","48.8667","1690","","",""
"Paris","Paris","Paris","2.3333","48.8667","1691","","",""
"Paris","Paris","Paris","2.3333","48.8667","1691","","",""
"Paris","Paris","Paris","2.3333","48.8667","1693","","",""
"Paris","Paris","Paris","2.3333","48.8667","1693","","",""
"Paris","Paris","Paris","2.3333","48.8667","1695","","",""
"Paris","Paris","Paris","2.3333","48.8667","1695","","",""
"Paris","Paris","Paris","2.3333","48.8667","1695","","",""
"Paris","Paris","Paris","2.3333","48.8667","1696","","",""
"Paris","Paris","Paris","2.3333","48.8667","1696","","",""
"Paris","Paris","Paris","2.3333","48.8667","1700","","",""
"Paris","Paris","Paris","2.3333","48.8667","1710","","",""
"Paris","Paris","Paris","2.3333","48.8667","1710","","",""
"Paris","Paris","Paris","2.3333","48.8667","1710","","",""
"Paris","Paris","Paris","2.3333","48.8667","1710","","",""
"Paris","Paris","Paris","2.3333","48.8667","1710","","",""
"Paris","Paris","Paris","2.3333","48.8667","1714","","",""
"Paris","Paris","Paris","2.3333","48.8667","1722","","",""
"Paris","Paris","Paris","2.3333","48.8667","1722","","",""
"Paris","Paris","Paris","2.3333","48.8667","1723","","",""
"Paris","Paris","Paris","2.3333","48.8667","1726","","",""
"Paris","Paris","Paris","2.3333","48.8667","1729","","",""
"Paris","Paris","Paris","2.3333","48.8667","1745","","",""
"Paris","Paris","Paris","2.3333","48.8667","1750","","",""
"Paris","Paris","Paris","2.3333","48.8667","1752","","",""
"Paris","Paris","Paris","2.3333","48.8667","1762","","",""
"Plön","Plön","Plön","10.416667","54.166667","1698","","",""
"Prag","Prag","Prag","14.4333","50.1","1606","","",""
"Prag","Prag","Prag","14.4333","50.1","1608","","",""
"Prag","Prag","Prag","14.4333","50.1","1735","","",""
"Prag","Prag","Prag","14.4333","50.1","1743","","",""
"Quedlinburg","Quedlinburg","Quedlinburg","11.15","51.783333","1645","","",""
"Quedlinburg","Quedlinburg","Quedlinburg","11.15","51.783333","1717","","",""
"Ratzeburg","Ratzeburg","Ratzeburg","10.766667","53.7","1673","","",""
"Regensburg","Regensburg","Regensburg","12.095556","49.015","1667","","",""
"Regensburg","Regensburg","Regensburg","12.095556","49.015","1689","","",""
"Regensburg","Regensburg","Regensburg","12.095556","49.015","1709","","",""
"Regensburg","Regensburg","Regensburg","12.095556","49.015","1726","","",""
"Regensburg","Regensburg","Regensburg","12.095556","49.015","1726","","",""
"Regensburg","Regensburg","Regensburg","12.095556","49.015","1726","","",""
"Regensburg","Regensburg","Regensburg","12.095556","49.015","1747","","",""
"Rom","Rom","Rom","12.4833","41.9","1606","","",""
"Rom","Rom","Rom","12.4833","41.9","1612","","",""
"Rom","Rom","Rom","12.4833","41.9","1636","","",""
"Rom","Rom","Rom","12.4833","41.9","1651","","",""
"Rom","Rom","Rom","12.4833","41.9","1651","","",""
"Rom","Rom","Rom","12.4833","41.9","1657","","",""
"Rom","Rom","Rom","12.4833","41.9","1689","","",""
"Rom","Rom","Rom","12.4833","41.9","1689","","",""
"Rom","Rom","Rom","12.4833","41.9","1740","","",""
"Rostock","Rostock","Rostock","12.1333","54.0833","1752","","",""
"Rostock","Rostock","Rostock","12.1333","54.0833","1753","","",""
"Rostock","Rostock","Rostock","12.1333","54.0833","1754","","",""
"Rostock","Rostock","Rostock","12.1333","54.0833","1755","","",""
"Rostock","Rostock","Rostock","12.1333","54.0833","1756","","",""
"Rostock","Rostock","Rostock","12.1333","54.0833","1757","","",""
"Rostock","Rostock","Rostock","12.1333","54.0833","1758","","",""
"Rostock","Rostock","Rostock","12.1333","54.0833","1759","","",""
"Rotterdam","Rotterdam","Rotterdam","4.5","51.9167","1658","","",""
"Rotterdam","Rotterdam","Rotterdam","4.5","51.9167","1697","","",""
"Rotterdam","Rotterdam","Rotterdam","4.5","51.9167","1728","","",""
"Rouen","Rouen","Rouen","1.0833","49.4333","1629","","",""
"Rouen","Rouen","Rouen","1.0833","49.4333","1665","","",""
"Rouen","Rouen","Rouen","1.0833","49.4333","1665","","",""
"Rudolstadt","Rudolstadt","Rudolstadt","11.333333","50.716667","1707","","",""
"Rudolstadt","Rudolstadt","Rudolstadt","11.333333","50.716667","1710","","",""
"Rudolstadt","Rudolstadt","Rudolstadt","11.333333","50.716667","1734","","",""
"Rudolstadt","Rudolstadt","Rudolstadt","11.333333","50.716667","1738","","",""
"Saalfeld/Saale","Saalfeld/Saale","Saalfeld/Saale","11.366667","50.65","1743","","",""
"Saalfeld/Saale","Saalfeld/Saale","Saalfeld/Saale","11.366667","50.65","1745","","",""
"Schleswig","Schleswig","Schleswig","9.55","54.516667","1652","","",""
"Schleswig","Schleswig","Schleswig","9.55","54.516667","1656","","",""
"Schleswig","Schleswig","Schleswig","9.55","54.516667","1657","","",""
"Schwabach","Schwabach","Schwabach","11.029444","49.333889","1687","","",""
"Schwabach","Schwabach","Schwabach","11.029444","49.333889","1733","","",""
"Schwabach","Schwabach","Schwabach","11.029444","49.333889","1733","","",""
"Schwäbisch Hall","Schwäbisch Hall","Schwäbisch Hall","9.734167","49.105833","1735","","",""
"Sondershausen","Sondershausen","Sondershausen","10.866667","51.366667","1736","","",""
"Sondershausen","Sondershausen","Sondershausen","10.866667","51.366667","","","",""
"St. Petersburg","St. Petersburg","St. Petersburg","30.25","59.8833","1741","","",""
"Stendal","Stendal","Stendal","11.85","52.6","1712","","",""
"Stockholm","Stockholm","Stockholm","18.0833","59.3333","1721","","",""
"Straßburg","Straßburg","Straßburg","7.75","48.5833","1540","","",""
"Straßburg","Straßburg","Straßburg","7.75","48.5833","1625","","",""
"Straßburg","Straßburg","Straßburg","7.75","48.5833","1674","","",""
"Straßburg","Straßburg","Straßburg","7.75","48.5833","1688","","",""
"Straßburg","Straßburg","Straßburg","7.75","48.5833","1701","","",""
"Straßburg","Straßburg","Straßburg","7.75","48.5833","1708","","",""
"Stuttgart","Stuttgart","Stuttgart","9.1833","48.7667","1655","","",""
"Stuttgart","Stuttgart","Stuttgart","9.1833","48.7667","1655","","",""
"Stuttgart","Stuttgart","Stuttgart","9.1833","48.7667","1655","","",""
"Stuttgart","Stuttgart","Stuttgart","9.1833","48.7667","1669","","",""
"Stuttgart","Stuttgart","Stuttgart","9.1833","48.7667","1700","","",""
"Stuttgart","Stuttgart","Stuttgart","9.1833","48.7667","1715","","",""
"Stuttgart","Stuttgart","Stuttgart","9.1833","48.7667","1728","","",""
"Sulzbach","Sulzbach","Sulzbach","11.751667","49.498333","1672","","",""
"Thurnau","Thurnau","Thurnau","11.383333","50.016667","1711","","",""
"Turin","Turin","Turin","7.666667","45.05","1570","","",""
"Turin","Turin","Turin","7.666667","45.05","1702","","",""
"Turin","Turin","Turin","7.666667","45.05","1702","","",""
"Turin","Turin","Turin","7.666667","45.05","1713","","",""
"Turin","Turin","Turin","7.666667","45.05","1734","","",""
"Tübingen","Tübingen","Tübingen","9.05","48.5333","1655","","",""
"Tübingen","Tübingen","Tübingen","9.05","48.5333","1664","","",""
"Tübingen","Tübingen","Tübingen","9.05","48.5333","1681","","",""
"Tübingen","Tübingen","Tübingen","9.05","48.5333","1693","","",""
"Tübingen","Tübingen","Tübingen","9.05","48.5333","1701","","",""
"Ulm","Ulm","Ulm","8.3","50.583333","1648","","",""
"Ulm","Ulm","Ulm","8.3","50.583333","1655","","",""
"Ulm","Ulm","Ulm","8.3","50.583333","1655","","",""
"Utrecht","Utrecht","Utrecht","5.1333","52.0833","1692","","",""
"Utrecht","Utrecht","Utrecht","5.1333","52.0833","1692","","",""
"Utrecht","Utrecht","Utrecht","5.1333","52.0833","1692","","",""
"Utrecht","Utrecht","Utrecht","5.1333","52.0833","1692","","",""
"Utrecht","Utrecht","Utrecht","5.1333","52.0833","1707","","",""
"Utrecht","Utrecht","Utrecht","5.1333","52.0833","1733","","",""
"Utrecht","Utrecht","Utrecht","5.1333","52.0833","1745","","",""
"Utrecht","Utrecht","Utrecht","5.1333","52.0833","1745","","",""
"Venedig","Venedig","Venedig","12.3267","45.4386","1569","","",""
"Venedig","Venedig","Venedig","12.3267","45.4386","1589","","",""
"Venedig","Venedig","Venedig","12.3267","45.4386","1600","","",""
"Venedig","Venedig","Venedig","12.3267","45.4386","1627","","",""
"Venedig","Venedig","Venedig","12.3267","45.4386","1627","","",""
"Venedig","Venedig","Venedig","12.3267","45.4386","1654","","",""
"Venedig","Venedig","Venedig","12.3267","45.4386","1659","","",""
"Venedig","Venedig","Venedig","12.3267","45.4386","1661","","",""
"Venedig","Venedig","Venedig","12.3267","45.4386","1680","","",""
"Venedig","Venedig","Venedig","12.3267","45.4386","1684","","",""
"Venedig","Venedig","Venedig","12.3267","45.4386","1697","","",""
"Venedig","Venedig","Venedig","12.3267","45.4386","1697","","",""
"Venedig","Venedig","Venedig","12.3267","45.4386","1741","","",""
"Venedig","Venedig","Venedig","12.3267","45.4386","1743","","",""
"Venedig","Venedig","Venedig","12.3267","45.4386","1763","","",""
"Verona","Verona","Verona","11","45.45","1612","","",""
"Wernigerode","Wernigerode","Wernigerode","10.783333","51.833333","1731","","",""
"Wernigerode","Wernigerode","Wernigerode","10.783333","51.833333","1735","","",""
"Wernigerode","Wernigerode","Wernigerode","10.783333","51.833333","1738","","",""
"Wernigerode","Wernigerode","Wernigerode","10.783333","51.833333","1739","","",""
"Wernigerode","Wernigerode","Wernigerode","10.783333","51.833333","1741","","",""
"Wernigerode","Wernigerode","Wernigerode","10.783333","51.833333","1750","","",""
"Wernigerode","Wernigerode","Wernigerode","10.783333","51.833333","1752","","",""
"Wesel","Wesel","Wesel","6.6167","51.6667","1668","","",""
"Wetzlar","Wetzlar","Wetzlar","8.5","50.55","1717","","",""
"Wien","Wien","Wien","16.3667","48.2167","1633","","",""
"Wien","Wien","Wien","16.3667","48.2167","1715","","",""
"Wien","Wien","Wien","16.3667","48.2167","1736","","",""
"Wien","Wien","Wien","16.3667","48.2167","1736","","",""
"Wien","Wien","Wien","16.3667","48.2167","1741","","",""
"Wien","Wien","Wien","16.3667","48.2167","1745","","",""
"Wien","Wien","Wien","16.3667","48.2167","1746","","",""
"Wien","Wien","Wien","16.3667","48.2167","1746","","",""
"Wien","Wien","Wien","16.3667","48.2167","1752","","",""
"Wien","Wien","Wien","16.3667","48.2167","1764","","",""
"Wilhermsdorf","Wilhermsdorf","Wilhermsdorf","10.716667","49.483333","1744","","",""
"Wittenberg","Wittenberg","Wittenberg","12.65","51.8833","1530","","",""
"Wittenberg","Wittenberg","Wittenberg","12.65","51.8833","1546","","",""
"Wittenberg","Wittenberg","Wittenberg","12.65","51.8833","1561","","",""
"Wittenberg","Wittenberg","Wittenberg","12.65","51.8833","1561","","",""
"Wittenberg","Wittenberg","Wittenberg","12.65","51.8833","1601","","",""
"Wittenberg","Wittenberg","Wittenberg","12.65","51.8833","1665","","",""
"Wittenberg","Wittenberg","Wittenberg","12.65","51.8833","1701","","",""
"Wittenberg","Wittenberg","Wittenberg","12.65","51.8833","1723","","",""
"Wittenberg","Wittenberg","Wittenberg","12.65","51.8833","1725","","",""
"Wittenberg","Wittenberg","Wittenberg","12.65","51.8833","1741","","",""
"Wittenberg","Wittenberg","Wittenberg","12.65","51.8833","1741","","",""
"Wolfenbüttel","Wolfenbüttel","Wolfenbüttel","10.536788","52.162592","1563","","",""
"Wolfenbüttel","Wolfenbüttel","Wolfenbüttel","10.536788","52.162592","1698","","",""
"Wolfenbüttel","Wolfenbüttel","Wolfenbüttel","10.536788","52.162592","1700","","",""
"Wolfenbüttel","Wolfenbüttel","Wolfenbüttel","10.536788","52.162592","1702","","",""
"Wolfenbüttel","Wolfenbüttel","Wolfenbüttel","10.536788","52.162592","1707","","",""
"Wolfenbüttel","Wolfenbüttel","Wolfenbüttel","10.536788","52.162592","1709","","",""
"Wolfenbüttel","Wolfenbüttel","Wolfenbüttel","10.536788","52.162592","1709","","",""
"Wolfenbüttel","Wolfenbüttel","Wolfenbüttel","10.536788","52.162592","1711","","",""
"Wolfenbüttel","Wolfenbüttel","Wolfenbüttel","10.536788","52.162592","1721","","",""
"Wolfenbüttel","Wolfenbüttel","Wolfenbüttel","10.536788","52.162592","1723","","",""
"Wolfenbüttel","Wolfenbüttel","Wolfenbüttel","10.536788","52.162592","1727","","",""
"Wolfenbüttel","Wolfenbüttel","Wolfenbüttel","10.536788","52.162592","1729","","",""
"Wolfenbüttel","Wolfenbüttel","Wolfenbüttel","10.536788","52.162592","1730","","",""
"Wolfenbüttel","Wolfenbüttel","Wolfenbüttel","10.536788","52.162592","1731","","",""
"Wolfenbüttel","Wolfenbüttel","Wolfenbüttel","10.536788","52.162592","1736","","",""
"Wolfenbüttel","Wolfenbüttel","Wolfenbüttel","10.536788","52.162592","1737","","",""
"Zerbst","Zerbst","Zerbst","12.0833","51.9667","1710","","",""
"Zerbst","Zerbst","Zerbst","12.0833","51.9667","1710","","",""
"Zerbst","Zerbst","Zerbst","12.0833","51.9667","1716","","",""
"Zerbst","Zerbst","Zerbst","12.0833","51.9667","1746","","",""
"Zürich","Zürich","Zürich","8.55","47.3833","1606","","",""
"Öhringen","Öhringen","Öhringen","9.503889","49.201667","1702","","",""
"Öhringen","Öhringen","Öhringen","9.503889","49.201667","1743","","",""
