sep=,
id,pageCat,imageCat,numberCat,itemInVolume,titleCat,titleBib,titleNormalized,author1,author2,author3,author4,contributor1,contributor2,contributor3,contributor4,place1,place2,publishers,year,format,histSubject,subjects,genres,mediaType,languages,systemManifestation,idManifestation,institutionOriginal,shelfmarkOriginal,provenanceAttribute,digitalCopyOriginal,targetOPAC,searchID,titleWork,systemWork,idWork,bound,comment,digitalCopy,copiesHAB
goethe0,,,,0,,"Gortz Of Berlingen, With The Iron Hand: An Historical Drama Of The Fifteenth Century: Translated From The German Of Goethe, The Author Of Werter",,,,,,,,,,Liverpool#getty7010597,,,,,,"Goethe A.1.2 Selbständige Schriften",,,,,,KSW,ruppert1841*,,,https://lhwei.gbv.de/DB=2/CMD?ACT=SRCHA&TRM=sgn+{ID},,,,,1,,,,,,
goethe1,,,,0,,"Translations of German Poems, extracted from the musical publications of the author of The German Erato [Bd. 1]",,,,,,,,,,Berlin#getty7003712,,,,,,"Goethe G.5 Deutsche Literatur. Goethezeit",,,,,,KSW,ruppert809*,,,https://lhwei.gbv.de/DB=2/CMD?ACT=SRCHA&TRM=sgn+{ID},,,,,1,,,,,,
goethe2,,,,0,,"Herman Et Dorothée: En IX Chants; Poëme allemand de Goethe",,,,,,,,,,Paris#getty7008038,,,,,,"Goethe A.1.2 Selbständige Schriften",,,,,,KSW,ruppert1844*,,,https://lhwei.gbv.de/DB=2/CMD?ACT=SRCHA&TRM=sgn+{ID},,,,,1,,,,,,
goethe3,,,,0,,"Zueignung: Dedication",,,,,,,,,,Weimar#getty7012886,,,,,,"Goethe A.1.2 Selbständige Schriften",,,,,,KSW,ruppert1916*,,,https://lhwei.gbv.de/DB=2/CMD?ACT=SRCHA&TRM=sgn+{ID},,,,,1,,,,,,
goethe4,,,,0,,"Lectures nouvelles amusantes et instructives à l'usage des amateurs de la langue Française",,,,,,,,,,Zeitz#getty7012351,,,,,,"Goethe J.5 Französische Literatur. Seit 1789",,,,,,KSW,ruppert1562*,,,https://lhwei.gbv.de/DB=2/CMD?ACT=SRCHA&TRM=sgn+{ID},,,,,1,,,,,,
goethe5,,,,0,,"German Romance: Specimens of Its Chief Authors, With Biographical and Critical Notices: By the Translator of Wilhelm Meister, and Author of The Life of Schiller, Bd. 4: Goethe",,,,,,,,,,Edinburgh#getty7009546,,,,,,"Goethe A.2 Übersetzungen von Werken Goethes",,,,,,KSW,ruppert814*,,,https://lhwei.gbv.de/DB=2/CMD?ACT=SRCHA&TRM=sgn+{ID},,,,,1,,,,,,
goethe6,,,,0,,"Wilhelm Meister's Apprenticeship: A Novel: From the German of Goethe, Bd. 1",,,,,,,,,,London#getty7011781,,,,,,"Goethe A.1.2 Selbständige Schriften",,,,,,KSW,ruppert1862*,,,https://lhwei.gbv.de/DB=2/CMD?ACT=SRCHA&TRM=sgn+{ID},,,,,1,,,,,,
goethe7,,,,0,,"Wilhelm Meister's Apprenticeship: A Novel: From the German of Goethe, Bd. 2",,,,,,,,,,London#getty7011781,,,,,,"Goethe A.1.2 Selbständige Schriften",,,,,,KSW,ruppert1862*,,,https://lhwei.gbv.de/DB=2/CMD?ACT=SRCHA&TRM=sgn+{ID},,,,,1,,,,,,
goethe8,,,,0,,"Wilhelm Meister's Apprenticeship: A Novel: From the German of Goethe, Bd. 3",,,,,,,,,,London#getty7011781,,,,,,"Goethe A.1.2 Selbständige Schriften",,,,,,KSW,ruppert1862*,,,https://lhwei.gbv.de/DB=2/CMD?ACT=SRCHA&TRM=sgn+{ID},,,,,1,,,,,,
goethe9,,,,0,,"Was wir bringen: Vorspiel, bey Eröffnung des neuen Schauspielhauses zu Lauchstädt",,,,,,,,,,Tübingen#getty7004426,,,,,,"Goethe A.1.2 Selbständige Schriften",,,,,,KSW,ruppert1912*,,,https://lhwei.gbv.de/DB=2/CMD?ACT=SRCHA&TRM=sgn+{ID},,,,,1,,,,,,
goethe10,,,,0,,"Études Françaises et étrangères: Quatrième édition, corrigée et augmentée de huit pièces nouvelles",,,,,,,,,,Paris#getty7008038,,,,,,"Goethe J.5 Französische Literatur. Seit 1789",,,,,,KSW,ruppert1575*,,,https://lhwei.gbv.de/DB=2/CMD?ACT=SRCHA&TRM=sgn+{ID},,,,,1,,,,,,
goethe11,,,,0,,"Poems: With Some Translations From The German",,,,,,,,,,Dublin#getty7001306,,,,,,"Goethe H.3 Englische Literatur seit 1720",,,,,,KSW,ruppert1483*,,,https://lhwei.gbv.de/DB=2/CMD?ACT=SRCHA&TRM=sgn+{ID},,,,,1,,,,,,
goethe12,,,,0,,"Dublin University Prize Poems: With Spanish and German Ballads, &c",,,,,,,,,,Dublin#getty7001306,,,,,,"Goethe H.3 Englische Literatur seit 1720",,,,,,KSW,ruppert1506*,,,https://lhwei.gbv.de/DB=2/CMD?ACT=SRCHA&TRM=sgn+{ID},,,,,1,,,,,,
goethe13,,,,0,,"Faust: A Drama. In Two Volumes by Goethe. With Translations From The German By Lord Francis Leveson Gower, 2. Aufl., Bd. 1",,,,,,,,,,London#getty7011781,,,,,,"Goethe A.1.2 Selbständige Schriften",,,,,,KSW,ruppert1824*,,,https://lhwei.gbv.de/DB=2/CMD?ACT=SRCHA&TRM=sgn+{ID},,,,,1,,,,,,
goethe14,,,,0,,"Faust: A Drama. In Two Volumes by Goethe. With Translations From The German By Lord Francis Leveson Gower, 2. Aufl., Bd. 2",,,,,,,,,,London#getty7011781,,,,,,"Goethe A.1.2 Selbständige Schriften",,,,,,KSW,ruppert1824*,,,https://lhwei.gbv.de/DB=2/CMD?ACT=SRCHA&TRM=sgn+{ID},,,,,1,,,,,,
goethe15,,,,0,,"Essai sur la metamorphose des plantes par J. W. de Goethe: Trad. de l'allemand sur l'ed. orig. de Gotha (1790) par Frederic de Gingins-Lassaraz",,,,,,,,,,Genf#getty7007279,,,,,,"Goethe A.1.2 Selbständige Schriften",,,,,,KSW,ruppert1908*,,,https://lhwei.gbv.de/DB=2/CMD?ACT=SRCHA&TRM=sgn+{ID},,,,,1,,,,,,
goethe16,,,,0,,"Metaphraseis: Sammlung von Übersetzungen ins Griechische",,,,,,,,,,Köln#getty7004446,,,,,,"Goethe A.2 Übersetzungen von Werken Goethes",,,,,,KSW,ruppert1221*,,,https://lhwei.gbv.de/DB=2/CMD?ACT=SRCHA&TRM=sgn+{ID},,,,,1,,,,,,
goethe17,,,,0,,"Gold's London Magazine, Nr. 19",,,,,,,,,,London#getty7011781,,,,,,"Goethe B.4.2 Allgemeine Zeitschriften. Ausland",,,,,,KSW,ruppert371*,,,https://lhwei.gbv.de/DB=2/CMD?ACT=SRCHA&TRM=sgn+{ID},,,,,1,,,,,,
goethe18,,,,0,,"Les années d'apprentissage de Guillaume Meister: Roman traduit de l'Allemand: Par Goethé",,,,,,,,,,Koblenz#getty7004448,,,,,,"Goethe A.1.2 Selbständige Schriften",,,,,,KSW,ruppert1863*,,,https://lhwei.gbv.de/DB=2/CMD?ACT=SRCHA&TRM=sgn+{ID},,,,,1,,,,,,
goethe19,,,,0,,"Les années d'apprentissage de Guillaume Meister: Roman traduit de l'Allemand: Par Goethé",,,,,,,,,,Koblenz#getty7004448,,,,,,"Goethe A.1.2 Selbständige Schriften",,,,,,KSW,ruppert1863*,,,https://lhwei.gbv.de/DB=2/CMD?ACT=SRCHA&TRM=sgn+{ID},,,,,1,,,,,,
goethe20,,,,0,,"Goethowa Iphigenia W. Taurii Tragédia w pateru",,,,,,,,,,Prag#getty7006464,,,,,,"Goethe A.1.2 Selbständige Schriften",,,,,,KSW,ruppert1854*,,,https://lhwei.gbv.de/DB=2/CMD?ACT=SRCHA&TRM=sgn+{ID},,,,,1,,,,,,
goethe21,,,,0,,"Faust: Tragédie, de M. Goethe; Trad. En Français Par M. Albert Stapfer; Ornée d'un Portrait de l'Auteur, Et De Dix-Sept Dessins Composés D'Après Les principales Scènes De L'Ouvrage Et Exécutés Sur Pierre Par M. Eugène Delacroix",,,,,,,,,,Paris#getty7008038,,,,,,"Goethe A.1.2 Selbständige Schriften",,,,,,KSW,ruppert1826*,,,https://lhwei.gbv.de/DB=2/CMD?ACT=SRCHA&TRM=sgn+{ID},,,,,1,,,,,,
goethe22,,,,0,,"Observations on Leonardo da Vinci's celebrated picture of the last supper: By J.W. de Goethe, Minister of State to H.R.H. the Grand Duke of Saxe-Weimar, Author of Werther, Faust, Goetz of Berlichingen, &c. &c. ; translated from the German and accompanied with an introdroduktion, and a few notes by G.H. Noehden, LL.D.F.R.S. &c.",,,,,,,,,,London#getty7011781,,,,,,"Goethe A.1.2 Selbständige Schriften",,,,,,KSW,ruppert1807*,,,https://lhwei.gbv.de/DB=2/CMD?ACT=SRCHA&TRM=sgn+{ID},,,,,1,,,,,,
goethe23,,,,0,,"Iphigeneia h? en Taurois: Trag?dia eis pente praxeis (1. Ex.)",,,,,,,,,,Jena#getty7005973,,,,,,"Goethe A.1.2 Selbständige Schriften",,,,,,KSW,ruppert1853*,,,https://lhwei.gbv.de/DB=2/CMD?ACT=SRCHA&TRM=sgn+{ID},,,,,1,,,,,,
goethe24,,,,0,,"Iphigeneia h? en Taurois: Trag?dia eis pente praxeis (2. Ex.)",,,,,,,,,,Jena#getty7005973,,,,,,"Goethe A.1.2 Selbständige Schriften",,,,,,KSW,ruppert1853*,,,https://lhwei.gbv.de/DB=2/CMD?ACT=SRCHA&TRM=sgn+{ID},,,,,1,,,,,,
goethe25,,,,0,,"Iphigeneia h? en Taurois: Trag?dia eis pente praxeis (3. Ex.)",,,,,,,,,,Jena#getty7005973,,,,,,"Goethe A.1.2 Selbständige Schriften",,,,,,KSW,ruppert1853*,,,https://lhwei.gbv.de/DB=2/CMD?ACT=SRCHA&TRM=sgn+{ID},,,,,1,,,,,,
goethe26,,,,0,,"Iphigeneia h? en Taurois: Trag?dia eis pente praxeis (4. Ex.)",,,,,,,,,,Jena#getty7005973,,,,,,"Goethe A.1.2 Selbständige Schriften",,,,,,KSW,ruppert1853*,,,https://lhwei.gbv.de/DB=2/CMD?ACT=SRCHA&TRM=sgn+{ID},,,,,1,,,,,,
goethe27,,,,0,,"Iphigeneia h? en Taurois: Trag?dia eis pente praxeis (5. Ex.)",,,,,,,,,,Jena#getty7005973,,,,,,"Goethe A.1.2 Selbständige Schriften",,,,,,KSW,ruppert1853*,,,https://lhwei.gbv.de/DB=2/CMD?ACT=SRCHA&TRM=sgn+{ID},,,,,1,,,,,,
goethe28,,,,0,,"Iphigeneia h? en Taurois: Trag?dia eis pente praxeis (6. Ex.)",,,,,,,,,,Jena#getty7005973,,,,,,"Goethe A.1.2 Selbständige Schriften",,,,,,KSW,ruppert1853*,,,https://lhwei.gbv.de/DB=2/CMD?ACT=SRCHA&TRM=sgn+{ID},,,,,1,,,,,,
goethe29,,,,0,,"Iphigeneia h? en Taurois: Trag?dia eis pente praxeis (7. Ex.)",,,,,,,,,,Jena#getty7005973,,,,,,"Goethe A.1.2 Selbständige Schriften",,,,,,KSW,ruppert1853*,,,https://lhwei.gbv.de/DB=2/CMD?ACT=SRCHA&TRM=sgn+{ID},,,,,1,,,,,,
goethe30,,,,0,,"Iphigeneia h? en Taurois: Trag?dia eis pente praxeis (8. Ex.)",,,,,,,,,,Jena#getty7005973,,,,,,"Goethe A.1.2 Selbständige Schriften",,,,,,KSW,ruppert1853*,,,https://lhwei.gbv.de/DB=2/CMD?ACT=SRCHA&TRM=sgn+{ID},,,,,1,,,,,,
goethe31,,,,0,,"Iphigeneia h? en Taurois: Trag?dia eis pente praxeis (9. Ex.)",,,,,,,,,,Jena#getty7005973,,,,,,"Goethe A.1.2 Selbständige Schriften",,,,,,KSW,ruppert1853*,,,https://lhwei.gbv.de/DB=2/CMD?ACT=SRCHA&TRM=sgn+{ID},,,,,1,,,,,,
goethe32,,,,0,,"Iphigeneia h? en Taurois: Trag?dia eis pente praxeis (10. Ex.)",,,,,,,,,,Jena#getty7005973,,,,,,"Goethe A.1.2 Selbständige Schriften",,,,,,KSW,ruppert1853*,,,https://lhwei.gbv.de/DB=2/CMD?ACT=SRCHA&TRM=sgn+{ID},,,,,1,,,,,,
goethe33,,,,0,,"Iphigeneia h? en Taurois: Trag?dia eis pente praxeis (11. Ex.)",,,,,,,,,,Jena#getty7005973,,,,,,"Goethe A.1.2 Selbständige Schriften",,,,,,KSW,ruppert1853*,,,https://lhwei.gbv.de/DB=2/CMD?ACT=SRCHA&TRM=sgn+{ID},,,,,1,,,,,,
goethe34,,,,0,,"Iphigeneia h? en Taurois: Trag?dia eis pente praxeis (12. Ex.)",,,,,,,,,,Jena#getty7005973,,,,,,"Goethe A.1.2 Selbständige Schriften",,,,,,KSW,ruppert1853*,,,https://lhwei.gbv.de/DB=2/CMD?ACT=SRCHA&TRM=sgn+{ID},,,,,1,,,,,,
goethe35,,,,0,,"Iphigeneia h? en Taurois: Trag?dia eis pente praxeis (13. Ex.)",,,,,,,,,,Jena#getty7005973,,,,,,"Goethe A.1.2 Selbständige Schriften",,,,,,KSW,ruppert1853*,,,https://lhwei.gbv.de/DB=2/CMD?ACT=SRCHA&TRM=sgn+{ID},,,,,1,,,,,,
goethe36,,,,0,,"Iphigeneia h? en Taurois: Trag?dia eis pente praxeis (14. Ex.)",,,,,,,,,,Jena#getty7005973,,,,,,"Goethe A.1.2 Selbständige Schriften",,,,,,KSW,ruppert1853*,,,https://lhwei.gbv.de/DB=2/CMD?ACT=SRCHA&TRM=sgn+{ID},,,,,1,,,,,,
goethe37,,,,0,,"Iphigeneia h? en Taurois: Trag?dia eis pente praxeis (15. Ex.)",,,,,,,,,,Jena#getty7005973,,,,,,"Goethe A.1.2 Selbständige Schriften",,,,,,KSW,ruppert1853*,,,https://lhwei.gbv.de/DB=2/CMD?ACT=SRCHA&TRM=sgn+{ID},,,,,1,,,,,,
goethe38,,,,0,,"Iphigeneia h? en Taurois: Trag?dia eis pente praxeis (16. Ex.)",,,,,,,,,,Jena#getty7005973,,,,,,"Goethe A.1.2 Selbständige Schriften",,,,,,KSW,ruppert1853*,,,https://lhwei.gbv.de/DB=2/CMD?ACT=SRCHA&TRM=sgn+{ID},,,,,1,,,,,,
goethe39,,,,0,,"Iphigeneia h? en Taurois: Trag?dia eis pente praxeis (17. Ex.)",,,,,,,,,,Jena#getty7005973,,,,,,"Goethe A.1.2 Selbständige Schriften",,,,,,KSW,ruppert1853*,,,https://lhwei.gbv.de/DB=2/CMD?ACT=SRCHA&TRM=sgn+{ID},,,,,1,,,,,,
goethe40,,,,0,,"Iphigeneia h? en Taurois: Trag?dia eis pente praxeis (18. Ex.)",,,,,,,,,,Jena#getty7005973,,,,,,"Goethe A.1.2 Selbständige Schriften",,,,,,KSW,ruppert1853*,,,https://lhwei.gbv.de/DB=2/CMD?ACT=SRCHA&TRM=sgn+{ID},,,,,1,,,,,,
goethe41,,,,0,,"Iphigeneia h? en Taurois: Trag?dia eis pente praxeis (19. Ex.)",,,,,,,,,,Jena#getty7005973,,,,,,"Goethe A.1.2 Selbständige Schriften",,,,,,KSW,ruppert1853*,,,https://lhwei.gbv.de/DB=2/CMD?ACT=SRCHA&TRM=sgn+{ID},,,,,1,,,,,,
goethe42,,,,0,,"Iphigeneia h? en Taurois: Trag?dia eis pente praxeis (20. Ex.)",,,,,,,,,,Jena#getty7005973,,,,,,"Goethe A.1.2 Selbständige Schriften",,,,,,KSW,ruppert1853*,,,https://lhwei.gbv.de/DB=2/CMD?ACT=SRCHA&TRM=sgn+{ID},,,,,1,,,,,,
goethe43,,,,0,,"Iphigeneia h? en Taurois: Trag?dia eis pente praxeis (21. Ex.)",,,,,,,,,,Jena#getty7005973,,,,,,"Goethe A.1.2 Selbständige Schriften",,,,,,KSW,ruppert1853*,,,https://lhwei.gbv.de/DB=2/CMD?ACT=SRCHA&TRM=sgn+{ID},,,,,1,,,,,,
goethe44,,,,0,,"Iphigeneia h? en Taurois: Trag?dia eis pente praxeis (22. Ex.)",,,,,,,,,,Jena#getty7005973,,,,,,"Goethe A.1.2 Selbständige Schriften",,,,,,KSW,ruppert1853*,,,https://lhwei.gbv.de/DB=2/CMD?ACT=SRCHA&TRM=sgn+{ID},,,,,1,,,,,,
goethe45,,,,0,,"Iphigeneia h? en Taurois: Trag?dia eis pente praxeis (23. Ex.)",,,,,,,,,,Jena#getty7005973,,,,,,"Goethe A.1.2 Selbständige Schriften",,,,,,KSW,ruppert1853*,,,https://lhwei.gbv.de/DB=2/CMD?ACT=SRCHA&TRM=sgn+{ID},,,,,1,,,,,,
goethe46,,,,0,,"Iphigeneia h? en Taurois: Trag?dia eis pente praxeis (24. Ex.)",,,,,,,,,,Jena#getty7005973,,,,,,"Goethe A.1.2 Selbständige Schriften",,,,,,KSW,ruppert1853*,,,https://lhwei.gbv.de/DB=2/CMD?ACT=SRCHA&TRM=sgn+{ID},,,,,1,,,,,,
goethe47,,,,0,,"Iphigeneia h? en Taurois: Trag?dia eis pente praxeis (25. Ex.)",,,,,,,,,,Jena#getty7005973,,,,,,"Goethe A.1.2 Selbständige Schriften",,,,,,KSW,ruppert1853*,,,https://lhwei.gbv.de/DB=2/CMD?ACT=SRCHA&TRM=sgn+{ID},,,,,1,,,,,,
goethe48,,,,0,,"Iphigeneia h? en Taurois: Trag?dia eis pente praxeis (26. Ex.)",,,,,,,,,,Jena#getty7005973,,,,,,"Goethe A.1.2 Selbständige Schriften",,,,,,KSW,ruppert1853*,,,https://lhwei.gbv.de/DB=2/CMD?ACT=SRCHA&TRM=sgn+{ID},,,,,1,,,,,,
goethe49,,,,0,,"Iphigeneia h? en Taurois: Trag?dia eis pente praxeis (31. Ex.)",,,,,,,,,,Jena#getty7005973,,,,,,"Goethe A.1.2 Selbständige Schriften",,,,,,KSW,ruppert1853*,,,https://lhwei.gbv.de/DB=2/CMD?ACT=SRCHA&TRM=sgn+{ID},,,,,1,,,,,,
goethe50,,,,0,,"Iphigenia in Tauris: A tragedy: Written originally in German",,,,,,,,,,Berlin#getty7003712,,,,,,"Goethe A.1.2 Selbständige Schriften",,,,,,KSW,ruppert1850*,,,https://lhwei.gbv.de/DB=2/CMD?ACT=SRCHA&TRM=sgn+{ID},,,,,1,,,,,,
goethe51,,,,0,,"Iphigenia in Tauris: A tragedy: Written originally in German [Nachdruck]",,,,,,,,,,Berlin#getty7003712,,,,,,"Goethe A.1.2 Selbständige Schriften",,,,,,KSW,ruppert1851*,,,https://lhwei.gbv.de/DB=2/CMD?ACT=SRCHA&TRM=sgn+{ID},,,,,1,,,,,,
goethe52,,,,0,,"Oeuvres Dramatiques De J. W. Goethe: Traduites De L'Allemand Précédées D'Une Notice Biographique Et Littéraire Sur Goethe, Bd. 1",,,,,,,,,,"Château de Talcy#getty1100356",,,,,,"Goethe A.1.1 Goethe. Werkausgaben",,,,,,KSW,ruppert1805*,,,https://lhwei.gbv.de/DB=2/CMD?ACT=SRCHA&TRM=sgn+{ID},,,,,1,,,,,,
goethe53,,,,0,,"Oeuvres Dramatiques De J. W. Goethe: Traduites De L'Allemand Précédées D'Une Notice Biographique Et Littéraire Sur Goethe, Bd. 2",,,,,,,,,,Paris#getty7008038,,,,,,"Goethe A.1.1 Goethe. Werkausgaben",,,,,,KSW,ruppert1805*,,,https://lhwei.gbv.de/DB=2/CMD?ACT=SRCHA&TRM=sgn+{ID},,,,,1,,,,,,
goethe54,,,,0,,"Oeuvres Dramatiques De J. W. Goethe: Traduites De L'Allemand Précédées D'Une Notice Biographique Et Littéraire Sur Goethe, Bd. 3",,,,,,,,,,Paris#getty7008038,,,,,,"Goethe A.1.1 Goethe. Werkausgaben",,,,,,KSW,ruppert1805*,,,https://lhwei.gbv.de/DB=2/CMD?ACT=SRCHA&TRM=sgn+{ID},,,,,1,,,,,,
goethe55,,,,0,,"Oeuvres Dramatiques De J. W. Goethe: Traduites De L'Allemand Précédées D'Une Notice Biographique Et Littéraire Sur Goethe, Bd. 4",,,,,,,,,,Paris#getty7008038,,,,,,"Goethe A.1.1 Goethe. Werkausgaben",,,,,,KSW,ruppert1805*,,,https://lhwei.gbv.de/DB=2/CMD?ACT=SRCHA&TRM=sgn+{ID},,,,,1,,,,,,
goethe56,,,,0,,"Des hommes célèbres de France au dix-huitième siècle, et de l'état de la littérature et des arts a la mème époque: Suivie des notes des traducteurs",,,,,,,,,,Berlin#getty7003712,,,,,,"Goethe A.1.2 Selbständige Schriften",,,,,,KSW,ruppert1848*,,,https://lhwei.gbv.de/DB=2/CMD?ACT=SRCHA&TRM=sgn+{ID},,,,,1,,,,,,
goethe57,,,,0,,"Iphigeneia h? en Taurois: Trag?dia eis pente praxeis (27. Ex.)",,,,,,,,,,Jena#getty7005973,,,,,,"Goethe A.1.2 Selbständige Schriften",,,,,,KSW,ruppert1853*,,,https://lhwei.gbv.de/DB=2/CMD?ACT=SRCHA&TRM=sgn+{ID},,,,,1,,,,,,
goethe58,,,,0,,"Iphigeneia h? en Taurois: Trag?dia eis pente praxeis (28. Ex.)",,,,,,,,,,Jena#getty7005973,,,,,,"Goethe A.1.2 Selbständige Schriften",,,,,,KSW,ruppert1853*,,,https://lhwei.gbv.de/DB=2/CMD?ACT=SRCHA&TRM=sgn+{ID},,,,,1,,,,,,
goethe59,,,,0,,"Iphigeneia h? en Taurois: Trag?dia eis pente praxeis (29. Ex.)",,,,,,,,,,Jena#getty7005973,,,,,,"Goethe A.1.2 Selbständige Schriften",,,,,,KSW,ruppert1853*,,,https://lhwei.gbv.de/DB=2/CMD?ACT=SRCHA&TRM=sgn+{ID},,,,,1,,,,,,
goethe60,,,,0,,"Iphigeneia h? en Taurois: Trag?dia eis pente praxeis (30. Ex.)",,,,,,,,,,Jena#getty7005973,,,,,,"Goethe A.1.2 Selbständige Schriften",,,,,,KSW,ruppert1853*,,,https://lhwei.gbv.de/DB=2/CMD?ACT=SRCHA&TRM=sgn+{ID},,,,,1,,,,,,
goethe61,,,,0,,"Metrische griechische Übersetzung des zweiten Gesanges (v. 1-273) von Goethes Hermann und Dorothea: mit beigefügtem Original und latein. Uebersetzung von Fischer. Einladungsschrift zu den am 1. 2. und 3. April 1830 anzustellenden öffentlichen Prüfungen und Redeübungen",,,,,,,,,,Gießen#getty7004429,,,,,,"Goethe A.1.2 Selbständige Schriften",,,,,,KSW,ruppert1846*,,,https://lhwei.gbv.de/DB=2/CMD?ACT=SRCHA&TRM=sgn+{ID},,,,,1,,,,,,
goethe62,,,,0,,,,,,,,,,,,,,,,,,,,,,,,,,,,d,,,,,1,,,,,,
