<?xml version="1.0" encoding="UTF-8"?>
<collection>
  <metadata>
    <heading>Übersetzungen von Goethes Texten</heading>
    <owner>Goethe, Johann Wolfgang von</owner>
    <ownerGND>118540238</ownerGND>
    <description>Abstract</description>
    <geoBrowserStorageID>783996</geoBrowserStorageID>
    <creatorReconstruction>Stefan Höppner, Ulrike Trenkmann</creatorReconstruction>
    <yearReconstruction>2019</yearReconstruction>
    <year>1832</year>
    <fileName>goethe</fileName>
  </metadata>
  <item>
    <id>goethe0</id>
    <itemInVolume>0</itemInVolume>
    <volumes>1</volumes>
    <catEntries>
      <catalogue_entry>
        <idCat>cat1</idCat>
      </catalogue_entry>
    </catEntries>
    <titleBib>Gortz Of Berlingen, With The Iron Hand: An Historical Drama Of The Fifteenth Century: Translated From The German Of Goethe, The Author Of Werter</titleBib>
    <persons>
      <person>
        <persName>Goethe, Johann Wolfgang</persName>
        <role>creator</role>
      </person>
      <person>
        <persName>Aguilar, Rose d' (Übers.)</persName>
        <role>creator</role>
      </person>
      <person>
        <persName>Aguilar, Rose d'</persName>
        <role>borrower</role>
        <dateLending>1799-09-20</dateLending>
      </person>
    </persons>
    <places>
      <place>
        <placeName>Liverpool</placeName>
        <getty>7010597</getty>
        <geoData>
          <lat>53.416667</lat>
          <long>-3</long>
        </geoData>
      </place>
    </places>
    <subjects>
      <subject>Goethe A.1.2 Selbständige Schriften</subject>
    </subjects>
    <originalItem>
      <institutionOriginal>KSW</institutionOriginal>
      <shelfmarkOriginal>ruppert1841*</shelfmarkOriginal>
      <targetOPAC>https://lhwei.gbv.de/DB=2/CMD?ACT=SRCHA&amp;TRM=sgn+{ID}</targetOPAC>
    </originalItem>
    <bound>1</bound>
  </item>
  <item>
    <id>goethe1</id>
    <itemInVolume>0</itemInVolume>
    <volumes>1</volumes>
    <catEntries>
      <catalogue_entry>
        <idCat>cat1</idCat>
      </catalogue_entry>
    </catEntries>
    <titleBib>Translations of German Poems, extracted from the musical publications of the author of The German Erato [Bd. 1]</titleBib>
    <persons>
      <person>
        <persName>Beresford, Benjamin (Übers.)</persName>
        <role>creator</role>
      </person>
      <person>
        <persName>Beresford, Benjamin</persName>
        <gnd>137991517</gnd>
        <role>borrower</role>
        <beacon>
          <beacon>kall</beacon>
          <beacon>cors</beacon>
          <beacon>imslp</beacon>
          <beacon>cmvw</beacon>
        </beacon>
        <dateLending>1803-07-12</dateLending>
      </person>
    </persons>
    <places>
      <place>
        <placeName>Berlin</placeName>
        <getty>7003712</getty>
        <geoData>
          <lat>52.516667</lat>
          <long>13.4</long>
        </geoData>
      </place>
    </places>
    <subjects>
      <subject>Goethe G.5 Deutsche Literatur. Goethezeit</subject>
    </subjects>
    <originalItem>
      <institutionOriginal>KSW</institutionOriginal>
      <shelfmarkOriginal>ruppert809*</shelfmarkOriginal>
      <targetOPAC>https://lhwei.gbv.de/DB=2/CMD?ACT=SRCHA&amp;TRM=sgn+{ID}</targetOPAC>
    </originalItem>
    <bound>1</bound>
  </item>
  <item>
    <id>goethe2</id>
    <itemInVolume>0</itemInVolume>
    <volumes>1</volumes>
    <catEntries>
      <catalogue_entry>
        <idCat>cat1</idCat>
      </catalogue_entry>
    </catEntries>
    <titleBib>Herman Et Dorothée: En IX Chants; Poëme allemand de Goethe</titleBib>
    <persons>
      <person>
        <persName>Goethe, Johann Wolfgang</persName>
        <role>creator</role>
      </person>
      <person>
        <persName>Bitaubé,  Paul Jérémie (Übers.)</persName>
        <role>creator</role>
      </person>
      <person>
        <persName>Bitaubé, Paul Jérémie</persName>
        <gnd>116197870</gnd>
        <role>borrower</role>
        <beacon>
          <beacon>ddb</beacon>
          <beacon>kall</beacon>
          <beacon>rarp</beacon>
          <beacon>dpi</beacon>
          <beacon>vkk</beacon>
          <beacon>gpa</beacon>
          <beacon>jdg</beacon>
        </beacon>
        <dateLending>1800-09-96</dateLending>
      </person>
    </persons>
    <places>
      <place>
        <placeName>Paris</placeName>
        <getty>7008038</getty>
        <geoData>
          <lat>48.8667</lat>
          <long>2.3333</long>
        </geoData>
      </place>
    </places>
    <subjects>
      <subject>Goethe A.1.2 Selbständige Schriften</subject>
    </subjects>
    <originalItem>
      <institutionOriginal>KSW</institutionOriginal>
      <shelfmarkOriginal>ruppert1844*</shelfmarkOriginal>
      <targetOPAC>https://lhwei.gbv.de/DB=2/CMD?ACT=SRCHA&amp;TRM=sgn+{ID}</targetOPAC>
    </originalItem>
    <bound>1</bound>
  </item>
  <item>
    <id>goethe3</id>
    <itemInVolume>0</itemInVolume>
    <volumes>1</volumes>
    <catEntries>
      <catalogue_entry>
        <idCat>cat1</idCat>
      </catalogue_entry>
    </catEntries>
    <titleBib>Zueignung: Dedication</titleBib>
    <persons>
      <person>
        <persName>Goethe, Johann Wolfgang</persName>
        <role>creator</role>
      </person>
      <person>
        <persName>Soane, George (Übers.)</persName>
        <role>creator</role>
      </person>
      <person>
        <persName>Bohte, Johann Heinrich</persName>
        <gnd>1018729577</gnd>
        <role>borrower</role>
        <beacon>
          <beacon>kall</beacon>
          <beacon>cors</beacon>
          <beacon>cmvw</beacon>
        </beacon>
        <dateLending>1822-06-03</dateLending>
      </person>
    </persons>
    <places>
      <place>
        <placeName>Weimar</placeName>
        <getty>7012886</getty>
        <geoData>
          <lat>50.983333</lat>
          <long>11.316667</long>
        </geoData>
      </place>
    </places>
    <subjects>
      <subject>Goethe A.1.2 Selbständige Schriften</subject>
    </subjects>
    <originalItem>
      <institutionOriginal>KSW</institutionOriginal>
      <shelfmarkOriginal>ruppert1916*</shelfmarkOriginal>
      <targetOPAC>https://lhwei.gbv.de/DB=2/CMD?ACT=SRCHA&amp;TRM=sgn+{ID}</targetOPAC>
    </originalItem>
    <bound>1</bound>
  </item>
  <item>
    <id>goethe4</id>
    <itemInVolume>0</itemInVolume>
    <volumes>1</volumes>
    <catEntries>
      <catalogue_entry>
        <idCat>cat1</idCat>
      </catalogue_entry>
    </catEntries>
    <titleBib>Lectures nouvelles amusantes et instructives à l'usage des amateurs de la langue Française</titleBib>
    <persons>
      <person>
        <persName>Bonafont, Charles-Philippe</persName>
        <role>creator</role>
      </person>
      <person>
        <persName>Bonafont, Charles-Philippe</persName>
        <gnd>116237554</gnd>
        <role>borrower</role>
        <beacon>
          <beacon>ddb</beacon>
          <beacon>kall</beacon>
          <beacon>cors</beacon>
        </beacon>
        <dateLending>1831-04-20</dateLending>
      </person>
    </persons>
    <places>
      <place>
        <placeName>Zeitz</placeName>
        <getty>7012351</getty>
        <geoData>
          <lat>51.05</lat>
          <long>12.15</long>
        </geoData>
      </place>
    </places>
    <subjects>
      <subject>Goethe J.5 Französische Literatur. Seit 1789</subject>
    </subjects>
    <originalItem>
      <institutionOriginal>KSW</institutionOriginal>
      <shelfmarkOriginal>ruppert1562*</shelfmarkOriginal>
      <targetOPAC>https://lhwei.gbv.de/DB=2/CMD?ACT=SRCHA&amp;TRM=sgn+{ID}</targetOPAC>
    </originalItem>
    <bound>1</bound>
  </item>
  <item>
    <id>goethe5</id>
    <itemInVolume>0</itemInVolume>
    <volumes>1</volumes>
    <catEntries>
      <catalogue_entry>
        <idCat>cat1</idCat>
      </catalogue_entry>
    </catEntries>
    <titleBib>German Romance: Specimens of Its Chief Authors, With Biographical and Critical Notices: By the Translator of Wilhelm Meister, and Author of The Life of Schiller, Bd. 4: Goethe</titleBib>
    <persons>
      <person>
        <persName>Carlyle, Thomas (Übers./Hrsg.)</persName>
        <role>creator</role>
      </person>
      <person>
        <persName>Carlyle, Thomas</persName>
        <gnd>118519131</gnd>
        <role>borrower</role>
        <beacon>
          <beacon>ddb</beacon>
          <beacon>apd</beacon>
          <beacon>wkp</beacon>
          <beacon>kall</beacon>
          <beacon>imslp</beacon>
          <beacon>jdg</beacon>
        </beacon>
        <dateLending>1827-04-15</dateLending>
      </person>
    </persons>
    <places>
      <place>
        <placeName>Edinburgh</placeName>
        <getty>7009546</getty>
        <geoData>
          <lat>55.95</lat>
          <long>-3.2</long>
        </geoData>
      </place>
    </places>
    <subjects>
      <subject>Goethe A.2 Übersetzungen von Werken Goethes</subject>
    </subjects>
    <originalItem>
      <institutionOriginal>KSW</institutionOriginal>
      <shelfmarkOriginal>ruppert814*</shelfmarkOriginal>
      <targetOPAC>https://lhwei.gbv.de/DB=2/CMD?ACT=SRCHA&amp;TRM=sgn+{ID}</targetOPAC>
    </originalItem>
    <bound>1</bound>
  </item>
  <item>
    <id>goethe6</id>
    <itemInVolume>0</itemInVolume>
    <volumes>1</volumes>
    <catEntries>
      <catalogue_entry>
        <idCat>cat1</idCat>
      </catalogue_entry>
    </catEntries>
    <titleBib>Wilhelm Meister's Apprenticeship: A Novel: From the German of Goethe, Bd. 1</titleBib>
    <persons>
      <person>
        <persName>Goethe, Johann Wolfgang</persName>
        <role>creator</role>
      </person>
      <person>
        <persName>Carlye, Thomas (Übers.)</persName>
        <role>creator</role>
      </person>
      <person>
        <persName>Carlyle, Thomas</persName>
        <gnd>118519131</gnd>
        <role>borrower</role>
        <beacon>
          <beacon>ddb</beacon>
          <beacon>apd</beacon>
          <beacon>wkp</beacon>
          <beacon>kall</beacon>
          <beacon>imslp</beacon>
          <beacon>jdg</beacon>
        </beacon>
        <dateLending>1824-06-24</dateLending>
      </person>
    </persons>
    <places>
      <place>
        <placeName>London</placeName>
        <getty>7011781</getty>
        <geoData>
          <lat>51.5142</lat>
          <long>-0.0931</long>
        </geoData>
      </place>
    </places>
    <subjects>
      <subject>Goethe A.1.2 Selbständige Schriften</subject>
    </subjects>
    <originalItem>
      <institutionOriginal>KSW</institutionOriginal>
      <shelfmarkOriginal>ruppert1862*</shelfmarkOriginal>
      <targetOPAC>https://lhwei.gbv.de/DB=2/CMD?ACT=SRCHA&amp;TRM=sgn+{ID}</targetOPAC>
    </originalItem>
    <bound>1</bound>
  </item>
  <item>
    <id>goethe7</id>
    <itemInVolume>0</itemInVolume>
    <volumes>1</volumes>
    <catEntries>
      <catalogue_entry>
        <idCat>cat1</idCat>
      </catalogue_entry>
    </catEntries>
    <titleBib>Wilhelm Meister's Apprenticeship: A Novel: From the German of Goethe, Bd. 2</titleBib>
    <persons>
      <person>
        <persName>Goethe, Johann Wolfgang</persName>
        <role>creator</role>
      </person>
      <person>
        <persName>Carlye, Thomas (Übers.)</persName>
        <role>creator</role>
      </person>
      <person>
        <persName>Carlyle, Thomas</persName>
        <gnd>118519131</gnd>
        <role>borrower</role>
        <beacon>
          <beacon>ddb</beacon>
          <beacon>apd</beacon>
          <beacon>wkp</beacon>
          <beacon>kall</beacon>
          <beacon>imslp</beacon>
          <beacon>jdg</beacon>
        </beacon>
        <dateLending>1824-06-24</dateLending>
      </person>
    </persons>
    <places>
      <place>
        <placeName>London</placeName>
        <getty>7011781</getty>
        <geoData>
          <lat>51.5142</lat>
          <long>-0.0931</long>
        </geoData>
      </place>
    </places>
    <subjects>
      <subject>Goethe A.1.2 Selbständige Schriften</subject>
    </subjects>
    <originalItem>
      <institutionOriginal>KSW</institutionOriginal>
      <shelfmarkOriginal>ruppert1862*</shelfmarkOriginal>
      <targetOPAC>https://lhwei.gbv.de/DB=2/CMD?ACT=SRCHA&amp;TRM=sgn+{ID}</targetOPAC>
    </originalItem>
    <bound>1</bound>
  </item>
  <item>
    <id>goethe8</id>
    <itemInVolume>0</itemInVolume>
    <volumes>1</volumes>
    <catEntries>
      <catalogue_entry>
        <idCat>cat1</idCat>
      </catalogue_entry>
    </catEntries>
    <titleBib>Wilhelm Meister's Apprenticeship: A Novel: From the German of Goethe, Bd. 3</titleBib>
    <persons>
      <person>
        <persName>Goethe, Johann Wolfgang</persName>
        <role>creator</role>
      </person>
      <person>
        <persName>Carlye, Thomas (Übers.)</persName>
        <role>creator</role>
      </person>
      <person>
        <persName>Carlyle, Thomas</persName>
        <gnd>118519131</gnd>
        <role>borrower</role>
        <beacon>
          <beacon>ddb</beacon>
          <beacon>apd</beacon>
          <beacon>wkp</beacon>
          <beacon>kall</beacon>
          <beacon>imslp</beacon>
          <beacon>jdg</beacon>
        </beacon>
        <dateLending>1824-06-24</dateLending>
      </person>
    </persons>
    <places>
      <place>
        <placeName>London</placeName>
        <getty>7011781</getty>
        <geoData>
          <lat>51.5142</lat>
          <long>-0.0931</long>
        </geoData>
      </place>
    </places>
    <subjects>
      <subject>Goethe A.1.2 Selbständige Schriften</subject>
    </subjects>
    <originalItem>
      <institutionOriginal>KSW</institutionOriginal>
      <shelfmarkOriginal>ruppert1862*</shelfmarkOriginal>
      <targetOPAC>https://lhwei.gbv.de/DB=2/CMD?ACT=SRCHA&amp;TRM=sgn+{ID}</targetOPAC>
    </originalItem>
    <bound>1</bound>
  </item>
  <item>
    <id>goethe9</id>
    <itemInVolume>0</itemInVolume>
    <volumes>1</volumes>
    <catEntries>
      <catalogue_entry>
        <idCat>cat1</idCat>
      </catalogue_entry>
    </catEntries>
    <titleBib>Was wir bringen: Vorspiel, bey Eröffnung des neuen Schauspielhauses zu Lauchstädt</titleBib>
    <persons>
      <person>
        <persName>Goethe, Johann Wolfgang</persName>
        <role>creator</role>
      </person>
      <person>
        <persName>Cotta, Johann Friedrich von</persName>
        <gnd>11852240X</gnd>
        <role>borrower</role>
        <beacon>
          <beacon>ddb</beacon>
          <beacon>apd</beacon>
          <beacon>wkp</beacon>
          <beacon>db</beacon>
          <beacon>kall</beacon>
          <beacon>cors</beacon>
          <beacon>humbdig</beacon>
          <beacon>dpi</beacon>
          <beacon>gpa</beacon>
          <beacon>cmvw</beacon>
          <beacon>jdg</beacon>
        </beacon>
        <dateLending>1802-10-12</dateLending>
      </person>
    </persons>
    <places>
      <place>
        <placeName>Tübingen</placeName>
        <getty>7004426</getty>
        <geoData>
          <lat>48.5333</lat>
          <long>9.05</long>
        </geoData>
      </place>
    </places>
    <subjects>
      <subject>Goethe A.1.2 Selbständige Schriften</subject>
    </subjects>
    <originalItem>
      <institutionOriginal>KSW</institutionOriginal>
      <shelfmarkOriginal>ruppert1912*</shelfmarkOriginal>
      <targetOPAC>https://lhwei.gbv.de/DB=2/CMD?ACT=SRCHA&amp;TRM=sgn+{ID}</targetOPAC>
    </originalItem>
    <bound>1</bound>
  </item>
  <item>
    <id>goethe10</id>
    <itemInVolume>0</itemInVolume>
    <volumes>1</volumes>
    <catEntries>
      <catalogue_entry>
        <idCat>cat1</idCat>
      </catalogue_entry>
    </catEntries>
    <titleBib>Études Françaises et étrangères: Quatrième édition, corrigée et augmentée de huit pièces nouvelles</titleBib>
    <persons>
      <person>
        <persName>Deschamps, Émile</persName>
        <role>creator</role>
      </person>
      <person>
        <persName>Deschamps, Emile</persName>
        <gnd>117632767</gnd>
        <role>borrower</role>
        <beacon>
          <beacon>ddb</beacon>
          <beacon>apd</beacon>
          <beacon>wkp</beacon>
          <beacon>kall</beacon>
          <beacon>dpi</beacon>
          <beacon>imslp</beacon>
        </beacon>
        <dateLending>1829-12-10</dateLending>
      </person>
    </persons>
    <places>
      <place>
        <placeName>Paris</placeName>
        <getty>7008038</getty>
        <geoData>
          <lat>48.8667</lat>
          <long>2.3333</long>
        </geoData>
      </place>
    </places>
    <subjects>
      <subject>Goethe J.5 Französische Literatur. Seit 1789</subject>
    </subjects>
    <originalItem>
      <institutionOriginal>KSW</institutionOriginal>
      <shelfmarkOriginal>ruppert1575*</shelfmarkOriginal>
      <targetOPAC>https://lhwei.gbv.de/DB=2/CMD?ACT=SRCHA&amp;TRM=sgn+{ID}</targetOPAC>
    </originalItem>
    <bound>1</bound>
  </item>
  <item>
    <id>goethe11</id>
    <itemInVolume>0</itemInVolume>
    <volumes>1</volumes>
    <catEntries>
      <catalogue_entry>
        <idCat>cat1</idCat>
      </catalogue_entry>
    </catEntries>
    <titleBib>Poems: With Some Translations From The German</titleBib>
    <persons>
      <person>
        <persName>Anster, John</persName>
        <role>creator</role>
      </person>
      <person>
        <persName>Downes, George</persName>
        <gnd>116191031</gnd>
        <role>borrower</role>
        <beacon>
          <beacon>kall</beacon>
        </beacon>
        <dateLending>1826-12-22</dateLending>
      </person>
    </persons>
    <places>
      <place>
        <placeName>Dublin</placeName>
        <getty>7001306</getty>
        <geoData>
          <lat>53.3333</lat>
          <long>-6.25</long>
        </geoData>
      </place>
    </places>
    <subjects>
      <subject>Goethe H.3 Englische Literatur seit 1720</subject>
    </subjects>
    <originalItem>
      <institutionOriginal>KSW</institutionOriginal>
      <shelfmarkOriginal>ruppert1483*</shelfmarkOriginal>
      <targetOPAC>https://lhwei.gbv.de/DB=2/CMD?ACT=SRCHA&amp;TRM=sgn+{ID}</targetOPAC>
    </originalItem>
    <bound>1</bound>
  </item>
  <item>
    <id>goethe12</id>
    <itemInVolume>0</itemInVolume>
    <volumes>1</volumes>
    <catEntries>
      <catalogue_entry>
        <idCat>cat1</idCat>
      </catalogue_entry>
    </catEntries>
    <titleBib>Dublin University Prize Poems: With Spanish and German Ballads, &amp;c</titleBib>
    <persons>
      <person>
        <persName>Downes, George</persName>
        <role>creator</role>
      </person>
      <person>
        <persName>Downes, George</persName>
        <gnd>116191031</gnd>
        <role>borrower</role>
        <beacon>
          <beacon>kall</beacon>
        </beacon>
        <dateLending>1826-12-22</dateLending>
      </person>
    </persons>
    <places>
      <place>
        <placeName>Dublin</placeName>
        <getty>7001306</getty>
        <geoData>
          <lat>53.3333</lat>
          <long>-6.25</long>
        </geoData>
      </place>
    </places>
    <subjects>
      <subject>Goethe H.3 Englische Literatur seit 1720</subject>
    </subjects>
    <originalItem>
      <institutionOriginal>KSW</institutionOriginal>
      <shelfmarkOriginal>ruppert1506*</shelfmarkOriginal>
      <targetOPAC>https://lhwei.gbv.de/DB=2/CMD?ACT=SRCHA&amp;TRM=sgn+{ID}</targetOPAC>
    </originalItem>
    <bound>1</bound>
  </item>
  <item>
    <id>goethe13</id>
    <itemInVolume>0</itemInVolume>
    <volumes>1</volumes>
    <catEntries>
      <catalogue_entry>
        <idCat>cat1</idCat>
      </catalogue_entry>
    </catEntries>
    <titleBib>Faust: A Drama. In Two Volumes by Goethe. With Translations From The German By Lord Francis Leveson Gower, 2. Aufl., Bd. 1</titleBib>
    <persons>
      <person>
        <persName>Goethe, Johann Wolfgang</persName>
        <role>creator</role>
      </person>
      <person>
        <persName>Ellsmere, Francis Egerton Earl of (Übers.)</persName>
        <role>creator</role>
      </person>
      <person>
        <persName>Ellsmere, Francis Egerton Earl of (Übers.)</persName>
        <gnd>102005451</gnd>
        <role>borrower</role>
        <beacon>
          <beacon>wkp</beacon>
          <beacon>kall</beacon>
          <beacon>humbdig</beacon>
        </beacon>
        <dateLending>1825-04</dateLending>
      </person>
    </persons>
    <places>
      <place>
        <placeName>London</placeName>
        <getty>7011781</getty>
        <geoData>
          <lat>51.5142</lat>
          <long>-0.0931</long>
        </geoData>
      </place>
    </places>
    <subjects>
      <subject>Goethe A.1.2 Selbständige Schriften</subject>
    </subjects>
    <originalItem>
      <institutionOriginal>KSW</institutionOriginal>
      <shelfmarkOriginal>ruppert1824*</shelfmarkOriginal>
      <targetOPAC>https://lhwei.gbv.de/DB=2/CMD?ACT=SRCHA&amp;TRM=sgn+{ID}</targetOPAC>
    </originalItem>
    <bound>1</bound>
  </item>
  <item>
    <id>goethe14</id>
    <itemInVolume>0</itemInVolume>
    <volumes>1</volumes>
    <catEntries>
      <catalogue_entry>
        <idCat>cat1</idCat>
      </catalogue_entry>
    </catEntries>
    <titleBib>Faust: A Drama. In Two Volumes by Goethe. With Translations From The German By Lord Francis Leveson Gower, 2. Aufl., Bd. 2</titleBib>
    <persons>
      <person>
        <persName>Goethe, Johann Wolfgang</persName>
        <role>creator</role>
      </person>
      <person>
        <persName>Lessing, Gotthold Ephraim</persName>
        <role>creator</role>
      </person>
      <person>
        <persName>Schiller, Friedrich</persName>
        <role>creator</role>
      </person>
      <person>
        <persName>Bürger, Georg August</persName>
        <role>creator</role>
      </person>
      <person>
        <persName>Saalis-Seewis, Johann Gaudenz von</persName>
        <role>creator</role>
      </person>
      <person>
        <persName>Ellsmere, Francis Egerton Earl of (Übers.)</persName>
        <role>creator</role>
      </person>
      <person>
        <persName>Ellsmere, Francis Egerton Earl of (Übers.)</persName>
        <gnd>102005451</gnd>
        <role>borrower</role>
        <beacon>
          <beacon>wkp</beacon>
          <beacon>kall</beacon>
          <beacon>humbdig</beacon>
        </beacon>
        <dateLending>1825-04</dateLending>
      </person>
    </persons>
    <places>
      <place>
        <placeName>London</placeName>
        <getty>7011781</getty>
        <geoData>
          <lat>51.5142</lat>
          <long>-0.0931</long>
        </geoData>
      </place>
    </places>
    <subjects>
      <subject>Goethe A.1.2 Selbständige Schriften</subject>
    </subjects>
    <originalItem>
      <institutionOriginal>KSW</institutionOriginal>
      <shelfmarkOriginal>ruppert1824*</shelfmarkOriginal>
      <targetOPAC>https://lhwei.gbv.de/DB=2/CMD?ACT=SRCHA&amp;TRM=sgn+{ID}</targetOPAC>
    </originalItem>
    <bound>1</bound>
  </item>
  <item>
    <id>goethe15</id>
    <itemInVolume>0</itemInVolume>
    <volumes>1</volumes>
    <catEntries>
      <catalogue_entry>
        <idCat>cat1</idCat>
      </catalogue_entry>
    </catEntries>
    <titleBib>Essai sur la metamorphose des plantes par J. W. de Goethe: Trad. de l'allemand sur l'ed. orig. de Gotha (1790) par Frederic de Gingins-Lassaraz</titleBib>
    <persons>
      <person>
        <persName>Goethe, Johann Wolfgang</persName>
        <role>creator</role>
      </person>
      <person>
        <persName>Gingins- la Sarra, Frédéric de (Übers.)</persName>
        <role>creator</role>
      </person>
      <person>
        <persName>Gingins-la Sarra, Frédéric Charles de</persName>
        <gnd>11817892X</gnd>
        <role>borrower</role>
        <beacon>
          <beacon>ddb</beacon>
          <beacon>hls</beacon>
          <beacon>kall</beacon>
        </beacon>
        <dateLending>1829-04-15</dateLending>
      </person>
    </persons>
    <places>
      <place>
        <placeName>Genf</placeName>
        <getty>7007279</getty>
        <geoData>
          <lat>46.2167</lat>
          <long>6.15</long>
        </geoData>
      </place>
    </places>
    <subjects>
      <subject>Goethe A.1.2 Selbständige Schriften</subject>
    </subjects>
    <originalItem>
      <institutionOriginal>KSW</institutionOriginal>
      <shelfmarkOriginal>ruppert1908*</shelfmarkOriginal>
      <targetOPAC>https://lhwei.gbv.de/DB=2/CMD?ACT=SRCHA&amp;TRM=sgn+{ID}</targetOPAC>
    </originalItem>
    <bound>1</bound>
  </item>
  <item>
    <id>goethe16</id>
    <itemInVolume>0</itemInVolume>
    <volumes>1</volumes>
    <catEntries>
      <catalogue_entry>
        <idCat>cat1</idCat>
      </catalogue_entry>
    </catEntries>
    <titleBib>Metaphraseis: Sammlung von Übersetzungen ins Griechische</titleBib>
    <persons>
      <person>
        <persName>Göller, Franz (Hrsg.)</persName>
        <role>creator</role>
      </person>
      <person>
        <persName>Göller, Franz</persName>
        <gnd>116704217</gnd>
        <role>borrower</role>
        <beacon>
          <beacon>ddb</beacon>
          <beacon>db</beacon>
          <beacon>kall</beacon>
          <beacon>berlin1800</beacon>
        </beacon>
        <dateLending>1825-02-01</dateLending>
      </person>
    </persons>
    <places>
      <place>
        <placeName>Köln</placeName>
        <getty>7004446</getty>
        <geoData>
          <lat>50.9333</lat>
          <long>6.95</long>
        </geoData>
      </place>
    </places>
    <subjects>
      <subject>Goethe A.2 Übersetzungen von Werken Goethes</subject>
    </subjects>
    <originalItem>
      <institutionOriginal>KSW</institutionOriginal>
      <shelfmarkOriginal>ruppert1221*</shelfmarkOriginal>
      <targetOPAC>https://lhwei.gbv.de/DB=2/CMD?ACT=SRCHA&amp;TRM=sgn+{ID}</targetOPAC>
    </originalItem>
    <bound>1</bound>
  </item>
  <item>
    <id>goethe17</id>
    <itemInVolume>0</itemInVolume>
    <volumes>1</volumes>
    <catEntries>
      <catalogue_entry>
        <idCat>cat1</idCat>
      </catalogue_entry>
    </catEntries>
    <titleBib>Gold's London Magazine, Nr. 19</titleBib>
    <persons>
      <person>
        <persName>[Anonym]</persName>
        <role>creator</role>
      </person>
      <person>
        <persName>Hüttner, Johann Christian</persName>
        <gnd>117053759</gnd>
        <role>borrower</role>
        <beacon>
          <beacon>ddb</beacon>
          <beacon>db</beacon>
          <beacon>kall</beacon>
          <beacon>jdg</beacon>
        </beacon>
        <dateLending>1821-07-03</dateLending>
      </person>
    </persons>
    <places>
      <place>
        <placeName>London</placeName>
        <getty>7011781</getty>
        <geoData>
          <lat>51.5142</lat>
          <long>-0.0931</long>
        </geoData>
      </place>
    </places>
    <subjects>
      <subject>Goethe B.4.2 Allgemeine Zeitschriften. Ausland</subject>
    </subjects>
    <originalItem>
      <institutionOriginal>KSW</institutionOriginal>
      <shelfmarkOriginal>ruppert371*</shelfmarkOriginal>
      <targetOPAC>https://lhwei.gbv.de/DB=2/CMD?ACT=SRCHA&amp;TRM=sgn+{ID}</targetOPAC>
    </originalItem>
    <bound>1</bound>
  </item>
  <item>
    <id>goethe18</id>
    <itemInVolume>0</itemInVolume>
    <volumes>1</volumes>
    <catEntries>
      <catalogue_entry>
        <idCat>cat1</idCat>
      </catalogue_entry>
    </catEntries>
    <titleBib>Les années d'apprentissage de Guillaume Meister: Roman traduit de l'Allemand: Par Goethé</titleBib>
    <persons>
      <person>
        <persName>Goethe, Johann Wolfgang</persName>
        <role>creator</role>
      </person>
      <person>
        <persName>Lassaulx, Franz Georg Joseph von (Übers.)</persName>
        <role>creator</role>
      </person>
      <person>
        <persName>Lassaulx, Franz Georg Joseph von</persName>
        <gnd>116002182</gnd>
        <role>borrower</role>
        <beacon>
          <beacon>ddb</beacon>
          <beacon>wkp</beacon>
          <beacon>db</beacon>
          <beacon>rpbio</beacon>
          <beacon>gspd</beacon>
          <beacon>kall</beacon>
          <beacon>jdg</beacon>
        </beacon>
        <dateLending>1801-07-17</dateLending>
      </person>
    </persons>
    <places>
      <place>
        <placeName>Koblenz</placeName>
        <getty>7004448</getty>
        <geoData>
          <lat>50.35</lat>
          <long>7.6</long>
        </geoData>
      </place>
    </places>
    <subjects>
      <subject>Goethe A.1.2 Selbständige Schriften</subject>
    </subjects>
    <originalItem>
      <institutionOriginal>KSW</institutionOriginal>
      <shelfmarkOriginal>ruppert1863*</shelfmarkOriginal>
      <targetOPAC>https://lhwei.gbv.de/DB=2/CMD?ACT=SRCHA&amp;TRM=sgn+{ID}</targetOPAC>
    </originalItem>
    <bound>1</bound>
  </item>
  <item>
    <id>goethe19</id>
    <itemInVolume>0</itemInVolume>
    <volumes>1</volumes>
    <catEntries>
      <catalogue_entry>
        <idCat>cat1</idCat>
      </catalogue_entry>
    </catEntries>
    <titleBib>Les années d'apprentissage de Guillaume Meister: Roman traduit de l'Allemand: Par Goethé</titleBib>
    <persons>
      <person>
        <persName>Goethe, Johann Wolfgang</persName>
        <role>creator</role>
      </person>
      <person>
        <persName>Lassaulx, Franz Georg Joseph von (Übers.)</persName>
        <role>creator</role>
      </person>
      <person>
        <persName>Lassaulx, Franz Georg Joseph von</persName>
        <gnd>116002182</gnd>
        <role>borrower</role>
        <beacon>
          <beacon>ddb</beacon>
          <beacon>wkp</beacon>
          <beacon>db</beacon>
          <beacon>rpbio</beacon>
          <beacon>gspd</beacon>
          <beacon>kall</beacon>
          <beacon>jdg</beacon>
        </beacon>
        <dateLending>1801-07-17</dateLending>
      </person>
    </persons>
    <places>
      <place>
        <placeName>Koblenz</placeName>
        <getty>7004448</getty>
        <geoData>
          <lat>50.35</lat>
          <long>7.6</long>
        </geoData>
      </place>
    </places>
    <subjects>
      <subject>Goethe A.1.2 Selbständige Schriften</subject>
    </subjects>
    <originalItem>
      <institutionOriginal>KSW</institutionOriginal>
      <shelfmarkOriginal>ruppert1863*</shelfmarkOriginal>
      <targetOPAC>https://lhwei.gbv.de/DB=2/CMD?ACT=SRCHA&amp;TRM=sgn+{ID}</targetOPAC>
    </originalItem>
    <bound>1</bound>
  </item>
  <item>
    <id>goethe20</id>
    <itemInVolume>0</itemInVolume>
    <volumes>1</volumes>
    <catEntries>
      <catalogue_entry>
        <idCat>cat1</idCat>
      </catalogue_entry>
    </catEntries>
    <titleBib>Goethowa Iphigenia W. Taurii Tragédia w pateru</titleBib>
    <persons>
      <person>
        <persName>Goethe, Johann Wolfgang</persName>
        <role>creator</role>
      </person>
      <person>
        <persName>Machácka, Simon Karl (Übers.)</persName>
        <role>creator</role>
      </person>
      <person>
        <persName>Mácháka, Simon Karl</persName>
        <gnd>1019705728</gnd>
        <role>borrower</role>
        <beacon>
          <beacon>blko</beacon>
        </beacon>
        <dateLending>1822-09-10</dateLending>
      </person>
    </persons>
    <places>
      <place>
        <placeName>Prag</placeName>
        <getty>7006464</getty>
        <geoData>
          <lat>50.1</lat>
          <long>14.4333</long>
        </geoData>
      </place>
    </places>
    <subjects>
      <subject>Goethe A.1.2 Selbständige Schriften</subject>
    </subjects>
    <originalItem>
      <institutionOriginal>KSW</institutionOriginal>
      <shelfmarkOriginal>ruppert1854*</shelfmarkOriginal>
      <targetOPAC>https://lhwei.gbv.de/DB=2/CMD?ACT=SRCHA&amp;TRM=sgn+{ID}</targetOPAC>
    </originalItem>
    <bound>1</bound>
  </item>
  <item>
    <id>goethe21</id>
    <itemInVolume>0</itemInVolume>
    <volumes>1</volumes>
    <catEntries>
      <catalogue_entry>
        <idCat>cat1</idCat>
      </catalogue_entry>
    </catEntries>
    <titleBib>Faust: Tragédie, de M. Goethe; Trad. En Français Par M. Albert Stapfer; Ornée d'un Portrait de l'Auteur, Et De Dix-Sept Dessins Composés D'Après Les principales Scènes De L'Ouvrage Et Exécutés Sur Pierre Par M. Eugène Delacroix</titleBib>
    <persons>
      <person>
        <persName>Goethe, Johann Wolfgang</persName>
        <role>creator</role>
      </person>
      <person>
        <persName>Stapfer, Frédéric Albert Alexandre (Übers.)</persName>
        <role>creator</role>
      </person>
      <person>
        <persName>Delacroix, Eugène (Ill.)</persName>
        <role>creator</role>
      </person>
      <person>
        <persName>Motte, Charles</persName>
        <gnd>121242986</gnd>
        <role>borrower</role>
        <beacon>
          <beacon>wkp</beacon>
          <beacon>kall</beacon>
        </beacon>
        <dateLending>1828-02-30</dateLending>
      </person>
    </persons>
    <places>
      <place>
        <placeName>Paris</placeName>
        <getty>7008038</getty>
        <geoData>
          <lat>48.8667</lat>
          <long>2.3333</long>
        </geoData>
      </place>
    </places>
    <subjects>
      <subject>Goethe A.1.2 Selbständige Schriften</subject>
    </subjects>
    <originalItem>
      <institutionOriginal>KSW</institutionOriginal>
      <shelfmarkOriginal>ruppert1826*</shelfmarkOriginal>
      <targetOPAC>https://lhwei.gbv.de/DB=2/CMD?ACT=SRCHA&amp;TRM=sgn+{ID}</targetOPAC>
    </originalItem>
    <bound>1</bound>
  </item>
  <item>
    <id>goethe22</id>
    <itemInVolume>0</itemInVolume>
    <volumes>1</volumes>
    <catEntries>
      <catalogue_entry>
        <idCat>cat1</idCat>
      </catalogue_entry>
    </catEntries>
    <titleBib>Observations on Leonardo da Vinci's celebrated picture of the last supper: By J.W. de Goethe, Minister of State to H.R.H. the Grand Duke of Saxe-Weimar, Author of Werther, Faust, Goetz of Berlichingen, &amp;c. &amp;c. ; translated from the German and accompanied with an introdroduktion, and a few notes by G.H. Noehden, LL.D.F.R.S. &amp;c.</titleBib>
    <persons>
      <person>
        <persName>Goethe, Johann Wolfgang</persName>
        <role>creator</role>
      </person>
      <person>
        <persName>Nöhden, Georg Heinrich (Übers.)</persName>
        <role>creator</role>
      </person>
      <person>
        <persName>Nöhden, Georg Heinrich</persName>
        <gnd>117037788</gnd>
        <role>borrower</role>
        <beacon>
          <beacon>ddb</beacon>
          <beacon>kall</beacon>
          <beacon>cors</beacon>
        </beacon>
        <dateLending>1821-07-05</dateLending>
      </person>
    </persons>
    <places>
      <place>
        <placeName>London</placeName>
        <getty>7011781</getty>
        <geoData>
          <lat>51.5142</lat>
          <long>-0.0931</long>
        </geoData>
      </place>
    </places>
    <subjects>
      <subject>Goethe A.1.2 Selbständige Schriften</subject>
    </subjects>
    <originalItem>
      <institutionOriginal>KSW</institutionOriginal>
      <shelfmarkOriginal>ruppert1807*</shelfmarkOriginal>
      <targetOPAC>https://lhwei.gbv.de/DB=2/CMD?ACT=SRCHA&amp;TRM=sgn+{ID}</targetOPAC>
    </originalItem>
    <bound>1</bound>
  </item>
  <item>
    <id>goethe23</id>
    <itemInVolume>0</itemInVolume>
    <volumes>1</volumes>
    <catEntries>
      <catalogue_entry>
        <idCat>cat1</idCat>
      </catalogue_entry>
    </catEntries>
    <titleBib>Iphigeneia h? en Taurois: Trag?dia eis pente praxeis (1. Ex.)</titleBib>
    <persons>
      <person>
        <persName>Goethe, Johann Wolfgang</persName>
        <role>creator</role>
      </person>
      <person>
        <persName>Papadopoulos, Iōannēs (Übers.)</persName>
        <role>creator</role>
      </person>
      <person>
        <persName>Papadopoulos, Johannes</persName>
        <role>borrower</role>
        <dateLending>1818-08</dateLending>
      </person>
    </persons>
    <places>
      <place>
        <placeName>Jena</placeName>
        <getty>7005973</getty>
        <geoData>
          <lat>50.9333</lat>
          <long>11.5833</long>
        </geoData>
      </place>
    </places>
    <subjects>
      <subject>Goethe A.1.2 Selbständige Schriften</subject>
    </subjects>
    <originalItem>
      <institutionOriginal>KSW</institutionOriginal>
      <shelfmarkOriginal>ruppert1853*</shelfmarkOriginal>
      <targetOPAC>https://lhwei.gbv.de/DB=2/CMD?ACT=SRCHA&amp;TRM=sgn+{ID}</targetOPAC>
    </originalItem>
    <bound>1</bound>
  </item>
  <item>
    <id>goethe24</id>
    <itemInVolume>0</itemInVolume>
    <volumes>1</volumes>
    <catEntries>
      <catalogue_entry>
        <idCat>cat1</idCat>
      </catalogue_entry>
    </catEntries>
    <titleBib>Iphigeneia h? en Taurois: Trag?dia eis pente praxeis (2. Ex.)</titleBib>
    <persons>
      <person>
        <persName>Goethe, Johann Wolfgang</persName>
        <role>creator</role>
      </person>
      <person>
        <persName>Papadopoulos, Iōannēs (Übers.)</persName>
        <role>creator</role>
      </person>
      <person>
        <persName>Papadopoulos, Johannes</persName>
        <role>borrower</role>
        <dateLending>1818-08</dateLending>
      </person>
    </persons>
    <places>
      <place>
        <placeName>Jena</placeName>
        <getty>7005973</getty>
        <geoData>
          <lat>50.9333</lat>
          <long>11.5833</long>
        </geoData>
      </place>
    </places>
    <subjects>
      <subject>Goethe A.1.2 Selbständige Schriften</subject>
    </subjects>
    <originalItem>
      <institutionOriginal>KSW</institutionOriginal>
      <shelfmarkOriginal>ruppert1853*</shelfmarkOriginal>
      <targetOPAC>https://lhwei.gbv.de/DB=2/CMD?ACT=SRCHA&amp;TRM=sgn+{ID}</targetOPAC>
    </originalItem>
    <bound>1</bound>
  </item>
  <item>
    <id>goethe25</id>
    <itemInVolume>0</itemInVolume>
    <volumes>1</volumes>
    <catEntries>
      <catalogue_entry>
        <idCat>cat1</idCat>
      </catalogue_entry>
    </catEntries>
    <titleBib>Iphigeneia h? en Taurois: Trag?dia eis pente praxeis (3. Ex.)</titleBib>
    <persons>
      <person>
        <persName>Goethe, Johann Wolfgang</persName>
        <role>creator</role>
      </person>
      <person>
        <persName>Papadopoulos, Iōannēs (Übers.)</persName>
        <role>creator</role>
      </person>
      <person>
        <persName>Papadopoulos, Johannes</persName>
        <role>borrower</role>
        <dateLending>1818-08</dateLending>
      </person>
    </persons>
    <places>
      <place>
        <placeName>Jena</placeName>
        <getty>7005973</getty>
        <geoData>
          <lat>50.9333</lat>
          <long>11.5833</long>
        </geoData>
      </place>
    </places>
    <subjects>
      <subject>Goethe A.1.2 Selbständige Schriften</subject>
    </subjects>
    <originalItem>
      <institutionOriginal>KSW</institutionOriginal>
      <shelfmarkOriginal>ruppert1853*</shelfmarkOriginal>
      <targetOPAC>https://lhwei.gbv.de/DB=2/CMD?ACT=SRCHA&amp;TRM=sgn+{ID}</targetOPAC>
    </originalItem>
    <bound>1</bound>
  </item>
  <item>
    <id>goethe26</id>
    <itemInVolume>0</itemInVolume>
    <volumes>1</volumes>
    <catEntries>
      <catalogue_entry>
        <idCat>cat1</idCat>
      </catalogue_entry>
    </catEntries>
    <titleBib>Iphigeneia h? en Taurois: Trag?dia eis pente praxeis (4. Ex.)</titleBib>
    <persons>
      <person>
        <persName>Goethe, Johann Wolfgang</persName>
        <role>creator</role>
      </person>
      <person>
        <persName>Papadopoulos, Iōannēs (Übers.)</persName>
        <role>creator</role>
      </person>
      <person>
        <persName>Papadopoulos, Johannes</persName>
        <role>borrower</role>
        <dateLending>1818-08</dateLending>
      </person>
    </persons>
    <places>
      <place>
        <placeName>Jena</placeName>
        <getty>7005973</getty>
        <geoData>
          <lat>50.9333</lat>
          <long>11.5833</long>
        </geoData>
      </place>
    </places>
    <subjects>
      <subject>Goethe A.1.2 Selbständige Schriften</subject>
    </subjects>
    <originalItem>
      <institutionOriginal>KSW</institutionOriginal>
      <shelfmarkOriginal>ruppert1853*</shelfmarkOriginal>
      <targetOPAC>https://lhwei.gbv.de/DB=2/CMD?ACT=SRCHA&amp;TRM=sgn+{ID}</targetOPAC>
    </originalItem>
    <bound>1</bound>
  </item>
  <item>
    <id>goethe27</id>
    <itemInVolume>0</itemInVolume>
    <volumes>1</volumes>
    <catEntries>
      <catalogue_entry>
        <idCat>cat1</idCat>
      </catalogue_entry>
    </catEntries>
    <titleBib>Iphigeneia h? en Taurois: Trag?dia eis pente praxeis (5. Ex.)</titleBib>
    <persons>
      <person>
        <persName>Goethe, Johann Wolfgang</persName>
        <role>creator</role>
      </person>
      <person>
        <persName>Papadopoulos, Iōannēs (Übers.)</persName>
        <role>creator</role>
      </person>
      <person>
        <persName>Papadopoulos, Johannes</persName>
        <role>borrower</role>
        <dateLending>1818-08</dateLending>
      </person>
    </persons>
    <places>
      <place>
        <placeName>Jena</placeName>
        <getty>7005973</getty>
        <geoData>
          <lat>50.9333</lat>
          <long>11.5833</long>
        </geoData>
      </place>
    </places>
    <subjects>
      <subject>Goethe A.1.2 Selbständige Schriften</subject>
    </subjects>
    <originalItem>
      <institutionOriginal>KSW</institutionOriginal>
      <shelfmarkOriginal>ruppert1853*</shelfmarkOriginal>
      <targetOPAC>https://lhwei.gbv.de/DB=2/CMD?ACT=SRCHA&amp;TRM=sgn+{ID}</targetOPAC>
    </originalItem>
    <bound>1</bound>
  </item>
  <item>
    <id>goethe28</id>
    <itemInVolume>0</itemInVolume>
    <volumes>1</volumes>
    <catEntries>
      <catalogue_entry>
        <idCat>cat1</idCat>
      </catalogue_entry>
    </catEntries>
    <titleBib>Iphigeneia h? en Taurois: Trag?dia eis pente praxeis (6. Ex.)</titleBib>
    <persons>
      <person>
        <persName>Goethe, Johann Wolfgang</persName>
        <role>creator</role>
      </person>
      <person>
        <persName>Papadopoulos, Iōannēs (Übers.)</persName>
        <role>creator</role>
      </person>
      <person>
        <persName>Papadopoulos, Johannes</persName>
        <role>borrower</role>
        <dateLending>1818-08</dateLending>
      </person>
    </persons>
    <places>
      <place>
        <placeName>Jena</placeName>
        <getty>7005973</getty>
        <geoData>
          <lat>50.9333</lat>
          <long>11.5833</long>
        </geoData>
      </place>
    </places>
    <subjects>
      <subject>Goethe A.1.2 Selbständige Schriften</subject>
    </subjects>
    <originalItem>
      <institutionOriginal>KSW</institutionOriginal>
      <shelfmarkOriginal>ruppert1853*</shelfmarkOriginal>
      <targetOPAC>https://lhwei.gbv.de/DB=2/CMD?ACT=SRCHA&amp;TRM=sgn+{ID}</targetOPAC>
    </originalItem>
    <bound>1</bound>
  </item>
  <item>
    <id>goethe29</id>
    <itemInVolume>0</itemInVolume>
    <volumes>1</volumes>
    <catEntries>
      <catalogue_entry>
        <idCat>cat1</idCat>
      </catalogue_entry>
    </catEntries>
    <titleBib>Iphigeneia h? en Taurois: Trag?dia eis pente praxeis (7. Ex.)</titleBib>
    <persons>
      <person>
        <persName>Goethe, Johann Wolfgang</persName>
        <role>creator</role>
      </person>
      <person>
        <persName>Papadopoulos, Iōannēs (Übers.)</persName>
        <role>creator</role>
      </person>
      <person>
        <persName>Papadopoulos, Johannes</persName>
        <role>borrower</role>
        <dateLending>1818-08</dateLending>
      </person>
    </persons>
    <places>
      <place>
        <placeName>Jena</placeName>
        <getty>7005973</getty>
        <geoData>
          <lat>50.9333</lat>
          <long>11.5833</long>
        </geoData>
      </place>
    </places>
    <subjects>
      <subject>Goethe A.1.2 Selbständige Schriften</subject>
    </subjects>
    <originalItem>
      <institutionOriginal>KSW</institutionOriginal>
      <shelfmarkOriginal>ruppert1853*</shelfmarkOriginal>
      <targetOPAC>https://lhwei.gbv.de/DB=2/CMD?ACT=SRCHA&amp;TRM=sgn+{ID}</targetOPAC>
    </originalItem>
    <bound>1</bound>
  </item>
  <item>
    <id>goethe30</id>
    <itemInVolume>0</itemInVolume>
    <volumes>1</volumes>
    <catEntries>
      <catalogue_entry>
        <idCat>cat1</idCat>
      </catalogue_entry>
    </catEntries>
    <titleBib>Iphigeneia h? en Taurois: Trag?dia eis pente praxeis (8. Ex.)</titleBib>
    <persons>
      <person>
        <persName>Goethe, Johann Wolfgang</persName>
        <role>creator</role>
      </person>
      <person>
        <persName>Papadopoulos, Iōannēs (Übers.)</persName>
        <role>creator</role>
      </person>
      <person>
        <persName>Papadopoulos, Johannes</persName>
        <role>borrower</role>
        <dateLending>1818-08</dateLending>
      </person>
    </persons>
    <places>
      <place>
        <placeName>Jena</placeName>
        <getty>7005973</getty>
        <geoData>
          <lat>50.9333</lat>
          <long>11.5833</long>
        </geoData>
      </place>
    </places>
    <subjects>
      <subject>Goethe A.1.2 Selbständige Schriften</subject>
    </subjects>
    <originalItem>
      <institutionOriginal>KSW</institutionOriginal>
      <shelfmarkOriginal>ruppert1853*</shelfmarkOriginal>
      <targetOPAC>https://lhwei.gbv.de/DB=2/CMD?ACT=SRCHA&amp;TRM=sgn+{ID}</targetOPAC>
    </originalItem>
    <bound>1</bound>
  </item>
  <item>
    <id>goethe31</id>
    <itemInVolume>0</itemInVolume>
    <volumes>1</volumes>
    <catEntries>
      <catalogue_entry>
        <idCat>cat1</idCat>
      </catalogue_entry>
    </catEntries>
    <titleBib>Iphigeneia h? en Taurois: Trag?dia eis pente praxeis (9. Ex.)</titleBib>
    <persons>
      <person>
        <persName>Goethe, Johann Wolfgang</persName>
        <role>creator</role>
      </person>
      <person>
        <persName>Papadopoulos, Iōannēs (Übers.)</persName>
        <role>creator</role>
      </person>
      <person>
        <persName>Papadopoulos, Johannes</persName>
        <role>borrower</role>
        <dateLending>1818-08</dateLending>
      </person>
    </persons>
    <places>
      <place>
        <placeName>Jena</placeName>
        <getty>7005973</getty>
        <geoData>
          <lat>50.9333</lat>
          <long>11.5833</long>
        </geoData>
      </place>
    </places>
    <subjects>
      <subject>Goethe A.1.2 Selbständige Schriften</subject>
    </subjects>
    <originalItem>
      <institutionOriginal>KSW</institutionOriginal>
      <shelfmarkOriginal>ruppert1853*</shelfmarkOriginal>
      <targetOPAC>https://lhwei.gbv.de/DB=2/CMD?ACT=SRCHA&amp;TRM=sgn+{ID}</targetOPAC>
    </originalItem>
    <bound>1</bound>
  </item>
  <item>
    <id>goethe32</id>
    <itemInVolume>0</itemInVolume>
    <volumes>1</volumes>
    <catEntries>
      <catalogue_entry>
        <idCat>cat1</idCat>
      </catalogue_entry>
    </catEntries>
    <titleBib>Iphigeneia h? en Taurois: Trag?dia eis pente praxeis (10. Ex.)</titleBib>
    <persons>
      <person>
        <persName>Goethe, Johann Wolfgang</persName>
        <role>creator</role>
      </person>
      <person>
        <persName>Papadopoulos, Iōannēs (Übers.)</persName>
        <role>creator</role>
      </person>
      <person>
        <persName>Papadopoulos, Johannes</persName>
        <role>borrower</role>
        <dateLending>1818-08</dateLending>
      </person>
    </persons>
    <places>
      <place>
        <placeName>Jena</placeName>
        <getty>7005973</getty>
        <geoData>
          <lat>50.9333</lat>
          <long>11.5833</long>
        </geoData>
      </place>
    </places>
    <subjects>
      <subject>Goethe A.1.2 Selbständige Schriften</subject>
    </subjects>
    <originalItem>
      <institutionOriginal>KSW</institutionOriginal>
      <shelfmarkOriginal>ruppert1853*</shelfmarkOriginal>
      <targetOPAC>https://lhwei.gbv.de/DB=2/CMD?ACT=SRCHA&amp;TRM=sgn+{ID}</targetOPAC>
    </originalItem>
    <bound>1</bound>
  </item>
  <item>
    <id>goethe33</id>
    <itemInVolume>0</itemInVolume>
    <volumes>1</volumes>
    <catEntries>
      <catalogue_entry>
        <idCat>cat1</idCat>
      </catalogue_entry>
    </catEntries>
    <titleBib>Iphigeneia h? en Taurois: Trag?dia eis pente praxeis (11. Ex.)</titleBib>
    <persons>
      <person>
        <persName>Goethe, Johann Wolfgang</persName>
        <role>creator</role>
      </person>
      <person>
        <persName>Papadopoulos, Iōannēs (Übers.)</persName>
        <role>creator</role>
      </person>
      <person>
        <persName>Papadopoulos, Johannes</persName>
        <role>borrower</role>
        <dateLending>1818-08</dateLending>
      </person>
    </persons>
    <places>
      <place>
        <placeName>Jena</placeName>
        <getty>7005973</getty>
        <geoData>
          <lat>50.9333</lat>
          <long>11.5833</long>
        </geoData>
      </place>
    </places>
    <subjects>
      <subject>Goethe A.1.2 Selbständige Schriften</subject>
    </subjects>
    <originalItem>
      <institutionOriginal>KSW</institutionOriginal>
      <shelfmarkOriginal>ruppert1853*</shelfmarkOriginal>
      <targetOPAC>https://lhwei.gbv.de/DB=2/CMD?ACT=SRCHA&amp;TRM=sgn+{ID}</targetOPAC>
    </originalItem>
    <bound>1</bound>
  </item>
  <item>
    <id>goethe34</id>
    <itemInVolume>0</itemInVolume>
    <volumes>1</volumes>
    <catEntries>
      <catalogue_entry>
        <idCat>cat1</idCat>
      </catalogue_entry>
    </catEntries>
    <titleBib>Iphigeneia h? en Taurois: Trag?dia eis pente praxeis (12. Ex.)</titleBib>
    <persons>
      <person>
        <persName>Goethe, Johann Wolfgang</persName>
        <role>creator</role>
      </person>
      <person>
        <persName>Papadopoulos, Iōannēs (Übers.)</persName>
        <role>creator</role>
      </person>
      <person>
        <persName>Papadopoulos, Johannes</persName>
        <role>borrower</role>
        <dateLending>1818-08</dateLending>
      </person>
    </persons>
    <places>
      <place>
        <placeName>Jena</placeName>
        <getty>7005973</getty>
        <geoData>
          <lat>50.9333</lat>
          <long>11.5833</long>
        </geoData>
      </place>
    </places>
    <subjects>
      <subject>Goethe A.1.2 Selbständige Schriften</subject>
    </subjects>
    <originalItem>
      <institutionOriginal>KSW</institutionOriginal>
      <shelfmarkOriginal>ruppert1853*</shelfmarkOriginal>
      <targetOPAC>https://lhwei.gbv.de/DB=2/CMD?ACT=SRCHA&amp;TRM=sgn+{ID}</targetOPAC>
    </originalItem>
    <bound>1</bound>
  </item>
  <item>
    <id>goethe35</id>
    <itemInVolume>0</itemInVolume>
    <volumes>1</volumes>
    <catEntries>
      <catalogue_entry>
        <idCat>cat1</idCat>
      </catalogue_entry>
    </catEntries>
    <titleBib>Iphigeneia h? en Taurois: Trag?dia eis pente praxeis (13. Ex.)</titleBib>
    <persons>
      <person>
        <persName>Goethe, Johann Wolfgang</persName>
        <role>creator</role>
      </person>
      <person>
        <persName>Papadopoulos, Iōannēs (Übers.)</persName>
        <role>creator</role>
      </person>
      <person>
        <persName>Papadopoulos, Johannes</persName>
        <role>borrower</role>
        <dateLending>1818-08</dateLending>
      </person>
    </persons>
    <places>
      <place>
        <placeName>Jena</placeName>
        <getty>7005973</getty>
        <geoData>
          <lat>50.9333</lat>
          <long>11.5833</long>
        </geoData>
      </place>
    </places>
    <subjects>
      <subject>Goethe A.1.2 Selbständige Schriften</subject>
    </subjects>
    <originalItem>
      <institutionOriginal>KSW</institutionOriginal>
      <shelfmarkOriginal>ruppert1853*</shelfmarkOriginal>
      <targetOPAC>https://lhwei.gbv.de/DB=2/CMD?ACT=SRCHA&amp;TRM=sgn+{ID}</targetOPAC>
    </originalItem>
    <bound>1</bound>
  </item>
  <item>
    <id>goethe36</id>
    <itemInVolume>0</itemInVolume>
    <volumes>1</volumes>
    <catEntries>
      <catalogue_entry>
        <idCat>cat1</idCat>
      </catalogue_entry>
    </catEntries>
    <titleBib>Iphigeneia h? en Taurois: Trag?dia eis pente praxeis (14. Ex.)</titleBib>
    <persons>
      <person>
        <persName>Goethe, Johann Wolfgang</persName>
        <role>creator</role>
      </person>
      <person>
        <persName>Papadopoulos, Iōannēs (Übers.)</persName>
        <role>creator</role>
      </person>
      <person>
        <persName>Papadopoulos, Johannes</persName>
        <role>borrower</role>
        <dateLending>1818-08</dateLending>
      </person>
    </persons>
    <places>
      <place>
        <placeName>Jena</placeName>
        <getty>7005973</getty>
        <geoData>
          <lat>50.9333</lat>
          <long>11.5833</long>
        </geoData>
      </place>
    </places>
    <subjects>
      <subject>Goethe A.1.2 Selbständige Schriften</subject>
    </subjects>
    <originalItem>
      <institutionOriginal>KSW</institutionOriginal>
      <shelfmarkOriginal>ruppert1853*</shelfmarkOriginal>
      <targetOPAC>https://lhwei.gbv.de/DB=2/CMD?ACT=SRCHA&amp;TRM=sgn+{ID}</targetOPAC>
    </originalItem>
    <bound>1</bound>
  </item>
  <item>
    <id>goethe37</id>
    <itemInVolume>0</itemInVolume>
    <volumes>1</volumes>
    <catEntries>
      <catalogue_entry>
        <idCat>cat1</idCat>
      </catalogue_entry>
    </catEntries>
    <titleBib>Iphigeneia h? en Taurois: Trag?dia eis pente praxeis (15. Ex.)</titleBib>
    <persons>
      <person>
        <persName>Goethe, Johann Wolfgang</persName>
        <role>creator</role>
      </person>
      <person>
        <persName>Papadopoulos, Iōannēs (Übers.)</persName>
        <role>creator</role>
      </person>
      <person>
        <persName>Papadopoulos, Johannes</persName>
        <role>borrower</role>
        <dateLending>1818-08</dateLending>
      </person>
    </persons>
    <places>
      <place>
        <placeName>Jena</placeName>
        <getty>7005973</getty>
        <geoData>
          <lat>50.9333</lat>
          <long>11.5833</long>
        </geoData>
      </place>
    </places>
    <subjects>
      <subject>Goethe A.1.2 Selbständige Schriften</subject>
    </subjects>
    <originalItem>
      <institutionOriginal>KSW</institutionOriginal>
      <shelfmarkOriginal>ruppert1853*</shelfmarkOriginal>
      <targetOPAC>https://lhwei.gbv.de/DB=2/CMD?ACT=SRCHA&amp;TRM=sgn+{ID}</targetOPAC>
    </originalItem>
    <bound>1</bound>
  </item>
  <item>
    <id>goethe38</id>
    <itemInVolume>0</itemInVolume>
    <volumes>1</volumes>
    <catEntries>
      <catalogue_entry>
        <idCat>cat1</idCat>
      </catalogue_entry>
    </catEntries>
    <titleBib>Iphigeneia h? en Taurois: Trag?dia eis pente praxeis (16. Ex.)</titleBib>
    <persons>
      <person>
        <persName>Goethe, Johann Wolfgang</persName>
        <role>creator</role>
      </person>
      <person>
        <persName>Papadopoulos, Iōannēs (Übers.)</persName>
        <role>creator</role>
      </person>
      <person>
        <persName>Papadopoulos, Johannes</persName>
        <role>borrower</role>
        <dateLending>1818-08</dateLending>
      </person>
    </persons>
    <places>
      <place>
        <placeName>Jena</placeName>
        <getty>7005973</getty>
        <geoData>
          <lat>50.9333</lat>
          <long>11.5833</long>
        </geoData>
      </place>
    </places>
    <subjects>
      <subject>Goethe A.1.2 Selbständige Schriften</subject>
    </subjects>
    <originalItem>
      <institutionOriginal>KSW</institutionOriginal>
      <shelfmarkOriginal>ruppert1853*</shelfmarkOriginal>
      <targetOPAC>https://lhwei.gbv.de/DB=2/CMD?ACT=SRCHA&amp;TRM=sgn+{ID}</targetOPAC>
    </originalItem>
    <bound>1</bound>
  </item>
  <item>
    <id>goethe39</id>
    <itemInVolume>0</itemInVolume>
    <volumes>1</volumes>
    <catEntries>
      <catalogue_entry>
        <idCat>cat1</idCat>
      </catalogue_entry>
    </catEntries>
    <titleBib>Iphigeneia h? en Taurois: Trag?dia eis pente praxeis (17. Ex.)</titleBib>
    <persons>
      <person>
        <persName>Goethe, Johann Wolfgang</persName>
        <role>creator</role>
      </person>
      <person>
        <persName>Papadopoulos, Iōannēs (Übers.)</persName>
        <role>creator</role>
      </person>
      <person>
        <persName>Papadopoulos, Johannes</persName>
        <role>borrower</role>
        <dateLending>1818-08</dateLending>
      </person>
    </persons>
    <places>
      <place>
        <placeName>Jena</placeName>
        <getty>7005973</getty>
        <geoData>
          <lat>50.9333</lat>
          <long>11.5833</long>
        </geoData>
      </place>
    </places>
    <subjects>
      <subject>Goethe A.1.2 Selbständige Schriften</subject>
    </subjects>
    <originalItem>
      <institutionOriginal>KSW</institutionOriginal>
      <shelfmarkOriginal>ruppert1853*</shelfmarkOriginal>
      <targetOPAC>https://lhwei.gbv.de/DB=2/CMD?ACT=SRCHA&amp;TRM=sgn+{ID}</targetOPAC>
    </originalItem>
    <bound>1</bound>
  </item>
  <item>
    <id>goethe40</id>
    <itemInVolume>0</itemInVolume>
    <volumes>1</volumes>
    <catEntries>
      <catalogue_entry>
        <idCat>cat1</idCat>
      </catalogue_entry>
    </catEntries>
    <titleBib>Iphigeneia h? en Taurois: Trag?dia eis pente praxeis (18. Ex.)</titleBib>
    <persons>
      <person>
        <persName>Goethe, Johann Wolfgang</persName>
        <role>creator</role>
      </person>
      <person>
        <persName>Papadopoulos, Iōannēs (Übers.)</persName>
        <role>creator</role>
      </person>
      <person>
        <persName>Papadopoulos, Johannes</persName>
        <role>borrower</role>
        <dateLending>1818-08</dateLending>
      </person>
    </persons>
    <places>
      <place>
        <placeName>Jena</placeName>
        <getty>7005973</getty>
        <geoData>
          <lat>50.9333</lat>
          <long>11.5833</long>
        </geoData>
      </place>
    </places>
    <subjects>
      <subject>Goethe A.1.2 Selbständige Schriften</subject>
    </subjects>
    <originalItem>
      <institutionOriginal>KSW</institutionOriginal>
      <shelfmarkOriginal>ruppert1853*</shelfmarkOriginal>
      <targetOPAC>https://lhwei.gbv.de/DB=2/CMD?ACT=SRCHA&amp;TRM=sgn+{ID}</targetOPAC>
    </originalItem>
    <bound>1</bound>
  </item>
  <item>
    <id>goethe41</id>
    <itemInVolume>0</itemInVolume>
    <volumes>1</volumes>
    <catEntries>
      <catalogue_entry>
        <idCat>cat1</idCat>
      </catalogue_entry>
    </catEntries>
    <titleBib>Iphigeneia h? en Taurois: Trag?dia eis pente praxeis (19. Ex.)</titleBib>
    <persons>
      <person>
        <persName>Goethe, Johann Wolfgang</persName>
        <role>creator</role>
      </person>
      <person>
        <persName>Papadopoulos, Iōannēs (Übers.)</persName>
        <role>creator</role>
      </person>
      <person>
        <persName>Papadopoulos, Johannes</persName>
        <role>borrower</role>
        <dateLending>1818-08</dateLending>
      </person>
    </persons>
    <places>
      <place>
        <placeName>Jena</placeName>
        <getty>7005973</getty>
        <geoData>
          <lat>50.9333</lat>
          <long>11.5833</long>
        </geoData>
      </place>
    </places>
    <subjects>
      <subject>Goethe A.1.2 Selbständige Schriften</subject>
    </subjects>
    <originalItem>
      <institutionOriginal>KSW</institutionOriginal>
      <shelfmarkOriginal>ruppert1853*</shelfmarkOriginal>
      <targetOPAC>https://lhwei.gbv.de/DB=2/CMD?ACT=SRCHA&amp;TRM=sgn+{ID}</targetOPAC>
    </originalItem>
    <bound>1</bound>
  </item>
  <item>
    <id>goethe42</id>
    <itemInVolume>0</itemInVolume>
    <volumes>1</volumes>
    <catEntries>
      <catalogue_entry>
        <idCat>cat1</idCat>
      </catalogue_entry>
    </catEntries>
    <titleBib>Iphigeneia h? en Taurois: Trag?dia eis pente praxeis (20. Ex.)</titleBib>
    <persons>
      <person>
        <persName>Goethe, Johann Wolfgang</persName>
        <role>creator</role>
      </person>
      <person>
        <persName>Papadopoulos, Iōannēs (Übers.)</persName>
        <role>creator</role>
      </person>
      <person>
        <persName>Papadopoulos, Johannes</persName>
        <role>borrower</role>
        <dateLending>1818-08</dateLending>
      </person>
    </persons>
    <places>
      <place>
        <placeName>Jena</placeName>
        <getty>7005973</getty>
        <geoData>
          <lat>50.9333</lat>
          <long>11.5833</long>
        </geoData>
      </place>
    </places>
    <subjects>
      <subject>Goethe A.1.2 Selbständige Schriften</subject>
    </subjects>
    <originalItem>
      <institutionOriginal>KSW</institutionOriginal>
      <shelfmarkOriginal>ruppert1853*</shelfmarkOriginal>
      <targetOPAC>https://lhwei.gbv.de/DB=2/CMD?ACT=SRCHA&amp;TRM=sgn+{ID}</targetOPAC>
    </originalItem>
    <bound>1</bound>
  </item>
  <item>
    <id>goethe43</id>
    <itemInVolume>0</itemInVolume>
    <volumes>1</volumes>
    <catEntries>
      <catalogue_entry>
        <idCat>cat1</idCat>
      </catalogue_entry>
    </catEntries>
    <titleBib>Iphigeneia h? en Taurois: Trag?dia eis pente praxeis (21. Ex.)</titleBib>
    <persons>
      <person>
        <persName>Goethe, Johann Wolfgang</persName>
        <role>creator</role>
      </person>
      <person>
        <persName>Papadopoulos, Iōannēs (Übers.)</persName>
        <role>creator</role>
      </person>
      <person>
        <persName>Papadopoulos, Johannes</persName>
        <role>borrower</role>
        <dateLending>1818-08</dateLending>
      </person>
    </persons>
    <places>
      <place>
        <placeName>Jena</placeName>
        <getty>7005973</getty>
        <geoData>
          <lat>50.9333</lat>
          <long>11.5833</long>
        </geoData>
      </place>
    </places>
    <subjects>
      <subject>Goethe A.1.2 Selbständige Schriften</subject>
    </subjects>
    <originalItem>
      <institutionOriginal>KSW</institutionOriginal>
      <shelfmarkOriginal>ruppert1853*</shelfmarkOriginal>
      <targetOPAC>https://lhwei.gbv.de/DB=2/CMD?ACT=SRCHA&amp;TRM=sgn+{ID}</targetOPAC>
    </originalItem>
    <bound>1</bound>
  </item>
  <item>
    <id>goethe44</id>
    <itemInVolume>0</itemInVolume>
    <volumes>1</volumes>
    <catEntries>
      <catalogue_entry>
        <idCat>cat1</idCat>
      </catalogue_entry>
    </catEntries>
    <titleBib>Iphigeneia h? en Taurois: Trag?dia eis pente praxeis (22. Ex.)</titleBib>
    <persons>
      <person>
        <persName>Goethe, Johann Wolfgang</persName>
        <role>creator</role>
      </person>
      <person>
        <persName>Papadopoulos, Iōannēs (Übers.)</persName>
        <role>creator</role>
      </person>
      <person>
        <persName>Papadopoulos, Johannes</persName>
        <role>borrower</role>
        <dateLending>1818-08</dateLending>
      </person>
    </persons>
    <places>
      <place>
        <placeName>Jena</placeName>
        <getty>7005973</getty>
        <geoData>
          <lat>50.9333</lat>
          <long>11.5833</long>
        </geoData>
      </place>
    </places>
    <subjects>
      <subject>Goethe A.1.2 Selbständige Schriften</subject>
    </subjects>
    <originalItem>
      <institutionOriginal>KSW</institutionOriginal>
      <shelfmarkOriginal>ruppert1853*</shelfmarkOriginal>
      <targetOPAC>https://lhwei.gbv.de/DB=2/CMD?ACT=SRCHA&amp;TRM=sgn+{ID}</targetOPAC>
    </originalItem>
    <bound>1</bound>
  </item>
  <item>
    <id>goethe45</id>
    <itemInVolume>0</itemInVolume>
    <volumes>1</volumes>
    <catEntries>
      <catalogue_entry>
        <idCat>cat1</idCat>
      </catalogue_entry>
    </catEntries>
    <titleBib>Iphigeneia h? en Taurois: Trag?dia eis pente praxeis (23. Ex.)</titleBib>
    <persons>
      <person>
        <persName>Goethe, Johann Wolfgang</persName>
        <role>creator</role>
      </person>
      <person>
        <persName>Papadopoulos, Iōannēs (Übers.)</persName>
        <role>creator</role>
      </person>
      <person>
        <persName>Papadopoulos, Johannes</persName>
        <role>borrower</role>
        <dateLending>1818-08</dateLending>
      </person>
    </persons>
    <places>
      <place>
        <placeName>Jena</placeName>
        <getty>7005973</getty>
        <geoData>
          <lat>50.9333</lat>
          <long>11.5833</long>
        </geoData>
      </place>
    </places>
    <subjects>
      <subject>Goethe A.1.2 Selbständige Schriften</subject>
    </subjects>
    <originalItem>
      <institutionOriginal>KSW</institutionOriginal>
      <shelfmarkOriginal>ruppert1853*</shelfmarkOriginal>
      <targetOPAC>https://lhwei.gbv.de/DB=2/CMD?ACT=SRCHA&amp;TRM=sgn+{ID}</targetOPAC>
    </originalItem>
    <bound>1</bound>
  </item>
  <item>
    <id>goethe46</id>
    <itemInVolume>0</itemInVolume>
    <volumes>1</volumes>
    <catEntries>
      <catalogue_entry>
        <idCat>cat1</idCat>
      </catalogue_entry>
    </catEntries>
    <titleBib>Iphigeneia h? en Taurois: Trag?dia eis pente praxeis (24. Ex.)</titleBib>
    <persons>
      <person>
        <persName>Goethe, Johann Wolfgang</persName>
        <role>creator</role>
      </person>
      <person>
        <persName>Papadopoulos, Iōannēs (Übers.)</persName>
        <role>creator</role>
      </person>
      <person>
        <persName>Papadopoulos, Johannes</persName>
        <role>borrower</role>
        <dateLending>1818-08</dateLending>
      </person>
    </persons>
    <places>
      <place>
        <placeName>Jena</placeName>
        <getty>7005973</getty>
        <geoData>
          <lat>50.9333</lat>
          <long>11.5833</long>
        </geoData>
      </place>
    </places>
    <subjects>
      <subject>Goethe A.1.2 Selbständige Schriften</subject>
    </subjects>
    <originalItem>
      <institutionOriginal>KSW</institutionOriginal>
      <shelfmarkOriginal>ruppert1853*</shelfmarkOriginal>
      <targetOPAC>https://lhwei.gbv.de/DB=2/CMD?ACT=SRCHA&amp;TRM=sgn+{ID}</targetOPAC>
    </originalItem>
    <bound>1</bound>
  </item>
  <item>
    <id>goethe47</id>
    <itemInVolume>0</itemInVolume>
    <volumes>1</volumes>
    <catEntries>
      <catalogue_entry>
        <idCat>cat1</idCat>
      </catalogue_entry>
    </catEntries>
    <titleBib>Iphigeneia h? en Taurois: Trag?dia eis pente praxeis (25. Ex.)</titleBib>
    <persons>
      <person>
        <persName>Goethe, Johann Wolfgang</persName>
        <role>creator</role>
      </person>
      <person>
        <persName>Papadopoulos, Iōannēs (Übers.)</persName>
        <role>creator</role>
      </person>
      <person>
        <persName>Papadopoulos, Johannes</persName>
        <role>borrower</role>
        <dateLending>1818-08</dateLending>
      </person>
    </persons>
    <places>
      <place>
        <placeName>Jena</placeName>
        <getty>7005973</getty>
        <geoData>
          <lat>50.9333</lat>
          <long>11.5833</long>
        </geoData>
      </place>
    </places>
    <subjects>
      <subject>Goethe A.1.2 Selbständige Schriften</subject>
    </subjects>
    <originalItem>
      <institutionOriginal>KSW</institutionOriginal>
      <shelfmarkOriginal>ruppert1853*</shelfmarkOriginal>
      <targetOPAC>https://lhwei.gbv.de/DB=2/CMD?ACT=SRCHA&amp;TRM=sgn+{ID}</targetOPAC>
    </originalItem>
    <bound>1</bound>
  </item>
  <item>
    <id>goethe48</id>
    <itemInVolume>0</itemInVolume>
    <volumes>1</volumes>
    <catEntries>
      <catalogue_entry>
        <idCat>cat1</idCat>
      </catalogue_entry>
    </catEntries>
    <titleBib>Iphigeneia h? en Taurois: Trag?dia eis pente praxeis (26. Ex.)</titleBib>
    <persons>
      <person>
        <persName>Goethe, Johann Wolfgang</persName>
        <role>creator</role>
      </person>
      <person>
        <persName>Papadopoulos, Iōannēs (Übers.)</persName>
        <role>creator</role>
      </person>
      <person>
        <persName>Papadopoulos, Johannes</persName>
        <role>borrower</role>
        <dateLending>1818-08</dateLending>
      </person>
    </persons>
    <places>
      <place>
        <placeName>Jena</placeName>
        <getty>7005973</getty>
        <geoData>
          <lat>50.9333</lat>
          <long>11.5833</long>
        </geoData>
      </place>
    </places>
    <subjects>
      <subject>Goethe A.1.2 Selbständige Schriften</subject>
    </subjects>
    <originalItem>
      <institutionOriginal>KSW</institutionOriginal>
      <shelfmarkOriginal>ruppert1853*</shelfmarkOriginal>
      <targetOPAC>https://lhwei.gbv.de/DB=2/CMD?ACT=SRCHA&amp;TRM=sgn+{ID}</targetOPAC>
    </originalItem>
    <bound>1</bound>
  </item>
  <item>
    <id>goethe49</id>
    <itemInVolume>0</itemInVolume>
    <volumes>1</volumes>
    <catEntries>
      <catalogue_entry>
        <idCat>cat1</idCat>
      </catalogue_entry>
    </catEntries>
    <titleBib>Iphigeneia h? en Taurois: Trag?dia eis pente praxeis (31. Ex.)</titleBib>
    <persons>
      <person>
        <persName>Goethe, Johann Wolfgang</persName>
        <role>creator</role>
      </person>
      <person>
        <persName>Papadopoulos, Iōannēs (Übers.)</persName>
        <role>creator</role>
      </person>
      <person>
        <persName>Papadopoulos, Johannes</persName>
        <role>borrower</role>
        <dateLending>1818-08</dateLending>
      </person>
    </persons>
    <places>
      <place>
        <placeName>Jena</placeName>
        <getty>7005973</getty>
        <geoData>
          <lat>50.9333</lat>
          <long>11.5833</long>
        </geoData>
      </place>
    </places>
    <subjects>
      <subject>Goethe A.1.2 Selbständige Schriften</subject>
    </subjects>
    <originalItem>
      <institutionOriginal>KSW</institutionOriginal>
      <shelfmarkOriginal>ruppert1853*</shelfmarkOriginal>
      <targetOPAC>https://lhwei.gbv.de/DB=2/CMD?ACT=SRCHA&amp;TRM=sgn+{ID}</targetOPAC>
    </originalItem>
    <bound>1</bound>
  </item>
  <item>
    <id>goethe50</id>
    <itemInVolume>0</itemInVolume>
    <volumes>1</volumes>
    <catEntries>
      <catalogue_entry>
        <idCat>cat1</idCat>
      </catalogue_entry>
    </catEntries>
    <titleBib>Iphigenia in Tauris: A tragedy: Written originally in German</titleBib>
    <persons>
      <person>
        <persName>Goethe, Johann Wolfgang</persName>
        <role>creator</role>
      </person>
      <person>
        <persName>Taylor, William (Übers.)</persName>
        <role>creator</role>
      </person>
      <person>
        <persName>Spiker, Samuel Heinrich</persName>
        <gnd>117491055</gnd>
        <role>borrower</role>
        <beacon>
          <beacon>ddb</beacon>
          <beacon>wkp</beacon>
          <beacon>db</beacon>
          <beacon>kall</beacon>
          <beacon>cors</beacon>
          <beacon>humbdig</beacon>
          <beacon>cmvw</beacon>
          <beacon>bach</beacon>
          <beacon>jdg</beacon>
        </beacon>
        <dateLending>1831-03-15</dateLending>
      </person>
    </persons>
    <places>
      <place>
        <placeName>Berlin</placeName>
        <getty>7003712</getty>
        <geoData>
          <lat>52.516667</lat>
          <long>13.4</long>
        </geoData>
      </place>
    </places>
    <subjects>
      <subject>Goethe A.1.2 Selbständige Schriften</subject>
    </subjects>
    <originalItem>
      <institutionOriginal>KSW</institutionOriginal>
      <shelfmarkOriginal>ruppert1850*</shelfmarkOriginal>
      <targetOPAC>https://lhwei.gbv.de/DB=2/CMD?ACT=SRCHA&amp;TRM=sgn+{ID}</targetOPAC>
    </originalItem>
    <bound>1</bound>
  </item>
  <item>
    <id>goethe51</id>
    <itemInVolume>0</itemInVolume>
    <volumes>1</volumes>
    <catEntries>
      <catalogue_entry>
        <idCat>cat1</idCat>
      </catalogue_entry>
    </catEntries>
    <titleBib>Iphigenia in Tauris: A tragedy: Written originally in German [Nachdruck]</titleBib>
    <persons>
      <person>
        <persName>Goethe, Johann Wolfgang</persName>
        <role>creator</role>
      </person>
      <person>
        <persName>Taylor, William (Übers.)</persName>
        <role>creator</role>
      </person>
      <person>
        <persName>Spiker, Samuel Heinrich</persName>
        <gnd>117491055</gnd>
        <role>borrower</role>
        <beacon>
          <beacon>ddb</beacon>
          <beacon>wkp</beacon>
          <beacon>db</beacon>
          <beacon>kall</beacon>
          <beacon>cors</beacon>
          <beacon>humbdig</beacon>
          <beacon>cmvw</beacon>
          <beacon>bach</beacon>
          <beacon>jdg</beacon>
        </beacon>
        <dateLending>1831-03-15</dateLending>
      </person>
    </persons>
    <places>
      <place>
        <placeName>Berlin</placeName>
        <getty>7003712</getty>
        <geoData>
          <lat>52.516667</lat>
          <long>13.4</long>
        </geoData>
      </place>
    </places>
    <subjects>
      <subject>Goethe A.1.2 Selbständige Schriften</subject>
    </subjects>
    <originalItem>
      <institutionOriginal>KSW</institutionOriginal>
      <shelfmarkOriginal>ruppert1851*</shelfmarkOriginal>
      <targetOPAC>https://lhwei.gbv.de/DB=2/CMD?ACT=SRCHA&amp;TRM=sgn+{ID}</targetOPAC>
    </originalItem>
    <bound>1</bound>
  </item>
  <item>
    <id>goethe52</id>
    <itemInVolume>0</itemInVolume>
    <volumes>1</volumes>
    <catEntries>
      <catalogue_entry>
        <idCat>cat1</idCat>
      </catalogue_entry>
    </catEntries>
    <titleBib>Oeuvres Dramatiques De J. W. Goethe: Traduites De L'Allemand Précédées D'Une Notice Biographique Et Littéraire Sur Goethe, Bd. 1</titleBib>
    <persons>
      <person>
        <persName>Goethe, Johann Wolfgang</persName>
        <role>creator</role>
      </person>
      <person>
        <persName>Stapfer, Frédéric Albert Alexandre (Übers.)</persName>
        <role>creator</role>
      </person>
      <person>
        <persName>Stapfer, Frédéric Albert Alexandre</persName>
        <gnd>120959747</gnd>
        <role>borrower</role>
        <beacon>
          <beacon>db</beacon>
        </beacon>
        <dateLending>1826-06-27</dateLending>
      </person>
    </persons>
    <places>
      <place>
        <placeName>Château de Talcy</placeName>
        <getty>1100356</getty>
        <geoData>
          <lat>47.7667</lat>
          <long>1.45</long>
        </geoData>
      </place>
    </places>
    <subjects>
      <subject>Goethe A.1.1 Goethe. Werkausgaben</subject>
    </subjects>
    <originalItem>
      <institutionOriginal>KSW</institutionOriginal>
      <shelfmarkOriginal>ruppert1805*</shelfmarkOriginal>
      <targetOPAC>https://lhwei.gbv.de/DB=2/CMD?ACT=SRCHA&amp;TRM=sgn+{ID}</targetOPAC>
    </originalItem>
    <bound>1</bound>
  </item>
  <item>
    <id>goethe53</id>
    <itemInVolume>0</itemInVolume>
    <volumes>1</volumes>
    <catEntries>
      <catalogue_entry>
        <idCat>cat1</idCat>
      </catalogue_entry>
    </catEntries>
    <titleBib>Oeuvres Dramatiques De J. W. Goethe: Traduites De L'Allemand Précédées D'Une Notice Biographique Et Littéraire Sur Goethe, Bd. 2</titleBib>
    <persons>
      <person>
        <persName>Goethe, Johann Wolfgang</persName>
        <role>creator</role>
      </person>
      <person>
        <persName>Stapfer, Frédéric Albert Alexandre (Übers.)</persName>
        <role>creator</role>
      </person>
      <person>
        <persName>Stapfer, Frédéric Albert Alexandre</persName>
        <gnd>120959747</gnd>
        <role>borrower</role>
        <beacon>
          <beacon>db</beacon>
        </beacon>
        <dateLending>1821-12-03</dateLending>
      </person>
    </persons>
    <places>
      <place>
        <placeName>Paris</placeName>
        <getty>7008038</getty>
        <geoData>
          <lat>48.8667</lat>
          <long>2.3333</long>
        </geoData>
      </place>
    </places>
    <subjects>
      <subject>Goethe A.1.1 Goethe. Werkausgaben</subject>
    </subjects>
    <originalItem>
      <institutionOriginal>KSW</institutionOriginal>
      <shelfmarkOriginal>ruppert1805*</shelfmarkOriginal>
      <targetOPAC>https://lhwei.gbv.de/DB=2/CMD?ACT=SRCHA&amp;TRM=sgn+{ID}</targetOPAC>
    </originalItem>
    <bound>1</bound>
  </item>
  <item>
    <id>goethe54</id>
    <itemInVolume>0</itemInVolume>
    <volumes>1</volumes>
    <catEntries>
      <catalogue_entry>
        <idCat>cat1</idCat>
      </catalogue_entry>
    </catEntries>
    <titleBib>Oeuvres Dramatiques De J. W. Goethe: Traduites De L'Allemand Précédées D'Une Notice Biographique Et Littéraire Sur Goethe, Bd. 3</titleBib>
    <persons>
      <person>
        <persName>Goethe, Johann Wolfgang</persName>
        <role>creator</role>
      </person>
      <person>
        <persName>Stapfer, Frédéric Albert Alexandre (Übers.)</persName>
        <role>creator</role>
      </person>
      <person>
        <persName>Stapfer, Frédéric Albert Alexandre</persName>
        <gnd>120959747</gnd>
        <role>borrower</role>
        <beacon>
          <beacon>db</beacon>
        </beacon>
        <dateLending>1821-12-03</dateLending>
      </person>
    </persons>
    <places>
      <place>
        <placeName>Paris</placeName>
        <getty>7008038</getty>
        <geoData>
          <lat>48.8667</lat>
          <long>2.3333</long>
        </geoData>
      </place>
    </places>
    <subjects>
      <subject>Goethe A.1.1 Goethe. Werkausgaben</subject>
    </subjects>
    <originalItem>
      <institutionOriginal>KSW</institutionOriginal>
      <shelfmarkOriginal>ruppert1805*</shelfmarkOriginal>
      <targetOPAC>https://lhwei.gbv.de/DB=2/CMD?ACT=SRCHA&amp;TRM=sgn+{ID}</targetOPAC>
    </originalItem>
    <bound>1</bound>
  </item>
  <item>
    <id>goethe55</id>
    <itemInVolume>0</itemInVolume>
    <volumes>1</volumes>
    <catEntries>
      <catalogue_entry>
        <idCat>cat1</idCat>
      </catalogue_entry>
    </catEntries>
    <titleBib>Oeuvres Dramatiques De J. W. Goethe: Traduites De L'Allemand Précédées D'Une Notice Biographique Et Littéraire Sur Goethe, Bd. 4</titleBib>
    <persons>
      <person>
        <persName>Goethe, Johann Wolfgang</persName>
        <role>creator</role>
      </person>
      <person>
        <persName>Stapfer, Frédéric Albert Alexandre (Übers.)</persName>
        <role>creator</role>
      </person>
      <person>
        <persName>Stapfer, Frédéric Albert Alexandre</persName>
        <gnd>120959747</gnd>
        <role>borrower</role>
        <beacon>
          <beacon>db</beacon>
        </beacon>
        <dateLending>1823-01-18</dateLending>
      </person>
    </persons>
    <places>
      <place>
        <placeName>Paris</placeName>
        <getty>7008038</getty>
        <geoData>
          <lat>48.8667</lat>
          <long>2.3333</long>
        </geoData>
      </place>
    </places>
    <subjects>
      <subject>Goethe A.1.1 Goethe. Werkausgaben</subject>
    </subjects>
    <originalItem>
      <institutionOriginal>KSW</institutionOriginal>
      <shelfmarkOriginal>ruppert1805*</shelfmarkOriginal>
      <targetOPAC>https://lhwei.gbv.de/DB=2/CMD?ACT=SRCHA&amp;TRM=sgn+{ID}</targetOPAC>
    </originalItem>
    <bound>1</bound>
  </item>
  <item>
    <id>goethe56</id>
    <itemInVolume>0</itemInVolume>
    <volumes>1</volumes>
    <catEntries>
      <catalogue_entry>
        <idCat>cat1</idCat>
      </catalogue_entry>
    </catEntries>
    <titleBib>Des hommes célèbres de France au dix-huitième siècle, et de l'état de la littérature et des arts a la mème époque: Suivie des notes des traducteurs</titleBib>
    <persons>
      <person>
        <persName>Goethe, Johann Wolfgang</persName>
        <role>creator</role>
      </person>
      <person>
        <persName>Diderot, Denis</persName>
        <role>creator</role>
      </person>
      <person>
        <persName>Saur, Joseph Henri de (Übers.)</persName>
        <role>creator</role>
      </person>
      <person>
        <persName>Saint-Géniés, Léonce de (Übers.)</persName>
        <role>creator</role>
      </person>
      <person>
        <persName>Teichmann, Johann Valentin</persName>
        <gnd>117253006</gnd>
        <role>borrower</role>
        <beacon>
          <beacon>ddb</beacon>
          <beacon>apd</beacon>
          <beacon>db</beacon>
          <beacon>kall</beacon>
          <beacon>cors</beacon>
          <beacon>cmvw</beacon>
        </beacon>
        <dateLending>1823-04-09</dateLending>
      </person>
    </persons>
    <places>
      <place>
        <placeName>Berlin</placeName>
        <getty>7003712</getty>
        <geoData>
          <lat>52.516667</lat>
          <long>13.4</long>
        </geoData>
      </place>
    </places>
    <subjects>
      <subject>Goethe A.1.2 Selbständige Schriften</subject>
    </subjects>
    <originalItem>
      <institutionOriginal>KSW</institutionOriginal>
      <shelfmarkOriginal>ruppert1848*</shelfmarkOriginal>
      <targetOPAC>https://lhwei.gbv.de/DB=2/CMD?ACT=SRCHA&amp;TRM=sgn+{ID}</targetOPAC>
    </originalItem>
    <bound>1</bound>
  </item>
  <item>
    <id>goethe57</id>
    <itemInVolume>0</itemInVolume>
    <volumes>1</volumes>
    <catEntries>
      <catalogue_entry>
        <idCat>cat1</idCat>
      </catalogue_entry>
    </catEntries>
    <titleBib>Iphigeneia h? en Taurois: Trag?dia eis pente praxeis (27. Ex.)</titleBib>
    <persons>
      <person>
        <persName>Goethe, Johann Wolfgang</persName>
        <role>creator</role>
      </person>
      <person>
        <persName>Papadopoulos, Iōannēs (Übers.)</persName>
        <role>creator</role>
      </person>
      <person>
        <persName>Weller, Christian Friedrich Ernst</persName>
        <gnd>117344257</gnd>
        <role>borrower</role>
        <beacon>
          <beacon>ddb</beacon>
          <beacon>wkp</beacon>
          <beacon>kall</beacon>
        </beacon>
        <dateLending>1818-08-03</dateLending>
      </person>
    </persons>
    <places>
      <place>
        <placeName>Jena</placeName>
        <getty>7005973</getty>
        <geoData>
          <lat>50.9333</lat>
          <long>11.5833</long>
        </geoData>
      </place>
    </places>
    <subjects>
      <subject>Goethe A.1.2 Selbständige Schriften</subject>
    </subjects>
    <originalItem>
      <institutionOriginal>KSW</institutionOriginal>
      <shelfmarkOriginal>ruppert1853*</shelfmarkOriginal>
      <targetOPAC>https://lhwei.gbv.de/DB=2/CMD?ACT=SRCHA&amp;TRM=sgn+{ID}</targetOPAC>
    </originalItem>
    <bound>1</bound>
  </item>
  <item>
    <id>goethe58</id>
    <itemInVolume>0</itemInVolume>
    <volumes>1</volumes>
    <catEntries>
      <catalogue_entry>
        <idCat>cat1</idCat>
      </catalogue_entry>
    </catEntries>
    <titleBib>Iphigeneia h? en Taurois: Trag?dia eis pente praxeis (28. Ex.)</titleBib>
    <persons>
      <person>
        <persName>Goethe, Johann Wolfgang</persName>
        <role>creator</role>
      </person>
      <person>
        <persName>Papadopoulos, Iōannēs (Übers.)</persName>
        <role>creator</role>
      </person>
      <person>
        <persName>Weller, Christian Friedrich Ernst</persName>
        <gnd>117344257</gnd>
        <role>borrower</role>
        <beacon>
          <beacon>ddb</beacon>
          <beacon>wkp</beacon>
          <beacon>kall</beacon>
        </beacon>
        <dateLending>1818-08-03</dateLending>
      </person>
    </persons>
    <places>
      <place>
        <placeName>Jena</placeName>
        <getty>7005973</getty>
        <geoData>
          <lat>50.9333</lat>
          <long>11.5833</long>
        </geoData>
      </place>
    </places>
    <subjects>
      <subject>Goethe A.1.2 Selbständige Schriften</subject>
    </subjects>
    <originalItem>
      <institutionOriginal>KSW</institutionOriginal>
      <shelfmarkOriginal>ruppert1853*</shelfmarkOriginal>
      <targetOPAC>https://lhwei.gbv.de/DB=2/CMD?ACT=SRCHA&amp;TRM=sgn+{ID}</targetOPAC>
    </originalItem>
    <bound>1</bound>
  </item>
  <item>
    <id>goethe59</id>
    <itemInVolume>0</itemInVolume>
    <volumes>1</volumes>
    <catEntries>
      <catalogue_entry>
        <idCat>cat1</idCat>
      </catalogue_entry>
    </catEntries>
    <titleBib>Iphigeneia h? en Taurois: Trag?dia eis pente praxeis (29. Ex.)</titleBib>
    <persons>
      <person>
        <persName>Goethe, Johann Wolfgang</persName>
        <role>creator</role>
      </person>
      <person>
        <persName>Papadopoulos, Iōannēs (Übers.)</persName>
        <role>creator</role>
      </person>
      <person>
        <persName>Weller, Christian Friedrich Ernst</persName>
        <gnd>117344257</gnd>
        <role>borrower</role>
        <beacon>
          <beacon>ddb</beacon>
          <beacon>wkp</beacon>
          <beacon>kall</beacon>
        </beacon>
        <dateLending>1818-08-03</dateLending>
      </person>
    </persons>
    <places>
      <place>
        <placeName>Jena</placeName>
        <getty>7005973</getty>
        <geoData>
          <lat>50.9333</lat>
          <long>11.5833</long>
        </geoData>
      </place>
    </places>
    <subjects>
      <subject>Goethe A.1.2 Selbständige Schriften</subject>
    </subjects>
    <originalItem>
      <institutionOriginal>KSW</institutionOriginal>
      <shelfmarkOriginal>ruppert1853*</shelfmarkOriginal>
      <targetOPAC>https://lhwei.gbv.de/DB=2/CMD?ACT=SRCHA&amp;TRM=sgn+{ID}</targetOPAC>
    </originalItem>
    <bound>1</bound>
  </item>
  <item>
    <id>goethe60</id>
    <itemInVolume>0</itemInVolume>
    <volumes>1</volumes>
    <catEntries>
      <catalogue_entry>
        <idCat>cat1</idCat>
      </catalogue_entry>
    </catEntries>
    <titleBib>Iphigeneia h? en Taurois: Trag?dia eis pente praxeis (30. Ex.)</titleBib>
    <persons>
      <person>
        <persName>Goethe, Johann Wolfgang</persName>
        <role>creator</role>
      </person>
      <person>
        <persName>Papadopoulos, Iōannēs (Übers.)</persName>
        <role>creator</role>
      </person>
      <person>
        <persName>Weller, Christian Friedrich Ernst</persName>
        <gnd>117344257</gnd>
        <role>borrower</role>
        <beacon>
          <beacon>ddb</beacon>
          <beacon>wkp</beacon>
          <beacon>kall</beacon>
        </beacon>
        <dateLending>1818-08-03</dateLending>
      </person>
    </persons>
    <places>
      <place>
        <placeName>Jena</placeName>
        <getty>7005973</getty>
        <geoData>
          <lat>50.9333</lat>
          <long>11.5833</long>
        </geoData>
      </place>
    </places>
    <subjects>
      <subject>Goethe A.1.2 Selbständige Schriften</subject>
    </subjects>
    <originalItem>
      <institutionOriginal>KSW</institutionOriginal>
      <shelfmarkOriginal>ruppert1853*</shelfmarkOriginal>
      <targetOPAC>https://lhwei.gbv.de/DB=2/CMD?ACT=SRCHA&amp;TRM=sgn+{ID}</targetOPAC>
    </originalItem>
    <bound>1</bound>
  </item>
  <item>
    <id>goethe61</id>
    <itemInVolume>0</itemInVolume>
    <volumes>1</volumes>
    <catEntries>
      <catalogue_entry>
        <idCat>cat1</idCat>
      </catalogue_entry>
    </catEntries>
    <titleBib>Metrische griechische Übersetzung des zweiten Gesanges (v. 1-273) von Goethes Hermann und Dorothea: mit beigefügtem Original und latein. Uebersetzung von Fischer. Einladungsschrift zu den am 1. 2. und 3. April 1830 anzustellenden öffentlichen Prüfungen und Redeübungen</titleBib>
    <persons>
      <person>
        <persName>Goethe, Johann Wolfgang</persName>
        <role>creator</role>
      </person>
      <person>
        <persName>Fischer, Benjamin Gottlob (Übers.)</persName>
        <role>creator</role>
      </person>
      <person>
        <persName>Winckler, Heinrich Arnold Wilhelm (Übers.)</persName>
        <role>creator</role>
      </person>
      <person>
        <persName>Winckler, Heinrich Arnold Wilhelm</persName>
        <gnd>117399817</gnd>
        <role>borrower</role>
        <beacon>
          <beacon>ddb</beacon>
          <beacon>wkp</beacon>
          <beacon>hbio</beacon>
          <beacon>kall</beacon>
        </beacon>
        <dateLending>1830-04-17</dateLending>
      </person>
    </persons>
    <places>
      <place>
        <placeName>Gießen</placeName>
        <getty>7004429</getty>
        <geoData>
          <lat>50.5833</lat>
          <long>8.65</long>
        </geoData>
      </place>
    </places>
    <subjects>
      <subject>Goethe A.1.2 Selbständige Schriften</subject>
    </subjects>
    <originalItem>
      <institutionOriginal>KSW</institutionOriginal>
      <shelfmarkOriginal>ruppert1846*</shelfmarkOriginal>
      <targetOPAC>https://lhwei.gbv.de/DB=2/CMD?ACT=SRCHA&amp;TRM=sgn+{ID}</targetOPAC>
    </originalItem>
    <bound>1</bound>
  </item>
  <item>
    <id>goethe62</id>
    <itemInVolume>0</itemInVolume>
    <volumes>1</volumes>
    <catEntries>
      <catalogue_entry>
        <idCat>cat1</idCat>
      </catalogue_entry>
    </catEntries>
    <persons>
      <person>
        <role>borrower</role>
      </person>
    </persons>
    <originalItem>
      <targetOPAC>d</targetOPAC>
    </originalItem>
    <bound>1</bound>
  </item>
</collection>
