"Name","Address","Description","Longitude","Latitude","TimeStamp","TimeSpan:begin","TimeSpan:end","GettyID",""
"Bamberg","Bamberg","Bamberg","10.90067","49.89873","1668","","",""
"Ellwangen","Ellwangen","Ellwangen","10.13173","48.96164","1686","","",""
"Frankfurt am Main","Frankfurt am Main","Frankfurt am Main","8.68417","50.11552","1668","","",""
"Frankfurt am Main","Frankfurt am Main","Frankfurt am Main","8.68417","50.11552","1677","","",""
"Frankfurt am Main","Frankfurt am Main","Frankfurt am Main","8.68417","50.11552","1678","","",""
"Leipzig","Leipzig","Leipzig","12.37129","51.33962","1687","","",""
"Neustadt an der Aisch","Neustadt an der Aisch","Neustadt an der Aisch","10.61126","49.57953","1684","","",""
"Neustadt an der Aisch","Neustadt an der Aisch","Neustadt an der Aisch","10.61126","49.57953","1685","","",""
"Nürnberg","Nürnberg","Nürnberg","11.07752","49.45421","1666","","",""
"Nürnberg","Nürnberg","Nürnberg","11.07752","49.45421","1669","","",""
"Nürnberg","Nürnberg","Nürnberg","11.07752","49.45421","1669","","",""
"Nürnberg","Nürnberg","Nürnberg","11.07752","49.45421","1671","","",""
"Nürnberg","Nürnberg","Nürnberg","11.07752","49.45421","1671","","",""
"Nürnberg","Nürnberg","Nürnberg","11.07752","49.45421","1672","","",""
"Nürnberg","Nürnberg","Nürnberg","11.07752","49.45421","1672","","",""
"Nürnberg","Nürnberg","Nürnberg","11.07752","49.45421","1672","","",""
"Nürnberg","Nürnberg","Nürnberg","11.07752","49.45421","1672","","",""
"Nürnberg","Nürnberg","Nürnberg","11.07752","49.45421","1672","","",""
"Nürnberg","Nürnberg","Nürnberg","11.07752","49.45421","1673","","",""
"Nürnberg","Nürnberg","Nürnberg","11.07752","49.45421","1673","","",""
"Nürnberg","Nürnberg","Nürnberg","11.07752","49.45421","1673","","",""
"Nürnberg","Nürnberg","Nürnberg","11.07752","49.45421","1673","","",""
"Nürnberg","Nürnberg","Nürnberg","11.07752","49.45421","1674","","",""
"Nürnberg","Nürnberg","Nürnberg","11.07752","49.45421","1674","","",""
"Nürnberg","Nürnberg","Nürnberg","11.07752","49.45421","1674","","",""
"Nürnberg","Nürnberg","Nürnberg","11.07752","49.45421","1675","","",""
"Nürnberg","Nürnberg","Nürnberg","11.07752","49.45421","1675","","",""
"Nürnberg","Nürnberg","Nürnberg","11.07752","49.45421","1675","","",""
"Nürnberg","Nürnberg","Nürnberg","11.07752","49.45421","1675","","",""
"Nürnberg","Nürnberg","Nürnberg","11.07752","49.45421","1676","","",""
"Nürnberg","Nürnberg","Nürnberg","11.07752","49.45421","1676","","",""
"Nürnberg","Nürnberg","Nürnberg","11.07752","49.45421","1676","","",""
"Nürnberg","Nürnberg","Nürnberg","11.07752","49.45421","1676","","",""
"Nürnberg","Nürnberg","Nürnberg","11.07752","49.45421","1676","","",""
"Nürnberg","Nürnberg","Nürnberg","11.07752","49.45421","1677","","",""
"Nürnberg","Nürnberg","Nürnberg","11.07752","49.45421","1677","","",""
"Nürnberg","Nürnberg","Nürnberg","11.07752","49.45421","1677","","",""
"Nürnberg","Nürnberg","Nürnberg","11.07752","49.45421","1677","","",""
"Nürnberg","Nürnberg","Nürnberg","11.07752","49.45421","1677","","",""
"Nürnberg","Nürnberg","Nürnberg","11.07752","49.45421","1678","","",""
"Nürnberg","Nürnberg","Nürnberg","11.07752","49.45421","1678","","",""
"Nürnberg","Nürnberg","Nürnberg","11.07752","49.45421","1678","","",""
"Nürnberg","Nürnberg","Nürnberg","11.07752","49.45421","1679","","",""
"Nürnberg","Nürnberg","Nürnberg","11.07752","49.45421","1679","","",""
"Nürnberg","Nürnberg","Nürnberg","11.07752","49.45421","1679","","",""
"Nürnberg","Nürnberg","Nürnberg","11.07752","49.45421","1680","","",""
"Nürnberg","Nürnberg","Nürnberg","11.07752","49.45421","1680","","",""
"Nürnberg","Nürnberg","Nürnberg","11.07752","49.45421","1680","","",""
"Nürnberg","Nürnberg","Nürnberg","11.07752","49.45421","1680","","",""
"Nürnberg","Nürnberg","Nürnberg","11.07752","49.45421","1680","","",""
"Nürnberg","Nürnberg","Nürnberg","11.07752","49.45421","1681","","",""
"Nürnberg","Nürnberg","Nürnberg","11.07752","49.45421","1681","","",""
"Nürnberg","Nürnberg","Nürnberg","11.07752","49.45421","1681","","",""
"Nürnberg","Nürnberg","Nürnberg","11.07752","49.45421","1682","","",""
"Nürnberg","Nürnberg","Nürnberg","11.07752","49.45421","1682","","",""
"Nürnberg","Nürnberg","Nürnberg","11.07752","49.45421","1682","","",""
"Nürnberg","Nürnberg","Nürnberg","11.07752","49.45421","1683","","",""
"Nürnberg","Nürnberg","Nürnberg","11.07752","49.45421","1683","","",""
"Nürnberg","Nürnberg","Nürnberg","11.07752","49.45421","1684","","",""
"Nürnberg","Nürnberg","Nürnberg","11.07752","49.45421","1684","","",""
"Nürnberg","Nürnberg","Nürnberg","11.07752","49.45421","1684","","",""
"Nürnberg","Nürnberg","Nürnberg","11.07752","49.45421","1684","","",""
"Nürnberg","Nürnberg","Nürnberg","11.07752","49.45421","1684","","",""
"Nürnberg","Nürnberg","Nürnberg","11.07752","49.45421","1684","","",""
"Nürnberg","Nürnberg","Nürnberg","11.07752","49.45421","1685","","",""
"Nürnberg","Nürnberg","Nürnberg","11.07752","49.45421","1685","","",""
"Nürnberg","Nürnberg","Nürnberg","11.07752","49.45421","1685","","",""
"Nürnberg","Nürnberg","Nürnberg","11.07752","49.45421","1685","","",""
"Nürnberg","Nürnberg","Nürnberg","11.07752","49.45421","1685","","",""
"Nürnberg","Nürnberg","Nürnberg","11.07752","49.45421","1686","","",""
"Nürnberg","Nürnberg","Nürnberg","11.07752","49.45421","1686","","",""
"Nürnberg","Nürnberg","Nürnberg","11.07752","49.45421","1686","","",""
"Nürnberg","Nürnberg","Nürnberg","11.07752","49.45421","1686","","",""
"Nürnberg","Nürnberg","Nürnberg","11.07752","49.45421","1686","","",""
"Nürnberg","Nürnberg","Nürnberg","11.07752","49.45421","1686","","",""
"Nürnberg","Nürnberg","Nürnberg","11.07752","49.45421","1686","","",""
"Nürnberg","Nürnberg","Nürnberg","11.07752","49.45421","1687","","",""
"Nürnberg","Nürnberg","Nürnberg","11.07752","49.45421","1687","","",""
"Nürnberg","Nürnberg","Nürnberg","11.07752","49.45421","1687","","",""
"Nürnberg","Nürnberg","Nürnberg","11.07752","49.45421","1687","","",""
"Nürnberg","Nürnberg","Nürnberg","11.07752","49.45421","1689","","",""
"Nürnberg","Nürnberg","Nürnberg","11.07752","49.45421","1689","","",""
"Nürnberg","Nürnberg","Nürnberg","11.07752","49.45421","1689","","",""
"Nürnberg","Nürnberg","Nürnberg","11.07752","49.45421","1690","","",""
"Nürnberg","Nürnberg","Nürnberg","11.07752","49.45421","1690","","",""
"Nürnberg","Nürnberg","Nürnberg","11.07752","49.45421","1690","","",""
"Nürnberg","Nürnberg","Nürnberg","11.07752","49.45421","1691","","",""
"Nürnberg","Nürnberg","Nürnberg","11.07752","49.45421","1691","","",""
"Nürnberg","Nürnberg","Nürnberg","11.07752","49.45421","1691","","",""
"Nürnberg","Nürnberg","Nürnberg","11.07752","49.45421","1692","","",""
"Nürnberg","Nürnberg","Nürnberg","11.07752","49.45421","1692","","",""
"Nürnberg","Nürnberg","Nürnberg","11.07752","49.45421","1692","","",""
"Nürnberg","Nürnberg","Nürnberg","11.07752","49.45421","1693","","",""
"Nürnberg","Nürnberg","Nürnberg","11.07752","49.45421","1693","","",""
"Nürnberg","Nürnberg","Nürnberg","11.07752","49.45421","1693","","",""
"Nürnberg","Nürnberg","Nürnberg","11.07752","49.45421","1693","","",""
"Nürnberg","Nürnberg","Nürnberg","11.07752","49.45421","1694","","",""
"Nürnberg","Nürnberg","Nürnberg","11.07752","49.45421","1694","","",""
"Nürnberg","Nürnberg","Nürnberg","11.07752","49.45421","1695","","",""
"Nürnberg","Nürnberg","Nürnberg","11.07752","49.45421","1695","","",""
"Nürnberg","Nürnberg","Nürnberg","11.07752","49.45421","1695","","",""
"Nürnberg","Nürnberg","Nürnberg","11.07752","49.45421","1695","","",""
"Nürnberg","Nürnberg","Nürnberg","11.07752","49.45421","1696","","",""
"Nürnberg","Nürnberg","Nürnberg","11.07752","49.45421","1696","","",""
"Nürnberg","Nürnberg","Nürnberg","11.07752","49.45421","1697","","",""
"Nürnberg","Nürnberg","Nürnberg","11.07752","49.45421","1698","","",""
"Nürnberg","Nürnberg","Nürnberg","11.07752","49.45421","1698","","",""
"Nürnberg","Nürnberg","Nürnberg","11.07752","49.45421","1699","","",""
"Nürnberg","Nürnberg","Nürnberg","11.07752","49.45421","1700","","",""
"Nürnberg","Nürnberg","Nürnberg","11.07752","49.45421","1700","","",""
"Nürnberg","Nürnberg","Nürnberg","11.07752","49.45421","1700","","",""
"Nürnberg","Nürnberg","Nürnberg","11.07752","49.45421","1700","","",""
"Passau","Passau","Passau","13.43122","48.5665","1694","","",""
"Passau","Passau","Passau","13.43122","48.5665","1695","","",""
"Stuttgart","Stuttgart","Stuttgart","9.17702","48.78232","1683","","",""
"Sulzbach","Sulzbach","Sulzbach","11.74598","49.50126","1626","","",""
"Sulzbach","Sulzbach","Sulzbach","11.74598","49.50126","1665","","",""
"Sulzbach","Sulzbach","Sulzbach","11.74598","49.50126","1665","","",""
"Sulzbach","Sulzbach","Sulzbach","11.74598","49.50126","1665","","",""
"Sulzbach","Sulzbach","Sulzbach","11.74598","49.50126","1665","","",""
"Sulzbach","Sulzbach","Sulzbach","11.74598","49.50126","1666","","",""
"Sulzbach","Sulzbach","Sulzbach","11.74598","49.50126","1666","","",""
"Sulzbach","Sulzbach","Sulzbach","11.74598","49.50126","1666","","",""
"Sulzbach","Sulzbach","Sulzbach","11.74598","49.50126","1666","","",""
"Sulzbach","Sulzbach","Sulzbach","11.74598","49.50126","1667","","",""
"Sulzbach","Sulzbach","Sulzbach","11.74598","49.50126","1667","","",""
"Sulzbach","Sulzbach","Sulzbach","11.74598","49.50126","1667","","",""
"Sulzbach","Sulzbach","Sulzbach","11.74598","49.50126","1667","","",""
"Sulzbach","Sulzbach","Sulzbach","11.74598","49.50126","1667","","",""
"Sulzbach","Sulzbach","Sulzbach","11.74598","49.50126","1667","","",""
"Sulzbach","Sulzbach","Sulzbach","11.74598","49.50126","1668","","",""
"Sulzbach","Sulzbach","Sulzbach","11.74598","49.50126","1668","","",""
"Sulzbach","Sulzbach","Sulzbach","11.74598","49.50126","1668","","",""
"Sulzbach","Sulzbach","Sulzbach","11.74598","49.50126","1668","","",""
"Sulzbach","Sulzbach","Sulzbach","11.74598","49.50126","1668","","",""
"Sulzbach","Sulzbach","Sulzbach","11.74598","49.50126","1668","","",""
"Sulzbach","Sulzbach","Sulzbach","11.74598","49.50126","1668","","",""
"Sulzbach","Sulzbach","Sulzbach","11.74598","49.50126","1668","","",""
"Sulzbach","Sulzbach","Sulzbach","11.74598","49.50126","1668","","",""
"Sulzbach","Sulzbach","Sulzbach","11.74598","49.50126","1669","","",""
"Sulzbach","Sulzbach","Sulzbach","11.74598","49.50126","1669","","",""
"Sulzbach","Sulzbach","Sulzbach","11.74598","49.50126","1669","","",""
"Sulzbach","Sulzbach","Sulzbach","11.74598","49.50126","1669","","",""
"Sulzbach","Sulzbach","Sulzbach","11.74598","49.50126","1669","","",""
"Sulzbach","Sulzbach","Sulzbach","11.74598","49.50126","1669","","",""
"Sulzbach","Sulzbach","Sulzbach","11.74598","49.50126","1669","","",""
"Sulzbach","Sulzbach","Sulzbach","11.74598","49.50126","1669","","",""
"Sulzbach","Sulzbach","Sulzbach","11.74598","49.50126","1669","","",""
"Sulzbach","Sulzbach","Sulzbach","11.74598","49.50126","1669","","",""
"Sulzbach","Sulzbach","Sulzbach","11.74598","49.50126","1669","","",""
"Sulzbach","Sulzbach","Sulzbach","11.74598","49.50126","1670","","",""
"Sulzbach","Sulzbach","Sulzbach","11.74598","49.50126","1670","","",""
"Sulzbach","Sulzbach","Sulzbach","11.74598","49.50126","1670","","",""
"Sulzbach","Sulzbach","Sulzbach","11.74598","49.50126","1670","","",""
"Sulzbach","Sulzbach","Sulzbach","11.74598","49.50126","1670","","",""
"Sulzbach","Sulzbach","Sulzbach","11.74598","49.50126","1670","","",""
"Sulzbach","Sulzbach","Sulzbach","11.74598","49.50126","1670","","",""
"Sulzbach","Sulzbach","Sulzbach","11.74598","49.50126","1670","","",""
"Sulzbach","Sulzbach","Sulzbach","11.74598","49.50126","1671","","",""
"Sulzbach","Sulzbach","Sulzbach","11.74598","49.50126","1671","","",""
"Sulzbach","Sulzbach","Sulzbach","11.74598","49.50126","1671","","",""
"Sulzbach","Sulzbach","Sulzbach","11.74598","49.50126","1671","","",""
"Sulzbach","Sulzbach","Sulzbach","11.74598","49.50126","1671","","",""
"Sulzbach","Sulzbach","Sulzbach","11.74598","49.50126","1671","","",""
"Sulzbach","Sulzbach","Sulzbach","11.74598","49.50126","1671","","",""
"Sulzbach","Sulzbach","Sulzbach","11.74598","49.50126","1671","","",""
"Sulzbach","Sulzbach","Sulzbach","11.74598","49.50126","1671","","",""
"Sulzbach","Sulzbach","Sulzbach","11.74598","49.50126","1672","","",""
"Sulzbach","Sulzbach","Sulzbach","11.74598","49.50126","1672","","",""
"Sulzbach","Sulzbach","Sulzbach","11.74598","49.50126","1672","","",""
"Sulzbach","Sulzbach","Sulzbach","11.74598","49.50126","1672","","",""
"Sulzbach","Sulzbach","Sulzbach","11.74598","49.50126","1672","","",""
"Sulzbach","Sulzbach","Sulzbach","11.74598","49.50126","1672","","",""
"Sulzbach","Sulzbach","Sulzbach","11.74598","49.50126","1672","","",""
"Sulzbach","Sulzbach","Sulzbach","11.74598","49.50126","1672","","",""
"Sulzbach","Sulzbach","Sulzbach","11.74598","49.50126","1672","","",""
"Sulzbach","Sulzbach","Sulzbach","11.74598","49.50126","1672","","",""
"Sulzbach","Sulzbach","Sulzbach","11.74598","49.50126","1672","","",""
"Sulzbach","Sulzbach","Sulzbach","11.74598","49.50126","1672","","",""
"Sulzbach","Sulzbach","Sulzbach","11.74598","49.50126","1672","","",""
"Sulzbach","Sulzbach","Sulzbach","11.74598","49.50126","1672","","",""
"Sulzbach","Sulzbach","Sulzbach","11.74598","49.50126","1672","","",""
"Sulzbach","Sulzbach","Sulzbach","11.74598","49.50126","1672","","",""
"Sulzbach","Sulzbach","Sulzbach","11.74598","49.50126","1672","","",""
"Sulzbach","Sulzbach","Sulzbach","11.74598","49.50126","1673","","",""
"Sulzbach","Sulzbach","Sulzbach","11.74598","49.50126","1673","","",""
"Sulzbach","Sulzbach","Sulzbach","11.74598","49.50126","1673","","",""
"Sulzbach","Sulzbach","Sulzbach","11.74598","49.50126","1673","","",""
"Sulzbach","Sulzbach","Sulzbach","11.74598","49.50126","1673","","",""
"Sulzbach","Sulzbach","Sulzbach","11.74598","49.50126","1673","","",""
"Sulzbach","Sulzbach","Sulzbach","11.74598","49.50126","1673","","",""
"Sulzbach","Sulzbach","Sulzbach","11.74598","49.50126","1673","","",""
"Sulzbach","Sulzbach","Sulzbach","11.74598","49.50126","1673","","",""
"Sulzbach","Sulzbach","Sulzbach","11.74598","49.50126","1673","","",""
"Sulzbach","Sulzbach","Sulzbach","11.74598","49.50126","1673","","",""
"Sulzbach","Sulzbach","Sulzbach","11.74598","49.50126","1673","","",""
"Sulzbach","Sulzbach","Sulzbach","11.74598","49.50126","1673","","",""
"Sulzbach","Sulzbach","Sulzbach","11.74598","49.50126","1673","","",""
"Sulzbach","Sulzbach","Sulzbach","11.74598","49.50126","1674","","",""
"Sulzbach","Sulzbach","Sulzbach","11.74598","49.50126","1674","","",""
"Sulzbach","Sulzbach","Sulzbach","11.74598","49.50126","1674","","",""
"Sulzbach","Sulzbach","Sulzbach","11.74598","49.50126","1674","","",""
"Sulzbach","Sulzbach","Sulzbach","11.74598","49.50126","1674","","",""
"Sulzbach","Sulzbach","Sulzbach","11.74598","49.50126","1674","","",""
"Sulzbach","Sulzbach","Sulzbach","11.74598","49.50126","1674","","",""
"Sulzbach","Sulzbach","Sulzbach","11.74598","49.50126","1674","","",""
"Sulzbach","Sulzbach","Sulzbach","11.74598","49.50126","1674","","",""
"Sulzbach","Sulzbach","Sulzbach","11.74598","49.50126","1674","","",""
"Sulzbach","Sulzbach","Sulzbach","11.74598","49.50126","1674","","",""
"Sulzbach","Sulzbach","Sulzbach","11.74598","49.50126","1674","","",""
"Sulzbach","Sulzbach","Sulzbach","11.74598","49.50126","1675","","",""
"Sulzbach","Sulzbach","Sulzbach","11.74598","49.50126","1675","","",""
"Sulzbach","Sulzbach","Sulzbach","11.74598","49.50126","1675","","",""
"Sulzbach","Sulzbach","Sulzbach","11.74598","49.50126","1675","","",""
"Sulzbach","Sulzbach","Sulzbach","11.74598","49.50126","1675","","",""
"Sulzbach","Sulzbach","Sulzbach","11.74598","49.50126","1675","","",""
"Sulzbach","Sulzbach","Sulzbach","11.74598","49.50126","1675","","",""
"Sulzbach","Sulzbach","Sulzbach","11.74598","49.50126","1675","","",""
"Sulzbach","Sulzbach","Sulzbach","11.74598","49.50126","1675","","",""
"Sulzbach","Sulzbach","Sulzbach","11.74598","49.50126","1675","","",""
"Sulzbach","Sulzbach","Sulzbach","11.74598","49.50126","1675","","",""
"Sulzbach","Sulzbach","Sulzbach","11.74598","49.50126","1676","","",""
"Sulzbach","Sulzbach","Sulzbach","11.74598","49.50126","1676","","",""
"Sulzbach","Sulzbach","Sulzbach","11.74598","49.50126","1676","","",""
"Sulzbach","Sulzbach","Sulzbach","11.74598","49.50126","1676","","",""
"Sulzbach","Sulzbach","Sulzbach","11.74598","49.50126","1676","","",""
"Sulzbach","Sulzbach","Sulzbach","11.74598","49.50126","1676","","",""
"Sulzbach","Sulzbach","Sulzbach","11.74598","49.50126","1676","","",""
"Sulzbach","Sulzbach","Sulzbach","11.74598","49.50126","1676","","",""
"Sulzbach","Sulzbach","Sulzbach","11.74598","49.50126","1676","","",""
"Sulzbach","Sulzbach","Sulzbach","11.74598","49.50126","1676","","",""
"Sulzbach","Sulzbach","Sulzbach","11.74598","49.50126","1677","","",""
"Sulzbach","Sulzbach","Sulzbach","11.74598","49.50126","1677","","",""
"Sulzbach","Sulzbach","Sulzbach","11.74598","49.50126","1677","","",""
"Sulzbach","Sulzbach","Sulzbach","11.74598","49.50126","1677","","",""
"Sulzbach","Sulzbach","Sulzbach","11.74598","49.50126","1677","","",""
"Sulzbach","Sulzbach","Sulzbach","11.74598","49.50126","1677","","",""
"Sulzbach","Sulzbach","Sulzbach","11.74598","49.50126","1677","","",""
"Sulzbach","Sulzbach","Sulzbach","11.74598","49.50126","1677","","",""
"Sulzbach","Sulzbach","Sulzbach","11.74598","49.50126","1677","","",""
"Sulzbach","Sulzbach","Sulzbach","11.74598","49.50126","1677","","",""
"Sulzbach","Sulzbach","Sulzbach","11.74598","49.50126","1677","","",""
"Sulzbach","Sulzbach","Sulzbach","11.74598","49.50126","1677","","",""
"Sulzbach","Sulzbach","Sulzbach","11.74598","49.50126","1677","","",""
"Sulzbach","Sulzbach","Sulzbach","11.74598","49.50126","1677","","",""
"Sulzbach","Sulzbach","Sulzbach","11.74598","49.50126","1677","","",""
"Sulzbach","Sulzbach","Sulzbach","11.74598","49.50126","1677","","",""
"Sulzbach","Sulzbach","Sulzbach","11.74598","49.50126","1677","","",""
"Sulzbach","Sulzbach","Sulzbach","11.74598","49.50126","1677","","",""
"Sulzbach","Sulzbach","Sulzbach","11.74598","49.50126","1677","","",""
"Sulzbach","Sulzbach","Sulzbach","11.74598","49.50126","1677","","",""
"Sulzbach","Sulzbach","Sulzbach","11.74598","49.50126","1678","","",""
"Sulzbach","Sulzbach","Sulzbach","11.74598","49.50126","1678","","",""
"Sulzbach","Sulzbach","Sulzbach","11.74598","49.50126","1678","","",""
"Sulzbach","Sulzbach","Sulzbach","11.74598","49.50126","1678","","",""
"Sulzbach","Sulzbach","Sulzbach","11.74598","49.50126","1678","","",""
"Sulzbach","Sulzbach","Sulzbach","11.74598","49.50126","1678","","",""
"Sulzbach","Sulzbach","Sulzbach","11.74598","49.50126","1678","","",""
"Sulzbach","Sulzbach","Sulzbach","11.74598","49.50126","1678","","",""
"Sulzbach","Sulzbach","Sulzbach","11.74598","49.50126","1678","","",""
"Sulzbach","Sulzbach","Sulzbach","11.74598","49.50126","1679","","",""
"Sulzbach","Sulzbach","Sulzbach","11.74598","49.50126","1679","","",""
"Sulzbach","Sulzbach","Sulzbach","11.74598","49.50126","1679","","",""
"Sulzbach","Sulzbach","Sulzbach","11.74598","49.50126","1679","","",""
"Sulzbach","Sulzbach","Sulzbach","11.74598","49.50126","1680","","",""
"Sulzbach","Sulzbach","Sulzbach","11.74598","49.50126","1680","","",""
"Sulzbach","Sulzbach","Sulzbach","11.74598","49.50126","1680","","",""
"Sulzbach","Sulzbach","Sulzbach","11.74598","49.50126","1680","","",""
"Sulzbach","Sulzbach","Sulzbach","11.74598","49.50126","1680","","",""
"Sulzbach","Sulzbach","Sulzbach","11.74598","49.50126","1680","","",""
"Sulzbach","Sulzbach","Sulzbach","11.74598","49.50126","1680","","",""
"Sulzbach","Sulzbach","Sulzbach","11.74598","49.50126","1681","","",""
"Sulzbach","Sulzbach","Sulzbach","11.74598","49.50126","1681","","",""
"Sulzbach","Sulzbach","Sulzbach","11.74598","49.50126","1681","","",""
"Sulzbach","Sulzbach","Sulzbach","11.74598","49.50126","1681","","",""
"Sulzbach","Sulzbach","Sulzbach","11.74598","49.50126","1681","","",""
"Sulzbach","Sulzbach","Sulzbach","11.74598","49.50126","1681","","",""
"Sulzbach","Sulzbach","Sulzbach","11.74598","49.50126","1681","","",""
"Sulzbach","Sulzbach","Sulzbach","11.74598","49.50126","1682","","",""
"Sulzbach","Sulzbach","Sulzbach","11.74598","49.50126","1682","","",""
"Sulzbach","Sulzbach","Sulzbach","11.74598","49.50126","1682","","",""
"Sulzbach","Sulzbach","Sulzbach","11.74598","49.50126","1682","","",""
"Sulzbach","Sulzbach","Sulzbach","11.74598","49.50126","1683","","",""
"Sulzbach","Sulzbach","Sulzbach","11.74598","49.50126","1683","","",""
"Sulzbach","Sulzbach","Sulzbach","11.74598","49.50126","1683","","",""
"Sulzbach","Sulzbach","Sulzbach","11.74598","49.50126","1684","","",""
"Sulzbach","Sulzbach","Sulzbach","11.74598","49.50126","1684","","",""
"Sulzbach","Sulzbach","Sulzbach","11.74598","49.50126","1684","","",""
"Sulzbach","Sulzbach","Sulzbach","11.74598","49.50126","1684","","",""
"Sulzbach","Sulzbach","Sulzbach","11.74598","49.50126","1684","","",""
"Sulzbach","Sulzbach","Sulzbach","11.74598","49.50126","1684","","",""
"Sulzbach","Sulzbach","Sulzbach","11.74598","49.50126","1684","","",""
"Sulzbach","Sulzbach","Sulzbach","11.74598","49.50126","1684","","",""
"Sulzbach","Sulzbach","Sulzbach","11.74598","49.50126","1684","","",""
"Sulzbach","Sulzbach","Sulzbach","11.74598","49.50126","1685","","",""
"Sulzbach","Sulzbach","Sulzbach","11.74598","49.50126","1685","","",""
"Sulzbach","Sulzbach","Sulzbach","11.74598","49.50126","1685","","",""
"Sulzbach","Sulzbach","Sulzbach","11.74598","49.50126","1685","","",""
"Sulzbach","Sulzbach","Sulzbach","11.74598","49.50126","1685","","",""
"Sulzbach","Sulzbach","Sulzbach","11.74598","49.50126","1685","","",""
"Sulzbach","Sulzbach","Sulzbach","11.74598","49.50126","1685","","",""
"Sulzbach","Sulzbach","Sulzbach","11.74598","49.50126","1685","","",""
"Sulzbach","Sulzbach","Sulzbach","11.74598","49.50126","1685","","",""
"Sulzbach","Sulzbach","Sulzbach","11.74598","49.50126","1685","","",""
"Sulzbach","Sulzbach","Sulzbach","11.74598","49.50126","1685","","",""
"Sulzbach","Sulzbach","Sulzbach","11.74598","49.50126","1685","","",""
"Sulzbach","Sulzbach","Sulzbach","11.74598","49.50126","1685","","",""
"Sulzbach","Sulzbach","Sulzbach","11.74598","49.50126","1686","","",""
"Sulzbach","Sulzbach","Sulzbach","11.74598","49.50126","1686","","",""
"Sulzbach","Sulzbach","Sulzbach","11.74598","49.50126","1686","","",""
"Sulzbach","Sulzbach","Sulzbach","11.74598","49.50126","1686","","",""
"Sulzbach","Sulzbach","Sulzbach","11.74598","49.50126","1686","","",""
"Sulzbach","Sulzbach","Sulzbach","11.74598","49.50126","1686","","",""
"Sulzbach","Sulzbach","Sulzbach","11.74598","49.50126","1686","","",""
"Sulzbach","Sulzbach","Sulzbach","11.74598","49.50126","1686","","",""
"Sulzbach","Sulzbach","Sulzbach","11.74598","49.50126","1686","","",""
"Sulzbach","Sulzbach","Sulzbach","11.74598","49.50126","1687","","",""
"Sulzbach","Sulzbach","Sulzbach","11.74598","49.50126","1687","","",""
"Sulzbach","Sulzbach","Sulzbach","11.74598","49.50126","1687","","",""
"Sulzbach","Sulzbach","Sulzbach","11.74598","49.50126","1687","","",""
"Sulzbach","Sulzbach","Sulzbach","11.74598","49.50126","1687","","",""
"Sulzbach","Sulzbach","Sulzbach","11.74598","49.50126","1687","","",""
"Sulzbach","Sulzbach","Sulzbach","11.74598","49.50126","1687","","",""
"Sulzbach","Sulzbach","Sulzbach","11.74598","49.50126","1687","","",""
"Sulzbach","Sulzbach","Sulzbach","11.74598","49.50126","1687","","",""
"Sulzbach","Sulzbach","Sulzbach","11.74598","49.50126","1687","","",""
"Sulzbach","Sulzbach","Sulzbach","11.74598","49.50126","1688","","",""
"Sulzbach","Sulzbach","Sulzbach","11.74598","49.50126","1688","","",""
"Sulzbach","Sulzbach","Sulzbach","11.74598","49.50126","1688","","",""
"Sulzbach","Sulzbach","Sulzbach","11.74598","49.50126","1688","","",""
"Sulzbach","Sulzbach","Sulzbach","11.74598","49.50126","1689","","",""
"Sulzbach","Sulzbach","Sulzbach","11.74598","49.50126","1689","","",""
"Sulzbach","Sulzbach","Sulzbach","11.74598","49.50126","1689","","",""
"Sulzbach","Sulzbach","Sulzbach","11.74598","49.50126","1689","","",""
"Sulzbach","Sulzbach","Sulzbach","11.74598","49.50126","1689","","",""
"Sulzbach","Sulzbach","Sulzbach","11.74598","49.50126","1689","","",""
"Sulzbach","Sulzbach","Sulzbach","11.74598","49.50126","1689","","",""
"Sulzbach","Sulzbach","Sulzbach","11.74598","49.50126","1690","","",""
"Sulzbach","Sulzbach","Sulzbach","11.74598","49.50126","1690","","",""
"Sulzbach","Sulzbach","Sulzbach","11.74598","49.50126","1690","","",""
"Sulzbach","Sulzbach","Sulzbach","11.74598","49.50126","1690","","",""
"Sulzbach","Sulzbach","Sulzbach","11.74598","49.50126","1690","","",""
"Sulzbach","Sulzbach","Sulzbach","11.74598","49.50126","1690","","",""
"Sulzbach","Sulzbach","Sulzbach","11.74598","49.50126","1691","","",""
"Sulzbach","Sulzbach","Sulzbach","11.74598","49.50126","1691","","",""
"Sulzbach","Sulzbach","Sulzbach","11.74598","49.50126","1691","","",""
"Sulzbach","Sulzbach","Sulzbach","11.74598","49.50126","1691","","",""
"Sulzbach","Sulzbach","Sulzbach","11.74598","49.50126","1691","","",""
"Sulzbach","Sulzbach","Sulzbach","11.74598","49.50126","1691","","",""
"Sulzbach","Sulzbach","Sulzbach","11.74598","49.50126","1691","","",""
"Sulzbach","Sulzbach","Sulzbach","11.74598","49.50126","1691","","",""
"Sulzbach","Sulzbach","Sulzbach","11.74598","49.50126","1692","","",""
"Sulzbach","Sulzbach","Sulzbach","11.74598","49.50126","1692","","",""
"Sulzbach","Sulzbach","Sulzbach","11.74598","49.50126","1692","","",""
"Sulzbach","Sulzbach","Sulzbach","11.74598","49.50126","1692","","",""
"Sulzbach","Sulzbach","Sulzbach","11.74598","49.50126","1692","","",""
"Sulzbach","Sulzbach","Sulzbach","11.74598","49.50126","1692","","",""
"Sulzbach","Sulzbach","Sulzbach","11.74598","49.50126","1692","","",""
"Sulzbach","Sulzbach","Sulzbach","11.74598","49.50126","1693","","",""
"Sulzbach","Sulzbach","Sulzbach","11.74598","49.50126","1693","","",""
"Sulzbach","Sulzbach","Sulzbach","11.74598","49.50126","1693","","",""
"Sulzbach","Sulzbach","Sulzbach","11.74598","49.50126","1693","","",""
"Sulzbach","Sulzbach","Sulzbach","11.74598","49.50126","1693","","",""
"Sulzbach","Sulzbach","Sulzbach","11.74598","49.50126","1693","","",""
"Sulzbach","Sulzbach","Sulzbach","11.74598","49.50126","1694","","",""
"Sulzbach","Sulzbach","Sulzbach","11.74598","49.50126","1694","","",""
"Sulzbach","Sulzbach","Sulzbach","11.74598","49.50126","1694","","",""
"Sulzbach","Sulzbach","Sulzbach","11.74598","49.50126","1694","","",""
"Sulzbach","Sulzbach","Sulzbach","11.74598","49.50126","1694","","",""
"Sulzbach","Sulzbach","Sulzbach","11.74598","49.50126","1694","","",""
"Sulzbach","Sulzbach","Sulzbach","11.74598","49.50126","1694","","",""
"Sulzbach","Sulzbach","Sulzbach","11.74598","49.50126","1694","","",""
"Sulzbach","Sulzbach","Sulzbach","11.74598","49.50126","1694","","",""
"Sulzbach","Sulzbach","Sulzbach","11.74598","49.50126","1694","","",""
"Sulzbach","Sulzbach","Sulzbach","11.74598","49.50126","1694","","",""
"Sulzbach","Sulzbach","Sulzbach","11.74598","49.50126","1694","","",""
"Sulzbach","Sulzbach","Sulzbach","11.74598","49.50126","1694","","",""
"Sulzbach","Sulzbach","Sulzbach","11.74598","49.50126","1695","","",""
"Sulzbach","Sulzbach","Sulzbach","11.74598","49.50126","1695","","",""
"Sulzbach","Sulzbach","Sulzbach","11.74598","49.50126","1695","","",""
"Sulzbach","Sulzbach","Sulzbach","11.74598","49.50126","1695","","",""
"Sulzbach","Sulzbach","Sulzbach","11.74598","49.50126","1695","","",""
"Sulzbach","Sulzbach","Sulzbach","11.74598","49.50126","1695","","",""
"Sulzbach","Sulzbach","Sulzbach","11.74598","49.50126","1696","","",""
"Sulzbach","Sulzbach","Sulzbach","11.74598","49.50126","1696","","",""
"Sulzbach","Sulzbach","Sulzbach","11.74598","49.50126","1696","","",""
"Sulzbach","Sulzbach","Sulzbach","11.74598","49.50126","1697","","",""
"Sulzbach","Sulzbach","Sulzbach","11.74598","49.50126","1697","","",""
"Sulzbach","Sulzbach","Sulzbach","11.74598","49.50126","1698","","",""
"Sulzbach","Sulzbach","Sulzbach","11.74598","49.50126","1698","","",""
"Sulzbach","Sulzbach","Sulzbach","11.74598","49.50126","1698","","",""
"Sulzbach","Sulzbach","Sulzbach","11.74598","49.50126","1698","","",""
"Sulzbach","Sulzbach","Sulzbach","11.74598","49.50126","1699","","",""
"Sulzbach","Sulzbach","Sulzbach","11.74598","49.50126","1699","","",""
"Sulzbach","Sulzbach","Sulzbach","11.74598","49.50126","1699","","",""
"Sulzbach","Sulzbach","Sulzbach","11.74598","49.50126","1699","","",""
"Sulzbach","Sulzbach","Sulzbach","11.74598","49.50126","1700","","",""
"Sulzbach","Sulzbach","Sulzbach","11.74598","49.50126","1700","","",""
"Sulzbach","Sulzbach","Sulzbach","11.74598","49.50126","1700","","",""
"Sulzbach","Sulzbach","Sulzbach","11.74598","49.50126","1700","","",""
"Sulzbach","Sulzbach","Sulzbach","11.74598","49.50126","1700","","",""
"Sulzbach","Sulzbach","Sulzbach","11.74598","49.50126","1700","","",""
"Sulzbach","Sulzbach","Sulzbach","11.74598","49.50126","1700","","",""
"Sulzbach","Sulzbach","Sulzbach","11.74598","49.50126","1700","","",""
"Sulzbach","Sulzbach","Sulzbach","11.74598","49.50126","1700","","",""
"Sulzbach","Sulzbach","Sulzbach","11.74598","49.50126","1700","","",""
"Wien","Wien","Wien","16.37208","48.20849","1672","","",""
"Wien","Wien","Wien","16.37208","48.20849","1672","","",""
"Wien","Wien","Wien","16.37208","48.20849","1672","","",""
