<?xml version="1.0"?>
<TEI xmlns="http://www.tei-c.org/ns/1.0">
  <teiHeader>
    <fileDesc>
      <titleStmt>
        <title>Bibliothek Elisabeth Sophia Maria (1768)</title>
      </titleStmt>
      <publicationStmt>
        <publisher>
          <name type="org">Herzog August Bibliothek Wolfenb&#xFC;ttel</name>
          <address>
            <street>Lessingplatz 1</street>
            <name type="city">Wolfenb&#xFC;ttel</name>
            <postCode>D-38299</postCode>
            <name type="country">Germany</name>
          </address>
        </publisher>
        <date when="2020-09-09">2020</date>
      </publicationStmt>
      <sourceDesc>
        <listWit>
          <witness xml:id="witness_0">HAB, BA I 634</witness>
        </listWit>
      </sourceDesc>
    </fileDesc>
  </teiHeader>
  <text>
    <body>
      <div type="transcription">
        <head>ohne Kategorie</head>
        <div type="volume">
          <p xml:id="weltwissen0">Annales de la Monarchie francoise depuis Pharamond jusqu&#x2018;&#xE2; la Majorite de Louis XV.<note>Teil 1-3</note></p>
        </div>
        <div type="volume">
          <p xml:id="weltwissen1">Ausf&#xFC;hrung des Rechts Ihro K&#xF6;niglichen Maj: von Gro&#xDF;-Britannien, als Herzogs von Lauenburg an das Amt Steinhorst, nebst Beyf&#xFC;gung derer von K&#xF6;niglich d&#xE4;nischer Seite bishero in dieser Sache, publicirten Schriften, und deren gr&#xFC;ndlicher Beantwortung</p>
        </div>
        <div type="volume">
          <p xml:id="weltwissen2">Dictionnaire Oeconomique<note>Teil 1-2</note></p>
        </div>
        <div type="volume">
          <p xml:id="weltwissen3">Supplement au Dictionnaire Oeconomique<note>Teil 1-2</note></p>
        </div>
        <div type="volume">
          <p xml:id="weltwissen4">L&#x2019;Histoire des Provinces-unies des Pais-Bas</p>
        </div>
        <div type="volume">
          <p xml:id="weltwissen5">Le Grand Dictionnaire Geographique, et Critique<note>Teil 1-15</note></p>
        </div>
        <div type="volume">
          <p xml:id="weltwissen6">Ern: Salomon Cypriani Hilaria Evangelica oder Theologisch-Historischer Bericht vom andern Evangelischen Jubel-Fest<note>Vermutlich Provenienz ESM: M: Tq 2&#xB0; 40 (Einband)</note></p>
        </div>
        <div type="volume">
          <p xml:id="weltwissen7">Geo: Engelh. L&#xF6;hneys Aulico-Politica<note>Exemplar M: Hn 2&#xB0; 3 in Sammelband</note></p>
        </div>
        <div type="volume">
          <p xml:id="weltwissen8">Leben der Heiligen ... Sommer Theil<note>Kein Exemplar im Bestand der HAB nachgewiesen</note></p>
        </div>
        <div type="volume">
          <p xml:id="weltwissen9">Oeuvres de Fran&#xE7;ois de la Mothe le Vayer<note>Teil 1-2</note></p>
        </div>
        <div type="volume">
          <p xml:id="weltwissen10">Leichen Predigten, und Carmina auf den seel. Todt des Hochseeligen F&#xFC;rsten Zu Anhalt Christian Augusts &amp;c.</p>
        </div>
        <div type="volume">
          <p xml:id="weltwissen11">Das grosse Cantional oder Kirchen-Gesang-Buch</p>
        </div>
        <div type="volume">
          <p xml:id="weltwissen12">Le Dictionnaire des Cas de Conscience p.<note>Teil 1-2</note></p>
        </div>
        <div type="volume">
          <p xml:id="weltwissen13">Superstitions anciennes, &amp; modernes &amp;c.<note>Teil 1-2; Exemplar mit Provenienz PC bzw. Montbail</note></p>
        </div>
        <div type="volume">
          <p xml:id="weltwissen14">Ancienne, et nouvelle Discipline de l&#x2019;Eglise</p>
        </div>
        <div type="volume">
          <p xml:id="weltwissen15">Histoire des Trait&#xE9;s de Paix, et autres Negotiations du dix-septi&#xE8;me Siecle<note>Teil 1-2</note></p>
        </div>
        <div type="volume">
          <p xml:id="weltwissen16">Histoire de la Ville de Paris<note>Teil 1-5</note></p>
        </div>
        <div type="volume">
          <p xml:id="weltwissen17">Johannis Aventini Beyerische Chronika</p>
        </div>
        <div type="volume">
          <p xml:id="weltwissen18">Conradi Agricolae Teutsche Biblische Concordanzen</p>
        </div>
        <div type="volume">
          <p xml:id="weltwissen19">Sleidanus verus, &amp; continuatus. Das ist: Beschreibung aller f&#xFC;rnehmen H&#xE4;ndel, und Geschichten, so sich in Glaubens, und weltlichen Sachen bis 1620. zugetragen haben<note>Teil 1-5; vermutlich Provenienz ESM: M: Gl 2&#xB0; 96 (Einband; Titelschild)</note></p>
        </div>
        <div type="volume">
          <p xml:id="weltwissen20">Le grand Dictionnaire historique<note>Vermutlich Provenienz ESM: M: Ga 2&#xB0; 10 (einziges Exemplar)</note></p>
        </div>
        <div type="volume">
          <p xml:id="weltwissen21">Recueil des Traitez de Paix. p.<note>Teil 1-4</note></p>
        </div>
        <div type="volume">
          <p xml:id="weltwissen22">D. M. Luthers s&#xE4;mtliche Schriften, und Werke<note>Teil 1-22</note></p>
        </div>
        <div type="volume">
          <p xml:id="weltwissen23">M. Joh. Jac. Greiffs vollst&#xE4;ndige Register &#xFC;ber die XXII. Leipziger Theile D. M. Luthers Schriften</p>
        </div>
        <div type="volume">
          <p xml:id="weltwissen24">Colloquia, oder Tisch-Reden D. M. Luthers, nebst dessen Prophezeyungen</p>
        </div>
        <div type="volume">
          <p xml:id="weltwissen25">Allgemeine Schaub&#xFC;hne der Welt. oder Jahrgeschichte des XVII.ten Seculi<note>Teil 1-5</note></p>
        </div>
        <div type="volume">
          <p xml:id="weltwissen26">Histoire d&#x2019;Angleterre d&#x2019;ecosse, et d&#x2019;Irlande<note>Teil 1-4</note></p>
        </div>
        <div type="volume">
          <p xml:id="weltwissen27">Oeuvres de Nicolas Boileau Despreaux<note>Teil 1-2</note></p>
        </div>
        <div type="volume">
          <p xml:id="weltwissen28">Annales des Provinces unies<note>Von Exemplar M: Gp 2&#xB0; 4 und Exemplar Schulenb. Gh 2&#xB0; 2a jeweils nur Bd. 2 der Ausgabe vorhanden; vorhandenes vollst&#xE4;ndiges Exemplar mit Provenienz LR</note></p>
        </div>
        <div type="volume">
          <p xml:id="weltwissen29">Histoire de France depuis Faramond jusqu&#x2019;au Regne de Louis le juiste. p.<note>Teil 1-3</note></p>
        </div>
        <div type="volume">
          <p xml:id="weltwissen30">Allgemeines Biblisches Lexicon<note>Teil 1-3</note></p>
        </div>
        <div type="volume">
          <p xml:id="weltwissen31">Histoire Generale des Eglises Evangeliques des Vallees de Piemont, ou Vaudoises<note>Teil 1-2</note></p>
        </div>
        <div type="volume">
          <p xml:id="weltwissen32">Codex Dipplommaticus Quedlinburgensis</p>
        </div>
        <div type="volume">
          <p xml:id="weltwissen33">Concordantiae Bibliorum</p>
        </div>
        <div type="volume">
          <p xml:id="weltwissen34">[Herrn] Heinrich August Wilhelm ErbPrintz [von] Nassau Leichen-Predigten, Parentationes, [Ca]rmina pp.<note>Exemplar ist Sammelband mit 11 Werken</note></p>
        </div>
        <div type="volume">
          <p xml:id="weltwissen35">Dictionnaire universel Fran&#xE7;ois, &amp; Latin<note>Teil 1-4; Exemplar vermutlich Provenienz ESM (einziges Exemplar, Vorbesitz: Justus Christoph B&#xF6;hmer)</note></p>
        </div>
        <div type="volume">
          <p xml:id="weltwissen36">Quatuordecim Tabulae Genealogicae, quibus exhibentur praecipuae Familiae hodiernorum Principum Imperii</p>
        </div>
        <div type="volume">
          <p xml:id="weltwissen37">Francisci. Philippi. Florini Oeconomus prudens, &amp; legalis. oder allgemeiner Klug- und Rechts-verst&#xE4;ndiger Haus-Vater<note>Exemplar mit Provenienz LR (Buch 1-9 in 2 B&#xE4;nden)</note></p>
        </div>
        <div type="volume">
          <p xml:id="weltwissen38">Histoire Generale de France, avec l&#x2019;Estat de l&#x2019;Eglise, et de l&#x2019;Empire<note>Teil 1-8</note></p>
        </div>
        <div type="volume">
          <p xml:id="weltwissen39">Cosmographey, Das ist: Beschreibung aller L&#xE4;nder, Herrschaften, und f&#xFC;rnemsten St&#xE4;dten des ganzen Erdtbodens pp.</p>
        </div>
        <div type="volume">
          <p xml:id="weltwissen40">Historische Stamm-Tafeln der Kayserlichen K&#xF6;niglichen und F&#xFC;rstlichen Geschlechter</p>
        </div>
        <div type="volume">
          <p xml:id="weltwissen41">L&#x2019;Histoire de la Decadence de l&#x2019;Empire Grec &amp;c.</p>
        </div>
        <div type="volume">
          <p xml:id="weltwissen42">Oeuvres diverses de Mons. Arnauld d&#x2019;Andilly<note>Teil 1-3</note></p>
        </div>
        <div type="volume">
          <p xml:id="weltwissen43">Les Oeuvres de Sainte Therese</p>
        </div>
        <div type="volume">
          <p xml:id="weltwissen44">Memoires, &amp; Negociations secretes de la Cour de France touchant la Paix de M&#xFC;nster</p>
        </div>
        <div type="volume">
          <p xml:id="weltwissen45">Franc. Phil: Florini Oeconomus prudens, et legalis continuatus. oder grosser Herren Standes, und Adelicher Haus Vater<note>Buch 1-5 in 2 B&#xE4;nden</note></p>
        </div>
        <div type="volume">
          <p xml:id="weltwissen46">Die Gesezm&#xE4;ssigkeit der Religions-Versicherung, welche des Herren Erb-Printzens Friederich zu Hessen-Cassel. Durchlaucht nach dero &#xDC;bertrit zu der R&#xF6;m: Kirche von sich gestellet</p>
        </div>
        <div type="volume">
          <p xml:id="weltwissen47">Concordantz &#xFC;ber die ganze Heilige Schrift nach Dolmetschung D. M. Luthers<note>Teil 1-5</note></p>
        </div>
        <div type="volume">
          <p xml:id="weltwissen48">Les Oeuvres morales, et mesl&#xE9;es de Plutargue<note>4 Teile; 3-4 ist: "Les Hommes Illvstres Grecs Et Romains ..."</note></p>
        </div>
        <div type="volume">
          <p xml:id="weltwissen49">Braunschweig-L&#xFC;neburgische Chronica von Philip. Julio. Rethmejer<note>Teil 1-3; vermutlich Provenienz ESM: M: Gn 4&#xB0; 328 (Einband; Titelschild)</note></p>
        </div>
        <div type="volume">
          <p xml:id="weltwissen50">L&#x2019;Imposture de la Marquise Charlotte de Mailly de Nesle, et de son Fils adulterin Maximilien Guillaume Adolphe p.</p>
        </div>
        <div type="volume">
          <p xml:id="weltwissen51">Histoire d&#x2019;Angleterre<note>Teil 1-2</note></p>
        </div>
        <div type="volume">
          <p xml:id="weltwissen52">Les Oeuvres de Tacite</p>
        </div>
        <div type="volume">
          <p xml:id="weltwissen53">M. Christ. Scrivers Seelen-Schatz<note>Teil 1-5; Registerband separat erfasst</note></p>
        </div>
        <div type="volume">
          <p xml:id="weltwissen54">Heinr. Anselm von Ziegeler Historisches Labyrinth der Zeit<note>Teil 1-2; Exemplar mit Provenienz LR</note></p>
        </div>
        <div type="volume">
          <p xml:id="weltwissen55">Histoire des Comtes de Poictou p.</p>
        </div>
        <div type="volume">
          <p xml:id="weltwissen56">Summarien, oder gr&#xFC;ndtliche Auslegung &#xFC;ber die ganze heilige Schrift</p>
        </div>
        <div type="volume">
          <p xml:id="weltwissen57">Postilla, das ist: Auslegung der Sonntags Evangelien durchs ganze Jahr<note>Teil 1-2</note></p>
        </div>
        <div type="volume">
          <p xml:id="weltwissen58">Summarjen, und Biblische Auslegung</p>
        </div>
        <div type="volume">
          <p xml:id="weltwissen59">Histoire du Ministere d&#x2019;Armand Jeann du Plessis Cardinal Duc de Richelieu<note>Exemplar mit Provenienz FA</note></p>
        </div>
        <div type="volume">
          <p xml:id="weltwissen60">F&#xFC;rstliche Leichen Predigt, Parentation, und Carmina auf den Todt Herren August Friederich Herzog zu Braunschweig, und L&#xFC;neburg<note>Enth&#xE4;lt 3 Werke; Erscheinungsjahr nach Angabe im Titel</note></p>
        </div>
        <div type="volume">
          <p xml:id="weltwissen61">Johann Arndts s&#xE4;mtliche Schriften<note>Teil 1-3</note></p>
        </div>
        <div type="volume">
          <p xml:id="weltwissen62">Arndts Geistreiche Psalmen, und Cathechismus Erkl&#xE4;rung</p>
        </div>
        <div type="volume">
          <p xml:id="weltwissen63">Justi Gesenii Epistel-Predigten durchs ganze Jahr<note>Teil 1-4</note></p>
        </div>
        <div type="volume">
          <p xml:id="weltwissen64">Apostolische Schlu&#xDF;-Kette. oder Auslegung der gew&#xF6;hnlichen Sonn und Fest-Tags Episteln</p>
        </div>
        <div type="volume">
          <p xml:id="weltwissen65">Le Monde, ou la Description generale de ses quatre Parties<note>Teil 1-7; Exemplar mit Provenienz Baudis</note></p>
        </div>
        <div type="volume">
          <p xml:id="weltwissen66">Magnalia Dei, das ist: die grossen Thaten Gottes p.<note>Teil 1-2</note></p>
        </div>
        <div type="volume">
          <p xml:id="weltwissen67">Ungarische Chronica</p>
        </div>
        <div type="volume">
          <p xml:id="weltwissen68">Theatrum Europaeum ... ite Theatri Europaei Jubilaeum<note>Teil 1-21; Exemplar A: 70 Hist. 2&#xB0; ab Teil 5, Exemplar M: Ge 4&#xB0; 55 und Exemplar Schulenb. Gc 2&#xB0; teilweise vorhanden</note></p>
        </div>
        <div type="volume">
          <p xml:id="weltwissen69">Histoire Romaine depuis la Fondation de Rome<note>Teil 1-2</note></p>
        </div>
        <div type="volume">
          <p xml:id="weltwissen70">Chronica Carionis von Anfang der Welt, Bis uff Keyser Carolum den f&#xFC;nften</p>
        </div>
        <div type="volume">
          <p xml:id="weltwissen71">Das grosse Martyr-Buch, und Kirchen-Historie pp.</p>
        </div>
        <div type="volume">
          <p xml:id="weltwissen72">Hell-leuchtender Schrift, und Stern-Himmel oder Biblische Real Concordantz<note>Teil 1-2</note></p>
        </div>
        <div type="volume">
          <p xml:id="weltwissen73">Ant: du Verdier Prosopographie ou Description des Hommes illustres</p>
        </div>
        <div type="volume">
          <p xml:id="weltwissen74">Pauli Aemilii, und Arnoldi Ferroni Franz&#xF6;sische Historien<note>Exemplar vermutlich Provenienz ESM (einziges Exemplar; Titelschild)</note></p>
        </div>
        <div type="volume">
          <p xml:id="weltwissen75">Die alten J&#xFC;dischen Heiligth&#xFC;mer</p>
        </div>
        <div type="volume">
          <p xml:id="weltwissen76">Inventaire General de l&#x2019;Histoire de France depuis Pharamond jusques &#xE0; Present</p>
        </div>
        <div type="volume">
          <p xml:id="weltwissen77">Histoire des Martyrs persecutez, et mis &#xE0; mort pour la Verit&#xE9; de l&#x2019;Evangile depuis le temps des Apostres jusques &#xE0; present</p>
        </div>
        <div type="volume">
          <p xml:id="weltwissen78">Der Europaeischen Reiche, und F&#xFC;rstenth&#xFC;mer Historische, und Genealogische Erl&#xE4;uterung</p>
        </div>
        <div type="volume">
          <p xml:id="weltwissen79">Theatrum Ceremoniale historico politicum, oder Historisch Politischer Schauplatz aller Ceremonien, welche an H&#xF6;fen vorkommen p.<note>Teil 1 des dreiteiligen Werkes</note></p>
        </div>
        <div type="volume">
          <p xml:id="weltwissen80">Kirchen Postilla, das ist Auslegung der Episteln, und Evangelien durchs ganze Jahr<note>Teil 1-3</note></p>
        </div>
        <div type="volume">
          <p xml:id="weltwissen81">Papistische Inquisition (Geo: Nigrini) und g&#xFC;lden Fl&#xFC;&#xDF; der R&#xF6;mischen Kirchen</p>
        </div>
        <div type="volume">
          <p xml:id="weltwissen82">Histoire de Portugal</p>
        </div>
        <div type="volume">
          <p xml:id="weltwissen83">Gesnerus redivius, auctus, &amp; emendatus. oder allgemeines Thier-Buch<note>Teil 1-5</note></p>
        </div>
        <div type="volume">
          <p xml:id="weltwissen84">Grosses vollst&#xE4;ndiges Universal Lexicon aller Wissenschaften, und K&#xFC;nste<note>Teil 1-64</note></p>
        </div>
        <div type="volume">
          <p xml:id="weltwissen85">Sonn- und Fest-t&#xE4;glicher, wie auch w&#xF6;chentlicher Kirchen-Redner &#xFC;ber die Evangelia, Episteln, und Psalmen<note>Teil 1-2</note></p>
        </div>
        <div type="volume">
          <p xml:id="weltwissen86">Emmblematische F&#xFC;rstellung der heiligen Sonn- und Fest-t&#xE4;glichen Episteln</p>
        </div>
        <div type="volume">
          <p xml:id="weltwissen87">Herrn Mag. Christ. Scrivers Seelen-Schatzes Kern- und Stern, oder Register<note>Registerband; Hauptband (Teil 1-5) nach Altkatalog separat erfasst</note></p>
        </div>
        <div type="volume">
          <p xml:id="weltwissen88">Successions-Sach von Hessen Philippsthal wieder Brandenburg Onolzbach</p>
        </div>
        <div type="volume">
          <p xml:id="weltwissen89">M. Joh. Coleri Oeconomia ruralis, &amp; domestica. oder allgemeines Haus-Wirtschafts-Buch<note>Teil 1-2</note></p>
        </div>
        <div type="volume">
          <p xml:id="weltwissen90">Fama Austriaca. das ist: Verzeichniss denkw&#xFC;rdiger Geschichten, haupts&#xE4;chlich die b&#xF6;hmischen Unruhen betreffend</p>
        </div>
        <div type="volume">
          <p xml:id="weltwissen91">Ein au&#xDF;erlesne Chronika v. C. Jul. C&#xE4;sare bis auf Carolum Vten</p>
        </div>
        <div type="volume">
          <p xml:id="weltwissen92">Hof- Staats- und Regier-Kunst von Joh. Geo: Engelh. von L&#xF6;hneys</p>
        </div>
        <div type="volume">
          <p xml:id="weltwissen93">Joh. Aventini Beyerische Chronika</p>
        </div>
        <div type="volume">
          <p xml:id="weltwissen94">Anleitung zu gr&#xFC;ndlicher Verst&#xE4;ndni&#xDF; der heiligen Offenbahrung Jesu Christi</p>
        </div>
        <div type="volume">
          <p xml:id="weltwissen95">Theatrum Praecedentiae. Rang Streit, und Rang Ordnung von Zacharias Zwanzig<note>Teil 1-2; Exemplar M: Rq 4&#xB0; 22 mit Provenienz Baudis</note></p>
        </div>
        <div type="volume">
          <p xml:id="weltwissen96">Des neu, und nie erh&#xF6;rten, doch in der Natur, und Vernunft wohl gegr&#xFC;ndeten Versuchs der Universal Vermehrung aller B&#xE4;ume, Stauden, und Blumen-Gew&#xE4;chse<note>Teil 1-2; Exemplar mit Provenienz LR</note></p>
        </div>
        <div type="volume">
          <p xml:id="weltwissen97">Recessus Imperii. aller des Hl. R. R. gehaltenen Reichst&#xE4;ge Abschiede, und Satzungen pp.<note>Exemplar mit Provenienz LR</note></p>
        </div>
        <div type="volume">
          <p xml:id="weltwissen98">Justi Gesenii SS.to Theologiae Doctoris Epistel-Predigten auf die Neben-Feste durchs ganze Jahr<note>Exemplar A: 30.3.2 Theol. 2&#xB0; mit Provenienz LR</note></p>
        </div>
        <div type="volume">
          <p xml:id="weltwissen99">Petri Martyris Indianische Geschichte<note>Teil 1-3</note></p>
        </div>
      </div>
      <div type="bibliography">
        <listBibl>
          <bibl xml:id="weltwissen0-reference" corresp="weltwissen0">
            <title>Annales De La Monarchie Fran&#xE7;oise, Depuis son Etablissement jusques &#xE0; pr&#xE9;sent ...</title>
            <author>
              <rs type="person" key="gnd_120303132">Limiers, Henri Philippe de</rs>
            </author>
            <extent>3 Bde.</extent>
            <pubPlace>
              <rs type="place" key="getty_7006952">Amsterdam</rs>
            </pubPlace>
            <publisher>Chatelain, Zacharias</publisher>
            <publisher>L'Honor&#xE9;, Fran&#xE7;ois</publisher>
            <date when="1724">1724</date>
            <idno type="GBV">184416302; 184416329; 184416361</idno>
          </bibl>
          <bibl xml:id="weltwissen1-reference" corresp="weltwissen1">
            <title>Ausf&#xFC;hrung des Rechts Ihro K&#xF6;nigl. Majest. von Gro&#xDF;-Britannien als Hertzogs zu Lauenburg, an das Amt Steinhorst, nebst Beyf&#xFC;gung derer, von K&#xF6;nigl. D&#xE4;nischer Seite bi&#xDF;hero in dieser Sache publicirten Schriften, und deren gr&#xFC;ndlichen Beantwortung</title>
            <author>
              <rs type="person" key="gnd_100359647">Hojer, Andreas</rs>
            </author>
            <author>
              <rs type="person" key="gnd_118538543">Georg II., Gro&#xDF;britannien, K&#xF6;nig</rs>
            </author>
            <date when="1739">1739</date>
          </bibl>
          <bibl xml:id="weltwissen2-reference" corresp="weltwissen2">
            <title>Dictionnaire Oeconomique, Contenant divers Moiens d'Augmenter son bien, et de conserver sa sant&#xE9;, quantit&#xE9; de moyens pour &#xE9;lever, nourrir, querir et faire profiter toutes fortes d&#x2B9;Animaux Domestiques, differens Filets pour la Peche de toutes fortes de Poissons et pour la Chasse</title>
            <author>
              <rs type="person" key="gnd_100082114">Chomel, Noel</rs>
            </author>
            <author>
              <rs type="person" key="gnd_1157755550">Marret, Jean</rs>
            </author>
            <pubPlace>
              <rs type="place" key="getty_7006952">Amsterdam</rs>
            </pubPlace>
            <publisher>Covens, Jan</publisher>
            <publisher>Mortier, Cornelis</publisher>
            <date when="1732">1732</date>
          </bibl>
          <bibl xml:id="weltwissen3-reference" corresp="weltwissen3">
            <title>Supplement au Dictionnaire Oeconomique, Contenant divers Moiens d'Augmenter son bien, et de conserver sa sant&#xE9; ...</title>
            <author>
              <rs type="person" key="gnd_100082114">Chomel, Noel</rs>
            </author>
            <author>
              <rs type="person" key="gnd_1152409247">Roger, Pierre</rs>
            </author>
            <pubPlace>
              <rs type="place" key="getty_7006952">Amsterdam</rs>
            </pubPlace>
            <publisher>Covens, Jan</publisher>
            <publisher>Mortier, Cornelis</publisher>
            <date when="1740">1740</date>
          </bibl>
          <bibl xml:id="weltwissen4-reference" corresp="weltwissen4">
            <title>L'Histoire des Provinces-Unies Des Pa&#xEF;s-Bas, Depuis le parfait Etablissement de cet Etat</title>
            <author>
              <rs type="person" key="gnd_104039752">Wicquefort, Abraham van</rs>
            </author>
            <pubPlace>
              <rs type="place" key="getty_7006810">Den Haag</rs>
            </pubPlace>
            <publisher>Johnson, Thomas</publisher>
            <date when="1719">1719</date>
            <idno type="GBV">135739020</idno>
          </bibl>
          <bibl xml:id="weltwissen5-reference" corresp="weltwissen5">
            <title>Le Grand Dictionnaire Geographique Et Critique</title>
            <author>
              <rs type="person" key="gnd_124841260">Bruzen de La Martini&#xE8;re, Antoine Augustin</rs>
            </author>
            <extent>9 Bde.</extent>
            <pubPlace>
              <rs type="place" key="getty_7006810">Den Haag</rs>
            </pubPlace>
            <pubPlace>
              <rs type="place" key="getty_7006952">Amsterdam</rs>
            </pubPlace>
            <pubPlace>
              <rs type="place" key="getty_7006792">Rotterdam</rs>
            </pubPlace>
            <publisher>Gosse, Pierre</publisher>
            <publisher>Hondt, Pieter de</publisher>
            <date when="1733">1726-1740</date>
            <idno type="GBV">0136861199; 0136861202; 0136861210; 0136861229; 0136861237; 0136861245; 0136861253; 0136861261; 013686127X; 0136861288; 0136861296; 013686130X; 0136861318; 0136861326; 0136861334</idno>
          </bibl>
          <bibl xml:id="weltwissen6-reference" corresp="weltwissen6">
            <title>Ern. Sal. Cypriani Hilaria Evangelica, Oder Theologisch-Historischer Bericht Vom Andern Evangelischen Jubel-Fest ...</title>
            <author>
              <rs type="person" key="gnd_119453363">Cyprian, Ernst Salomon</rs>
            </author>
            <author>
              <rs type="person" key="gnd_123458625">Werner, Anna Maria</rs>
            </author>
            <author>
              <rs type="person" key="gnd_102109117">G&#xF6;blin, A. B.</rs>
            </author>
            <author>Friedrich II., Sachsen-Gotha-Altenburg, Herzog</author>
            <pubPlace>
              <rs type="place" key="getty_7005938">Gotha</rs>
            </pubPlace>
            <pubPlace>
              <rs type="place" key="getty_7012329">Leipzig</rs>
            </pubPlace>
            <publisher>Weidmann, Moritz Georg</publisher>
            <publisher></publisher>
            <date when="1719">1719</date>
            <idno type="VD18">90010523</idno>
          </bibl>
          <bibl xml:id="weltwissen7-reference" corresp="weltwissen7">
            <title>Avlico Politica. Darin gehandelt wird, 1. Von Erziehung ...</title>
            <author>
              <rs type="person" key="gnd_120995867">L&#xF6;hneysen, Georg Engelhard</rs>
            </author>
            <author>
              <rs type="person" key="gnd_102017433">Friedrich Ulrich, Braunschweig-Wolfenb&#xFC;ttel, Herzog</rs>
            </author>
            <pubPlace>
              <rs type="place" key="getty_7111296">Remlingen</rs>
            </pubPlace>
            <publisher>L&#xF6;hneysen, Georg Engelhard</publisher>
            <publisher></publisher>
            <date when="1622">1622</date>
            <idno type="VD17">23:270837A</idno>
          </bibl>
          <bibl xml:id="weltwissen8-reference" corresp="weltwissen8">
            <title>HJe hebt sych an das summerteil der heiligen leben &#x2026;</title>
            <author>
              <rs type="person" key="gnd_118556401">Jacobus de Voragine</rs>
            </author>
            <pubPlace></pubPlace>
            <date when="1500">ca. 1500</date>
            <idno type="ISTC">ij00167500</idno>
          </bibl>
          <bibl xml:id="weltwissen9-reference" corresp="weltwissen9">
            <title>&#x152;vvres De Fran&#xE7;ois De La Mothe Le Vayer</title>
            <author>
              <rs type="person" key="gnd_119033607">La Mothe Le Vayer, Fran&#xE7;ois de</rs>
            </author>
            <extent>2 Bde.</extent>
            <pubPlace>
              <rs type="place" key="getty_7008038">Paris</rs>
            </pubPlace>
            <publisher>Courb&#xE9;, Augustin</publisher>
            <date when="1662">1662</date>
          </bibl>
          <bibl xml:id="weltwissen10-reference" corresp="weltwissen10">
            <title>Unverwelklich gr&#xFC;nende Palmen Unsterblicher Tugenden und Verdienste Auf dem Granbe Des weiland durchlauchtigsten F&#xFC;rstens ... Christian Augusts Regierenden F&#xFC;rstens zu Anhalt ... </title>
            <author>
              <rs type="person" key="gnd_135881366">Christian August, Anhalt-Zerbst, F&#xFC;rst</rs>
            </author>
            <author>
              <rs type="person" key="gnd_138631182">Johanna Elisabeth, Anhalt-Zerbst, F&#xFC;rstin</rs>
            </author>
            <pubPlace>
              <rs type="place" key="getty_7012892">Zerbst</rs>
            </pubPlace>
            <publisher>Bernuth, Gottfried Heinrich</publisher>
            <date when="1747">1747</date>
          </bibl>
          <bibl xml:id="weltwissen11-reference" corresp="weltwissen11">
            <title>Das grosse Cantional, Oder: Kirchen-Gesangbuch, Jn welchem Nicht allein D. Martin Luthers ... geistreiche Lieder begriffen ...</title>
            <author>
              <rs type="person" key="gnd_118575449">Luther, Martin</rs>
            </author>
            <pubPlace>Darmstadt</pubPlace>
            <publisher>M&#xFC;ller, Henning</publisher>
            <date when="1687">1687</date>
            <idno type="VD17">12:122177D</idno>
          </bibl>
          <bibl xml:id="weltwissen12-reference" corresp="weltwissen12">
            <title>Le Dictionaire Des Cas De Conscience, Decid&#xE9;s Suivant Les Principes De La Morale ...</title>
            <author>
              <rs type="person" key="gnd_172619955">Lamet, Adrien Augustin de Bussy de</rs>
            </author>
            <author>
              <rs type="person" key="gnd_172619998">Fromageau, Germain</rs>
            </author>
            <author>
              <rs type="person" key="gnd_115503544">Fabre, Jean Claude</rs>
            </author>
            <extent>2 Bde.</extent>
            <pubPlace>
              <rs type="place" key="getty_7008038">Paris</rs>
            </pubPlace>
            <publisher>Coignard, Jean-Baptiste</publisher>
            <publisher>Gu&#xE9;rin, Hippolyte-Louis</publisher>
            <date when="1733">1733</date>
          </bibl>
          <bibl xml:id="weltwissen13-reference" corresp="weltwissen13">
            <title>Superstitions Anciennes Et Modernes, Prejug&#xE9;s Vulgaires Qui ont induit les Peuples &#xE0; des usages ...</title>
            <author>
              <rs type="person" key="gnd_100186955">Le Brun, Pierre</rs>
            </author>
            <author>
              <rs type="person" key="gnd_124668968">Thiers, Jean-Baptiste</rs>
            </author>
            <author>
              <rs type="person" key="gnd_151541566">Bellon de Saint-Quentin, J.</rs>
            </author>
            <extent>2 Bde.</extent>
            <pubPlace>
              <rs type="place" key="getty_7006952">Amsterdam</rs>
            </pubPlace>
            <publisher>Bernard, Jean Fr&#xE9;d&#xE9;ric</publisher>
            <date when="1734">1733-1736</date>
            <idno type="GBV">360377246; 360378358</idno>
          </bibl>
          <bibl xml:id="weltwissen14-reference" corresp="weltwissen14">
            <title>Ancienne Et Nouvelle Discipline De L'Eglise Touchant Les Benefices Et Les Beneficiers</title>
            <author>
              <rs type="person" key="gnd_119438372">Thomassin, Louis</rs>
            </author>
            <extent>3 Bde.</extent>
            <pubPlace>
              <rs type="place" key="getty_7008038">Paris</rs>
            </pubPlace>
            <publisher>Muguet, Fran&#xE7;ois</publisher>
            <date when="1680">1679-1682</date>
          </bibl>
          <bibl xml:id="weltwissen15-reference" corresp="weltwissen15">
            <title>Histoire Des Trait&#xE9;s De Paix, Et autres Negotiations Du dix-septi&#xE8;me Si&#xE8;cle, Depuis la Paix De Vervins, Jusqu'&#xE0; la Paix de Nimegue</title>
            <author>
              <rs type="person" key="gnd_10423959X">Saint-Prest, Jean Yves de</rs>
            </author>
            <extent>2 Bde.</extent>
            <pubPlace>
              <rs type="place" key="getty_7006952">Amsterdam</rs>
            </pubPlace>
            <pubPlace>
              <rs type="place" key="getty_7006810">Den Haag</rs>
            </pubPlace>
            <publisher>Bernard, Jean Fr&#xE9;d&#xE9;ric</publisher>
            <publisher>Vaillant, Isaac</publisher>
            <date when="1725">1725</date>
            <idno type="GBV">033645957; 033645965</idno>
          </bibl>
          <bibl xml:id="weltwissen16-reference" corresp="weltwissen16">
            <title>Histoire De La Ville De Paris</title>
            <author>
              <rs type="person" key="gnd_1089699689">F&#xE9;libien, Michel</rs>
            </author>
            <author>
              <rs type="person" key="gnd_124708129">Lobineau, Guy Alexis</rs>
            </author>
            <extent>5 Bde.</extent>
            <pubPlace>
              <rs type="place" key="getty_7008038">Paris</rs>
            </pubPlace>
            <publisher>Desprez, Guillaume</publisher>
            <date when="1725">1725</date>
            <idno type="GBV">183343980; 183344057; 183344138; 183344235; 183344324</idno>
          </bibl>
          <bibl xml:id="weltwissen17-reference" corresp="weltwissen17">
            <title>Johannis Auentini Chronica, Darinn nicht allein de&#xDF; ... Hau&#xDF; Beyern ... Herkommen ..., sondern auch der ... Teutschen Vrsprung ... beschrieben</title>
            <author>
              <rs type="person" key="gnd_11850522X">Aventinus, Johannes</rs>
            </author>
            <author>
              <rs type="person" key="gnd_116517735">Cisnerus, Nikolaus</rs>
            </author>
            <pubPlace>
              <rs type="place" key="getty_7005293">Frankfurt am Main</rs>
            </pubPlace>
            <publisher>Feyerabend, Johann</publisher>
            <publisher>Feyerabend, Sigmund</publisher>
            <date when="1580">1580</date>
            <idno type="VD16">T 2321</idno>
          </bibl>
          <bibl xml:id="weltwissen18-reference" corresp="weltwissen18">
            <title>Concordanti&#xE6; Bibliorum Emendat&#xE6; ac fer&#xE8; nov&#xE6;, Das ist: Biblische Concordantz ...</title>
            <author>
              <rs type="person" key="gnd_116270381">Agricola, Conrad</rs>
            </author>
            <author>
              <rs type="person" key="gnd_124669115">Zeis, Christian</rs>
            </author>
            <pubPlace>
              <rs type="place" key="getty_7005293">Frankfurt am Main</rs>
            </pubPlace>
            <publisher>Friderici, Johann</publisher>
            <date when="1674">1674</date>
          </bibl>
          <bibl xml:id="weltwissen19-reference" corresp="weltwissen19">
            <title>Ioan. Sleidani Veri Et Ad Nostra tempora usque continuati Das ist, Warhafftige Beschreibung allerley f&#xFC;rnemmer H&#xE4;ndel vnd Geschichten ...</title>
            <author>
              <rs type="person" key="gnd_118748440">Sleidanus, Johannes</rs>
            </author>
            <author>
              <rs type="person" key="gnd_124619614">Schadaeus, Oseas</rs>
            </author>
            <pubPlace>
              <rs type="place" key="getty_7012346">Stra&#xDF;burg</rs>
            </pubPlace>
            <publisher>Heyden, Christoph von der</publisher>
            <date when="1625">1625</date>
            <idno type="GBV">233719687; 233719822; 233719857; 23371992X; 233719946</idno>
          </bibl>
          <bibl xml:id="weltwissen20-reference" corresp="weltwissen20">
            <title>Le Grand Dictionaire Historique, Ou Le M&#xEA;lange Curieux De L'Histoire Sacr&#xE9;e Et Profane ...</title>
            <author>
              <rs type="person" key="gnd_121142655">Mor&#xE9;ri, Louis</rs>
            </author>
            <extent>4 Bde.</extent>
            <pubPlace>
              <rs type="place" key="getty_7008038">Paris</rs>
            </pubPlace>
            <publisher>Coignard, Jean-Baptiste</publisher>
            <date when="1699">1699 oder 1707</date>
            <idno type="GBV">22279836X; 222798408; 222798416; 222798521 bzw. 222799323; 222804653; 222804734; 222804777</idno>
          </bibl>
          <bibl xml:id="weltwissen21-reference" corresp="weltwissen21">
            <title>Recueil Des Traitez De Paix, De Tr&#xEA;ve, De Neutralit&#xE9;, De Suspension D'Armes, De Conf&#xE9;d&#xE9;ration, D'Alliance, De Commerce, De Garantie, Et D'Autres Actes Publics ... </title>
            <author>
              <rs type="person" key="gnd_131366858">Bernard, Jacques</rs>
            </author>
            <extent>4 Bde.</extent>
            <pubPlace>
              <rs type="place" key="getty_7006952">Amsterdam</rs>
            </pubPlace>
            <pubPlace>
              <rs type="place" key="getty_7006810">Den Haag</rs>
            </pubPlace>
            <publisher>Dirk Booms Witwe</publisher>
            <publisher>Boom, Hendrick</publisher>
            <date when="1700">1700</date>
            <idno type="GBV">14114954X; 141149558; 141149566</idno>
          </bibl>
          <bibl xml:id="weltwissen22-reference" corresp="weltwissen22">
            <title>Des Theuren Mannes Gottes, D. Martin Luthers S&#xE4;mtliche Theils von Ihm selbst Deutsch verfertigte, theils aus dessen Lateinischen ins Deutsche &#xFC;bersetzte Schrifften und Wercke</title>
            <author>
              <rs type="person" key="gnd_118575449">Luther, Martin</rs>
            </author>
            <author>
              <rs type="person" key="gnd_116224878">B&#xF6;rner, Christian Friedrich</rs>
            </author>
            <extent>22 Bde.</extent>
            <pubPlace>
              <rs type="place" key="getty_7012329">Leipzig</rs>
            </pubPlace>
            <publisher>Zedler, Johann Heinrich</publisher>
            <date when="1731">1729-1734</date>
          </bibl>
          <bibl xml:id="weltwissen23-reference" corresp="weltwissen23">
            <title> M. Johann Jacob Greiffs, Pastoris in M&#xF6;lbis, Vollst&#xE4;ndige Register &#xFC;ber die XXII Leipziger Theile der gesammten Schriften Des seligen D. Martin Luthers ...</title>
            <author>
              <rs type="person" key="gnd_143024108">Greif, Johann Jakob</rs>
            </author>
            <author>
              <rs type="person" key="gnd_118575449">Luther, Martin</rs>
            </author>
            <author>
              <rs type="person" key="gnd_116224878">B&#xF6;rner, Christian Friedrich</rs>
            </author>
            <pubPlace>
              <rs type="place" key="getty_7012329">Leipzig</rs>
            </pubPlace>
            <publisher>Breitkopf, Bernhard Christoph</publisher>
            <date when="1740">1740</date>
          </bibl>
          <bibl xml:id="weltwissen24-reference" corresp="weltwissen24">
            <title>Colloqvia, oder Tisch-Reden, und andere Christliche, sehr erbauliche Gespr&#xE4;che Des Hocherleuchteten Mannes Gottes D. Martin Luthers ...</title>
            <author>
              <rs type="person" key="gnd_118575449">Luther, Martin</rs>
            </author>
            <author>
              <rs type="person" key="gnd_124798284">Stangwald, Andreas</rs>
            </author>
            <author>
              <rs type="person" key="gnd_141268360">Walther, Georg</rs>
            </author>
            <pubPlace>
              <rs type="place" key="getty_7012329">Leipzig</rs>
            </pubPlace>
            <pubPlace>
              <rs type="place" key="getty_7004455">Dresden</rs>
            </pubPlace>
            <publisher>Zimmermann, Johann Christoph</publisher>
            <publisher>Gerlach, Johann Nikolaus</publisher>
            <date when="1723">1723</date>
          </bibl>
          <bibl xml:id="weltwissen25-reference" corresp="weltwissen25">
            <title>Allgemeine Schau-B&#xFC;hne der Welt, Oder: Beschreibung der vornehmsten Welt-Geschichte, So sich von Anfang dieses Siebenzehenden Jahr-Hunderts Bi&#xDF; zum Ende desselben ... begeben</title>
            <author>
              <rs type="person" key="gnd_118817167">Ludolf, Hiob</rs>
            </author>
            <extent>5 Bde.</extent>
            <pubPlace>
              <rs type="place" key="getty_7005293">Frankfurt am Main</rs>
            </pubPlace>
            <publisher>Zunner, Johann David</publisher>
            <publisher>Jung, Johann Adam</publisher>
            <date when="1715">1699-1731</date>
          </bibl>
          <bibl xml:id="weltwissen26-reference" corresp="weltwissen26">
            <title>Histoire d'Angleterre, d'&#xC9;cosse et d'Irlande</title>
            <author>
              <rs type="person" key="gnd_123972469">Larrey, Isaac de</rs>
            </author>
            <extent>4 Bde.</extent>
            <pubPlace>
              <rs type="place" key="getty_7006792">Rotterdam</rs>
            </pubPlace>
            <publisher>Leers, Reinier</publisher>
            <date when="1705">1697-1713</date>
            <idno type="GBV">124032788; 12403280X; 124032818; 124032826</idno>
          </bibl>
          <bibl xml:id="weltwissen27-reference" corresp="weltwissen27">
            <title>Oeuvres de Nicolas Boileau Despreaux ...</title>
            <author>
              <rs type="person" key="gnd_118512986">Boileau Despr&#xE9;aux, Nicolas</rs>
            </author>
            <author>
              <rs type="person" key="gnd_123379636">Picart, Bernard</rs>
            </author>
            <extent>2 Bde.</extent>
            <pubPlace>
              <rs type="place" key="getty_7006952">Amsterdam</rs>
            </pubPlace>
            <publisher>Mortier, David</publisher>
            <date when="1718">1718</date>
          </bibl>
          <bibl xml:id="weltwissen28-reference" corresp="weltwissen28">
            <title>Annales Des Provinces-Unies</title>
            <author>
              <rs type="person" key="gnd_120538253">Basnage de Beauval, Jacques</rs>
            </author>
            <extent>2 Bde.</extent>
            <pubPlace>
              <rs type="place" key="getty_7006810">den Haag</rs>
            </pubPlace>
            <publisher>Le Vier, Charles</publisher>
            <date when="1722">1719-1726</date>
            <idno type="STCN">202161811; 304655341</idno>
          </bibl>
          <bibl xml:id="weltwissen29-reference" corresp="weltwissen29">
            <title>Histoire de France, Depuis Faramond Jusqu'au Regne De Louis Le Juste</title>
            <author>
              <rs type="person" key="gnd_119192888">M&#xE9;zeray, Fran&#xE7;ois Eudes de</rs>
            </author>
            <extent>3 Bde.</extent>
            <pubPlace></pubPlace>
            <publisher>Thierry, Denys II.</publisher>
            <publisher>Guignard, Jean</publisher>
            <date when="1685">1685</date>
          </bibl>
          <bibl xml:id="weltwissen30-reference" corresp="weltwissen30">
            <title>Allgemeines Biblisches Lexicon, Jn welchem nebst denen Namen, das Wesen derer Sachen, das ist, so weit davon in heiliger Schrifft Erwehnung geschiehet, ... Jn Alphabetischer Ordnung ... beschrieben ...</title>
            <author>
              <rs type="person" key="gnd_121818101">Schneider, Daniel</rs>
            </author>
            <author>
              <rs type="person" key="gnd_10434444X">Pritius, Johann Georg</rs>
            </author>
            <extent>3 Bde.</extent>
            <pubPlace>
              <rs type="place" key="getty_7005293">Frankfurt am Main</rs>
            </pubPlace>
            <publisher>Knoch, Friedrich Daniel</publisher>
            <publisher>Waldau, Christian Friedrich</publisher>
            <date when="1730">1730</date>
          </bibl>
          <bibl xml:id="weltwissen31-reference" corresp="weltwissen31">
            <title>Histoire Generale Des Eglises Evangeliques Des Vallees De Piemont; Ou Vaudoises</title>
            <author>
              <rs type="person" key="gnd_13418243X">L&#xE9;ger, Jean</rs>
            </author>
            <pubPlace>
              <rs type="place" key="getty_7006809">Leiden</rs>
            </pubPlace>
            <publisher>Carpentier, Jean-Baptiste</publisher>
            <date when="1669">1669</date>
          </bibl>
          <bibl xml:id="weltwissen32-reference" corresp="weltwissen32">
            <title>Codex Diplomaticvs Qvedlinbvrgensis</title>
            <author>
              <rs type="person" key="gnd_100793886">Erath, Anton Ulrich von</rs>
            </author>
            <pubPlace>
              <rs type="place" key="getty_7005293">Frankfurt am Main</rs>
            </pubPlace>
            <publisher>M&#xF6;ller, Reinhard Eustachius</publisher>
            <date when="1764">1764</date>
            <idno type="VD18">15240762</idno>
          </bibl>
          <bibl xml:id="weltwissen33-reference" corresp="weltwissen33">
            <title>Concordantiae Bibliorum, Das ist Biblische Concordantz und Verzeichnu&#xDF; der F&#xFC;rnembsten W&#xF6;rter ...</title>
            <author>
              <rs type="person" key="gnd_116270381">Agricola, Conrad</rs>
            </author>
            <pubPlace>
              <rs type="place" key="getty_7005293">Frankfurt am Main</rs>
            </pubPlace>
            <publisher>Ruland, Johann</publisher>
            <publisher>Ruland, Nikolaus</publisher>
            <date when="1621">1621</date>
          </bibl>
          <bibl xml:id="weltwissen34-reference" corresp="weltwissen34">
            <title>Die unvergleichlich sch&#xF6;ne Sieges-Palmen ...</title>
            <author>
              <rs type="person" key="gnd_104189452">Heinrich August Wilhelm Nassau-Dillenburg, Prinz</rs>
            </author>
            <pubPlace>
              <rs type="place" key="getty_1039554">Herborn</rs>
            </pubPlace>
            <publisher>Andreae, Johann Nikolaus</publisher>
            <date when="1718">1718</date>
            <idno type="VD18">12893552</idno>
          </bibl>
          <bibl xml:id="weltwissen35-reference" corresp="weltwissen35">
            <title>Dictionnaire Universel Fran&#xE7;ois &amp; Latin</title>
            <extent>4 Bde.</extent>
            <pubPlace>
              <rs type="place" key="getty_7009510">Tr&#xE9;voux</rs>
            </pubPlace>
            <publisher>Ganeau, Etienne</publisher>
            <date when="1704">1704</date>
            <idno type="GBV">151912378; 593007417; 593007433; 151912386</idno>
          </bibl>
          <bibl xml:id="weltwissen36-reference" corresp="weltwissen36">
            <title>Quatuordecim Tabul&#xE6; Genealogic&#xE6;, Quibus exhibentur Pr&#xE6;cipu&#xE6; Famili&#xE6; Hodiernorum Principum Imperii</title>
            <author>
              <rs type="person" key="gnd_100231993">Pregnitzer, Johann Ulrich</rs>
            </author>
            <pubPlace>
              <rs type="place" key="getty_7004426">T&#xFC;bingen</rs>
            </pubPlace>
            <publisher>Cotta, Johann Georg</publisher>
            <publisher>Reis, Johann Heinrich</publisher>
            <date when="1685">1685</date>
            <idno type="VD17">14:018375V</idno>
          </bibl>
          <bibl xml:id="weltwissen37-reference" corresp="weltwissen37">
            <title>Francisci Philippi Florini ... Oeconomvs Prvdens Et Legalis. Oder Allgemeiner Klug- und Rechts-verst&#xE4;ndiger Haus-Vatter, bestehend Jn Neun B&#xFC;chern ...</title>
            <author>
              <rs type="person" key="gnd_118023977">Florin, Franz Philipp</rs>
            </author>
            <author>
              <rs type="person" key="gnd_104199288">Donauer, Johann Christoph</rs>
            </author>
            <extent>2 Bde.</extent>
            <pubPlace>
              <rs type="place" key="getty_7004334">N&#xFC;rnberg</rs>
            </pubPlace>
            <publisher>Riegel, Christoph</publisher>
            <publisher>Knorz, Johann Leonhard</publisher>
            <date when="1705">1705</date>
            <idno type="VD18">10437002</idno>
          </bibl>
          <bibl xml:id="weltwissen38-reference" corresp="weltwissen38">
            <title>Histoire Generale De France Avec L'Estat De L'Eglise Et De L'Empire</title>
            <author>
              <rs type="person" key="gnd_123381517">Du Pleix, Scipion</rs>
            </author>
            <extent>5 Bde.</extent>
            <pubPlace>
              <rs type="place" key="getty_7008038">Paris</rs>
            </pubPlace>
            <publisher>B&#xE9;chet, Denis</publisher>
            <publisher>Billaine, Louis</publisher>
            <date when="1657">1652-1663</date>
          </bibl>
          <bibl xml:id="weltwissen39-reference" corresp="weltwissen39">
            <title>Cosmographey: das ist, Beschreibung Aller L&#xE4;nder, Herrschafften vnd f&#xFC;rnemesten Stetten des gantzen Erdbodens, sampt jhren Gelegenheiten, Eygenschafften, Religion, Gebr&#xE4;uchen, Geschichten vnd Handtierungen, &amp;c.</title>
            <author>
              <rs type="person" key="gnd_118585517">M&#xFC;nster, Sebastian</rs>
            </author>
            <author>
              <rs type="person" key="gnd_118699431">Gustav I., Schweden, K&#xF6;nig</rs>
            </author>
            <pubPlace>
              <rs type="place" key="getty_7007269">Basel</rs>
            </pubPlace>
            <publisher>Henricpetri, Sebastian</publisher>
            <publisher>Henricpetri, Sixtus</publisher>
            <date when="1598">1598</date>
          </bibl>
          <bibl xml:id="weltwissen40-reference" corresp="weltwissen40">
            <title>Historische Stamm-Tafeln Der K&#xE4;yserlichen, K&#xF6;nigl. und F&#xFC;rstlichen Geschlechte, Welche in denen Europ&#xE4;ischen L&#xE4;ndern, nach dem Verfall der R&#xF6;mischen Monarchie bi&#xDF; gegenw&#xE4;rtige Zeit, regieret haben</title>
            <author>
              <rs type="person" key="gnd_12045095X">Lohmeier, Georg</rs>
            </author>
            <author>
              <rs type="person" key="gnd_117129852">Imhof, Jacob Wilhelm</rs>
            </author>
            <pubPlace>
              <rs type="place" key="getty_7005293">Frankfurt am Main</rs>
            </pubPlace>
            <pubPlace>
              <rs type="place" key="getty_7012329">Leipzig</rs>
            </pubPlace>
            <publisher>Lipper, Johann Georg</publisher>
            <date when="1701">1701</date>
            <idno type="VD18">14606291</idno>
          </bibl>
          <bibl xml:id="weltwissen41-reference" corresp="weltwissen41">
            <title>L'Histoire de la d&#xE9;cadence de l'empire grec, et establissement de celuy des Turcs</title>
            <author>
              <rs type="person" key="gnd_118675478">Laonicus Chalcocondyles</rs>
            </author>
            <author>
              <rs type="person" key="gnd_119173883">Vigen&#xE8;re, Blaise de</rs>
            </author>
            <author>
              <rs type="person" key="gnd_12033951X">Artus, Thomas</rs>
            </author>
            <pubPlace></pubPlace>
            <publisher>Guillemot, Mathieu III.</publisher>
            <publisher>Guillemot, Marie</publisher>
            <date when="1632">1632</date>
          </bibl>
          <bibl xml:id="weltwissen42-reference" corresp="weltwissen42">
            <title>Oevvres Diverses De Monsievr Arnavld D'Andilly</title>
            <author>
              <rs type="person" key="gnd_133757943">Arnauld D'Andilly, Robert</rs>
            </author>
            <extent>3 Bde.</extent>
            <pubPlace>
              <rs type="place" key="getty_7008038">Paris</rs>
            </pubPlace>
            <publisher>LePetit, Pierre</publisher>
            <date when="1675">1675</date>
          </bibl>
          <bibl xml:id="weltwissen43-reference" corresp="weltwissen43">
            <title>Les Oeuvres de Sainte Ther&#xE9;r&#xE8;se</title>
            <author>
              <rs type="person" key="gnd_118621823">Teresa de Jes&#xFA;s</rs>
            </author>
            <author>
              <rs type="person" key="gnd_133757943">Arnauld D'Andilly, Robert</rs>
            </author>
            <pubPlace>
              <rs type="place" key="getty_7008038">Paris</rs>
            </pubPlace>
            <publisher>LePetit, Pierre</publisher>
            <date when="1670">1670</date>
          </bibl>
          <bibl xml:id="weltwissen44-reference" corresp="weltwissen44">
            <title>Memoires Et Negociations Secretes De La Cour de France, Touchant La Paix De Munster ...</title>
            <author>
              <rs type="person" key="gnd_123971683">Cl&#xE9;ment, Nicolas</rs>
            </author>
            <author>
              <rs type="person" key="gnd_128386770">Aymon, Jean</rs>
            </author>
            <pubPlace>
              <rs type="place" key="getty_7006952">Amsterdam</rs>
            </pubPlace>
            <publisher>Chatelain, Zacharias</publisher>
            <publisher>Chatelain, Isaac Samuel</publisher>
            <date when="1710">1710</date>
            <idno type="GBV">140348581</idno>
          </bibl>
          <bibl xml:id="weltwissen45-reference" corresp="weltwissen45">
            <title>Francisci Philippi Florini Oeconomvs Prvdens Et Legalis Continvatvs. Oder Grosser Herren Stands Und Adelicher Haus-Vatter ...</title>
            <author>
              <rs type="person" key="gnd_118023977">Florin, Franz Philipp</rs>
            </author>
            <author>
              <rs type="person" key="gnd_104199288">Donauer, Johann Christoph</rs>
            </author>
            <extent>2 Bde.</extent>
            <pubPlace>
              <rs type="place" key="getty_7004334">N&#xFC;rnberg</rs>
            </pubPlace>
            <publisher>Riegel, Susanna Magdalena</publisher>
            <publisher>Adelbulner, Johann Ernst</publisher>
            <date when="1719">1719</date>
          </bibl>
          <bibl xml:id="weltwissen46-reference" corresp="weltwissen46">
            <title>Die Gesetzm&#xE4;&#xDF;igkeit der Religions-Versicherung, welche des Herrn Erb-Prinzens Friedrichs zu Hessen-Cassel Hochf&#xFC;rstliche Durchlaucht, nach Dero Uebertritt zu der R&#xF6;mischen Kirche, den 28ten Octobris 1754. von Sich gestellet, gegen die sogenannte Gesetz- und Vernunfft-Schl&#xFC;sse, nach Anleitung der G&#xF6;ttlichen- Nat&#xFC;rlichen- V&#xF6;lker- und Teutschen Reichs-Rechte, der Analogie &#xE4;hnlicher F&#xE4;lle, und der Catholischen eigenen Grund-S&#xE4;tze, erwiesen und vertheidiget</title>
            <author>
              <rs type="person" key="gnd_118737074">Moser, Friedrich Carl von</rs>
            </author>
            <author>
              <rs type="person" key="gnd_130249424">Friedrich II. Hessen-Kassel, Landgraf</rs>
            </author>
            <pubPlace></pubPlace>
            <date when="1756">1756</date>
            <idno type="VD18">10224513</idno>
          </bibl>
          <bibl xml:id="weltwissen47-reference" corresp="weltwissen47">
            <title>Concordantz vnd Zeiger Vber die gantze heilige Biblische schrifft de&#xDF; Alten vnd Neuwen Testaments ...</title>
            <author>
              <rs type="person" key="gnd_12992041X">Patiens, Petrus</rs>
            </author>
            <author>
              <rs type="person" key="gnd_118575449">Luther, Martin</rs>
            </author>
            <pubPlace>
              <rs type="place" key="getty_7005293">Frankfurt am Main</rs>
            </pubPlace>
            <publisher>Feyerabend, Hieronymus</publisher>
            <publisher>Rab, Georg</publisher>
            <date when="1571">1571</date>
            <idno type="VD16">G 669</idno>
          </bibl>
          <bibl xml:id="weltwissen48-reference" corresp="weltwissen48">
            <title>Les &#x152;uvres Morales Et Mesl&#xE9;es De Plvtarqve</title>
            <author>
              <rs type="person" key="gnd_118595237">Plutarchus</rs>
            </author>
            <author>
              <rs type="person" key="gnd_118502697">Amyot, Jacques</rs>
            </author>
            <extent>4 Bde.</extent>
            <pubPlace>
              <rs type="place" key="getty_7008038">Paris</rs>
            </pubPlace>
            <publisher>Robinot, Antoine lI.</publisher>
            <date when="1645">1645</date>
          </bibl>
          <bibl xml:id="weltwissen49-reference" corresp="weltwissen49">
            <title>Braunschweig-L&#xFC;neburgische Chronica, Oder: Historische Beschreibung der Durchlauchtigsten Herzogen zu Braunschweig und L&#xFC;neburg, Wie dieselben anf&#xE4;nglich aus den F&#xFC;rstlichen H&#xE4;usern Este und Sachsen ihren Ursprung genommen ...</title>
            <author>
              <rs type="person" key="gnd_120888289">B&#xFC;nting, Heinrich</rs>
            </author>
            <author>
              <rs type="person" key="gnd_116956852">Letzner, Johannes</rs>
            </author>
            <author>
              <rs type="person" key="gnd_120539101">Rehtmeyer, Philipp Julius</rs>
            </author>
            <extent>3 Bde.</extent>
            <pubPlace>
              <rs type="place" key="getty_7004434">Braunschweig</rs>
            </pubPlace>
            <publisher>Detleffsen, Detlef</publisher>
            <publisher>Keitel, Arnold Jacob</publisher>
            <date when="1722">1722</date>
            <idno type="GBV">147517958; 147517966; 147517974</idno>
          </bibl>
          <bibl xml:id="weltwissen50-reference" corresp="weltwissen50">
            <title>L'Imposture De La Marqvise Charlotte De Mailly De Nesle Et De Son Fils Adulterin Maximilien Guillaume Adolphe Expos&#xE9;e Aux Yeux Du Public Par Un Grand Nombre De Pieces Avthentiqves</title>
            <author>
              <rs type="person" key="gnd_1024519007">Mailly de Nesle, Charlotte de</rs>
            </author>
            <author>
              <rs type="person" key="gnd_1052872522">Maximilian Wilhelm Adolph von Nassau-Siegen, Prinz</rs>
            </author>
            <pubPlace>
              <rs type="place" key="getty_1039554">Herborn</rs>
            </pubPlace>
            <publisher>Regelein, Christoph Michael</publisher>
            <date when="1756">1756</date>
          </bibl>
          <bibl xml:id="weltwissen51-reference" corresp="weltwissen51">
            <title>Histoire D'Angleterre, D'Escosse, Et D'Irlande ...</title>
            <author>
              <rs type="person" key="gnd_117657336">Du Chesne, Andr&#xE9;</rs>
            </author>
            <author>
              <rs type="person" key="gnd_128887192">Du Verdier, Gilbert Saulnier</rs>
            </author>
            <extent>2 Bde.</extent>
            <pubPlace>
              <rs type="place" key="getty_7008038">Paris</rs>
            </pubPlace>
            <publisher>Jolly, Thomas</publisher>
            <date when="1666">1666</date>
          </bibl>
          <bibl xml:id="weltwissen52-reference" corresp="weltwissen52">
            <title>Les Oeuvres de C. Tacite</title>
            <author>
              <rs type="person" key="gnd_118620452">Tacitus, Cornelius</rs>
            </author>
            <author>
              <rs type="person" key="gnd_100200044">Le Maistre, Rodolphe</rs>
            </author>
            <pubPlace>
              <rs type="place" key="getty_7008038">Paris</rs>
            </pubPlace>
            <publisher>Dugast, Jacques</publisher>
            <date when="1636">1636</date>
          </bibl>
          <bibl xml:id="weltwissen53-reference" corresp="weltwissen53">
            <title>M. Christian Scrivers, F&#xFC;rstl. S&#xE4;chs. Ober-Hof-Predigers und Consistorial-Raths zu Qvedlinburg, Seelen-Schatz Darinn Von der menschlichen Seelen hohen W&#xFC;rde, tieffen und kl&#xE4;glichen S&#xFC;nden-Fall, Busse und Erneuerung durch Christum, ... gehandelt wird ...</title>
            <author>
              <rs type="person" key="gnd_118612433">Scriver, Christian</rs>
            </author>
            <pubPlace>
              <rs type="place" key="getty_7005247">Helmstedt</rs>
            </pubPlace>
            <pubPlace>
              <rs type="place" key="getty_7004456">Magdeburg</rs>
            </pubPlace>
            <pubPlace>
              <rs type="place" key="getty_7012329">Leipzig</rs>
            </pubPlace>
            <publisher>S&#xFC;stermann, Johann Melchior</publisher>
            <publisher>Seidel, Christoph</publisher>
            <publisher>Hesse, Heinrich</publisher>
            <date when="1704">1704</date>
          </bibl>
          <bibl xml:id="weltwissen54-reference" corresp="weltwissen54">
            <title>Heinrich Anshelms von Ziegler und Kliphausen, Churfl. S&#xE4;chsischen Raths und Assessoris des hohen Stiffts Mei&#xDF;en zu Wurtzen Historisches Labyrinth der Zeit, Darinnen Die denckw&#xFC;rdigsten Welt-H&#xE4;ndel ...</title>
            <author>
              <rs type="person" key="gnd_11877290">Ziegler und Kliphausen, Heinrich Anselm von</rs>
            </author>
            <author>
              <rs type="person" key="gnd_118797425">Sinold von Sch&#xFC;tz, Philipp Balthasar</rs>
            </author>
            <extent>2 Bde.</extent>
            <pubPlace>
              <rs type="place" key="getty_7012329">Leipzig</rs>
            </pubPlace>
            <publisher>Gleditsch, Johann Friedrich</publisher>
            <date when="1701">1701</date>
            <idno type="VD18">14802503</idno>
          </bibl>
          <bibl xml:id="weltwissen55-reference" corresp="weltwissen55">
            <title>Histoire Des Comtes De Poictov, Et Dvcs De Gvyenne</title>
            <author>
              <rs type="person" key="gnd_1055529330">Besly, Jean</rs>
            </author>
            <pubPlace>
              <rs type="place" key="getty_7008038">Paris</rs>
            </pubPlace>
            <publisher>Bertault, Robert</publisher>
            <date when="1647">1647</date>
          </bibl>
          <bibl xml:id="weltwissen56-reference" corresp="weltwissen56">
            <title>Summarien Oder gr&#xFC;ndliche Auslegung Uber die gantze Heil. Schrifft Alten und Neuen Testaments, Wie auch Uber die so genannten Apocrypha, Samt n&#xFC;tzlicher Unterweisung zum heilsamen Gebrauch im Glauben, Leben und Leiden ...</title>
            <author>
              <rs type="person" key="gnd_10434444X">Pritius, Johann Georg</rs>
            </author>
            <extent>2 Bde.</extent>
            <pubPlace>
              <rs type="place" key="getty_7012329">Leipzig</rs>
            </pubPlace>
            <publisher>Gleditsch, Johann Gottlieb</publisher>
            <date when="1721">1721</date>
          </bibl>
          <bibl xml:id="weltwissen57-reference" corresp="weltwissen57">
            <title>Postilla, Das ist: Geistreiche Erkl&#xE4;rung Der Evangelischen Texte, durchs gantze Jahr, auff alle Sonn- Hohe- und andere Fest- und Apostel-Tage</title>
            <author>
              <rs type="person" key="gnd_118504134">Arndt, Johann</rs>
            </author>
            <author>
              <rs type="person" key="gnd_118616099">Spener, Philipp Jakob</rs>
            </author>
            <extent>2 Bde.</extent>
            <pubPlace>
              <rs type="place" key="getty_7005293">Frankfurt am Main</rs>
            </pubPlace>
            <publisher>Zunner, Johann David</publisher>
            <date when="1675">1675</date>
          </bibl>
          <bibl xml:id="weltwissen58-reference" corresp="weltwissen58">
            <title>Summarien Und Biblische Au&#xDF;legung, Darinnen Nicht allein ein jedes Buch und Capitel der Bibel richtig verfasset und getheilet, sondern auch der Nutz darau&#xDF; an L. Lehr. B. Besserung. T. Trost. W. Warnung. ... gezeiget ...</title>
            <author>
              <rs type="person" key="gnd_119180049">Cramer, Daniel</rs>
            </author>
            <author>
              <rs type="person" key="gnd_118505076">August, Braunschweig-L&#xFC;neburg, Herzog</rs>
            </author>
            <pubPlace>
              <rs type="place" key="getty_7005253">Wolfenb&#xFC;ttel</rs>
            </pubPlace>
            <publisher>Bi&#xDF;marck, Kaspar Johann</publisher>
            <date when="1681">1681</date>
            <idno type="VD17">23:660418D</idno>
          </bibl>
          <bibl xml:id="weltwissen59-reference" corresp="weltwissen59">
            <title>Histoire Dv Ministere D'Armand Iean Dv Plessis Cardinal Dvc De Richeliev, Sovs Le Regne De Lovys Le Ivste, XIII. Dv Nom, Roy De France Et De Navarre</title>
            <author>
              <rs type="person" key="gnd_128805889">Vialart, Charles</rs>
            </author>
            <author>
              <rs type="person" key="gnd_118600354">Richelieu, Armand Jean du Plessis de</rs>
            </author>
            <pubPlace>
              <rs type="place" key="getty_7008038">Paris</rs>
            </pubPlace>
            <publisher>Alliot, Gervais</publisher>
            <date when="1649">1649</date>
            <idno type="GBV">22615940X</idno>
          </bibl>
          <bibl xml:id="weltwissen60-reference" corresp="weltwissen60">
            <title>Himlische Hochzeit-Freude und Ehren-Schmuck Einer Gl&#xE4;ubigen mit Gott verlobten Seele</title>
            <author>
              <rs type="person" key="gnd_11601184X">Daetrius, Brandanus</rs>
            </author>
            <author>
              <rs type="person" key="gnd_104308753">August Friedrich, Braunschweig-L&#xFC;neburg, Herzog</rs>
            </author>
            <pubPlace>
              <rs type="place" key="getty_7005253">Wolfenb&#xFC;ttel</rs>
            </pubPlace>
            <publisher>Wei&#xDF;, Paul</publisher>
            <date when="1677">1677</date>
            <idno type="VD17">1:023361Q</idno>
          </bibl>
          <bibl xml:id="weltwissen61-reference" corresp="weltwissen61">
            <title>Des Hoch-Erleuchteten Johann Arndens geistreicher Schriften und Wercke ... Theil</title>
            <author>
              <rs type="person" key="gnd_118504134">Arndt, Johann</rs>
            </author>
            <author>
              <rs type="person" key="gnd_119091852">Rambach, Johann Jakob</rs>
            </author>
            <extent>3 Bde.</extent>
            <pubPlace>
              <rs type="place" key="getty_7012329">Leipzig</rs>
            </pubPlace>
            <pubPlace>
              <rs type="place" key="getty_7012813">G&#xF6;rlitz</rs>
            </pubPlace>
            <publisher>Marche, Christian Gottfried</publisher>
            <date when="1735">1734-1736</date>
          </bibl>
          <bibl xml:id="weltwissen62-reference" corresp="weltwissen62">
            <title>Der gantze Psalter Davids, Des H. K&#xF6;nigs und Propheten, In 462. Predigten au&#xDF;gelegt und erkl&#xE4;rt ...</title>
            <author>
              <rs type="person" key="gnd_118504134">Arndt, Johann</rs>
            </author>
            <author>
              <rs type="person" key="gnd_100142877">Gerhard, Johann Ernst</rs>
            </author>
            <pubPlace>
              <rs type="place" key="getty_7005293">Frankfurt am Main</rs>
            </pubPlace>
            <publisher>Zunner, Johann David</publisher>
            <publisher>G&#xF6;rlin, Johann</publisher>
            <date when="1701">1701</date>
          </bibl>
          <bibl xml:id="weltwissen63-reference" corresp="weltwissen63">
            <title>Iusti Gesenii SS. Theol: Doctoris. Epistel-Predigten auff die Sonn- Fest- und Apostel-Tage durchs gantze Jahr</title>
            <author>
              <rs type="person" key="gnd_11659554X">Gesenius, Justus</rs>
            </author>
            <extent>2 Bde.</extent>
            <pubPlace>
              <rs type="place" key="getty_7004434">Braunschweig</rs>
            </pubPlace>
            <publisher>Zilliger, Christoph Friedrich</publisher>
            <publisher>Gruber, Kaspar</publisher>
            <date when="1671">1671-1672</date>
            <idno type="VD17">23:658847U; 23:626972N; 23:626975L; 23:626977A</idno>
          </bibl>
          <bibl xml:id="weltwissen64-reference" corresp="weltwissen64">
            <title>Apostolische Schlu&#xDF;-Kette, Und Krafft-Kern, Oder Gr&#xFC;ndliche Auslegung der gew&#xF6;hnlichen Sonn- und Fest-Tags-Episteln ...</title>
            <author>
              <rs type="person" key="gnd_133812111">M&#xFC;ller, Heinrich</rs>
            </author>
            <pubPlace>
              <rs type="place" key="getty_7005293">Frankfurt am Main</rs>
            </pubPlace>
            <publisher>Wust, Balthasar Christoph</publisher>
            <date when="1671">1671</date>
          </bibl>
          <bibl xml:id="weltwissen65-reference" corresp="weltwissen65">
            <title>Le Monde Ou La Description Generale De Ses Qvatre Parties ...</title>
            <author>
              <rs type="person" key="gnd_100859895">Avity, Pierre d'</rs>
            </author>
            <author>
              <rs type="person" key="gnd_1055427848">Ranchin, Fran&#xE7;ois</rs>
            </author>
            <extent>4 Bde.</extent>
            <pubPlace>
              <rs type="place" key="getty_7008038">Paris</rs>
            </pubPlace>
            <publisher>Sonnius, Claude</publisher>
            <date when="1637">1637</date>
            <idno type="SUDOC">117855871</idno>
          </bibl>
          <bibl xml:id="weltwissen66-reference" corresp="weltwissen66">
            <title>De Jesu, Scriptur&#xE6; nucle&#xF4; &amp; medull&#xE2;, Magnalia Dei. Das ist: Die grossen Thaten Gottes ...</title>
            <author>
              <rs type="person" key="gnd_118710648">Herberger, Valerius</rs>
            </author>
            <author>
              <rs type="person" key="gnd_100332811">Schertzer, Johann Adam</rs>
            </author>
            <pubPlace>
              <rs type="place" key="getty_7012329">Leipzig</rs>
            </pubPlace>
            <publisher>Fritsch, Johann</publisher>
            <publisher>Johann Bauers Witwe</publisher>
            <date when="1678">1678</date>
            <idno type="VD17">547:630982W; 547:630985U</idno>
          </bibl>
          <bibl xml:id="weltwissen67-reference" corresp="weltwissen67">
            <title>Vngerische Chronica. Das ist Ein grundtliche beschreibung de&#xDF; aller m&#xE4;chtigsten vnd gewaltigsten K&#xF6;nigreichs Vngern ...</title>
            <author>
              <rs type="person" key="gnd_104106123">Bonfini, Antonio</rs>
            </author>
            <author>
              <rs type="person" key="gnd_539226211">P.F.N.</rs>
            </author>
            <pubPlace>
              <rs type="place" key="getty_7005293">Frankfurt am Main</rs>
            </pubPlace>
            <publisher>Feyerabend, Sigmund</publisher>
            <publisher>Schmidt, Peter</publisher>
            <date when="1581">1581</date>
            <idno type="VD16">B 6598</idno>
          </bibl>
          <bibl xml:id="weltwissen68-reference" corresp="weltwissen68">
            <title>Theatri Evrop&#xE6;i, Das ist: Historischer Chronick, Oder Warhaffter Beschreibung aller f&#xFC;rnehmen und denckw&#xFC;rdigen Geschichten ...</title>
            <author>
              <rs type="person" key="gnd_102520879">Abelinus, Johann Philipp</rs>
            </author>
            <author>
              <rs type="person" key="gnd_118581090">Merian, Matthaeus</rs>
            </author>
            <extent>21 Bde.</extent>
            <pubPlace>
              <rs type="place" key="getty_7005293">Frankfurt am Main</rs>
            </pubPlace>
            <publisher>Merian, Matthaeus</publisher>
            <publisher>Hoffmann, Wolfgang</publisher>
            <date when="1680">1643-1718</date>
            <idno type="VD17">23:301070P; 3:302391E; 23:301077S; 23:301083T; 23:233981T; 23:233992G; 23:234033F; 23:233997V; 23:234048A; 23:234051D; 23:234057Z</idno>
          </bibl>
          <bibl xml:id="weltwissen69-reference" corresp="weltwissen69">
            <title>Histoire Romaine, Depvis La Fondation De Rome</title>
            <author>
              <rs type="person" key="gnd_123381517">Du Pleix, Scipion</rs>
            </author>
            <extent>2 Bde.</extent>
            <pubPlace>
              <rs type="place" key="getty_7008038">Paris</rs>
            </pubPlace>
            <publisher>Sonnius, Claude</publisher>
            <date when="1638">1638</date>
          </bibl>
          <bibl xml:id="weltwissen70-reference" corresp="weltwissen70">
            <title>Chronica Carionis. Von anfang der Welt, bis vff Keiser Carolum den F&#xFC;nfften</title>
            <author>
              <rs type="person" key="gnd_118580485">Melanchthon, Philipp</rs>
            </author>
            <author>
              <rs type="person" key="gnd_118790676">Peucer, Kaspar</rs>
            </author>
            <pubPlace>
              <rs type="place" key="getty_7012349">Wittenberg</rs>
            </pubPlace>
            <publisher>Lufft, Hans</publisher>
            <date when="1578">1578</date>
            <idno type="VD16">M 2729</idno>
          </bibl>
          <bibl xml:id="weltwissen71-reference" corresp="weltwissen71">
            <title>Das Grosse Martyr-Buch, und Kirchen-Historien: Worinnen herrliche und in Gottes Wort gegr&#xFC;ndete Glaubens-Bek&#xE4;ntnissen ... sampt andern denckw&#xFC;rdigen Reden und Thaten vieler heiligen M&#xE4;rtyrer beschrieben werden ...</title>
            <author>
              <rs type="person" key="gnd_119063670">Crespin, Jean</rs>
            </author>
            <author>
              <rs type="person" key="gnd_117664669">Crocius, Paul</rs>
            </author>
            <pubPlace>
              <rs type="place" key="getty_7005286">Bremen</rs>
            </pubPlace>
            <publisher>Brauer, Hermann</publisher>
            <date when="1682">1682</date>
          </bibl>
          <bibl xml:id="weltwissen72-reference" corresp="weltwissen72">
            <title>Hell-leuchtender Schrifft- und Stern-Himmel Oder biblische Real-Concordantz ...</title>
            <author>
              <rs type="person" key="gnd_149116780">Jan, Johannes</rs>
            </author>
            <pubPlace>
              <rs type="place" key="getty_7012329">Leipzig</rs>
            </pubPlace>
            <pubPlace>
              <rs type="place" key="getty_7007809">Stettin</rs>
            </pubPlace>
            <publisher>Gleditsch, Johann Friedrich</publisher>
            <publisher>Plener, Johann Adam</publisher>
            <date when="1706">1706</date>
          </bibl>
          <bibl xml:id="weltwissen73-reference" corresp="weltwissen73">
            <title>Prosopographie, Ov Description Des Hommes Illvstres, Et Avtres Renommez</title>
            <author>
              <rs type="person" key="gnd_133870030">Du Verdier, Antoine</rs>
            </author>
            <extent>3 Bde.</extent>
            <pubPlace>
              <rs type="place" key="getty_7008772">Lyon</rs>
            </pubPlace>
            <publisher>Frellon, Paul</publisher>
            <date when="1604">1604</date>
          </bibl>
          <bibl xml:id="weltwissen74-reference" corresp="weltwissen74">
            <title>Pa&#xFC;li Aemilij vnd Arnoldj Ferronj Der K&#xF6;n. May. in Franckreich, Parlament-Rahts, Frantz&#xF6;sischer vnd anderer Nationen ...</title>
            <author>
              <rs type="person" key="gnd_118896393">Emilio, Paolo</rs>
            </author>
            <author>
              <rs type="person" key="gnd_128352388">Le Ferron, Arnoul</rs>
            </author>
            <author>
              <rs type="person" key="gnd_124621457">Wurstisen, Christian</rs>
            </author>
            <pubPlace>
              <rs type="place" key="getty_7007269">Basel</rs>
            </pubPlace>
            <publisher>Henricpetri, Sebastian</publisher>
            <date when="1574">1574</date>
            <idno type="VD16">ZV 4985</idno>
          </bibl>
          <bibl xml:id="weltwissen75-reference" corresp="weltwissen75">
            <title>Die Alten J&#xFC;dischen Heiligth&#xFC;mer, Gottesdienste und Gewohnheiten ...</title>
            <author>
              <rs type="person" key="gnd_129021962">Lund, Johann</rs>
            </author>
            <author>
              <rs type="person" key="gnd_117609978">Muhlius, Heinrich</rs>
            </author>
            <pubPlace>
              <rs type="place" key="getty_7005289">Hamburg</rs>
            </pubPlace>
            <pubPlace>
              <rs type="place" key="getty_7012862">Rudolstadt</rs>
            </pubPlace>
            <publisher>Liebernickel, Gottfried</publisher>
            <publisher>Urban, Heinrich</publisher>
            <date when="1704">1704</date>
          </bibl>
          <bibl xml:id="weltwissen76-reference" corresp="weltwissen76">
            <title>Inventaire General De L'Histoire De France. Depuis Pharamond iusques &#xE0; present</title>
            <author>
              <rs type="person" key="gnd_100335993">Serres, Jean de</rs>
            </author>
            <pubPlace>
              <rs type="place" key="getty_7008038">Paris</rs>
            </pubPlace>
            <publisher>Gasse, Nicolas</publisher>
            <date when="1631">1631</date>
          </bibl>
          <bibl xml:id="weltwissen77-reference" corresp="weltwissen77">
            <title>Histoire Des Martyrs, Persecvtez Et Mis A mort pour la verit&#xE9; de l&#x2019;Euangile, depuis le temps des Apostres iusques &#xE0; present</title>
            <author>
              <rs type="person" key="gnd_119063670">Crespin, Jean</rs>
            </author>
            <author>
              <rs type="person" key="gnd_124437087">Goulart, Simon</rs>
            </author>
            <pubPlace>
              <rs type="place" key="getty_7007279">Genf</rs>
            </pubPlace>
            <publisher>Marceau, Paul</publisher>
            <date when="1608">1608</date>
          </bibl>
          <bibl xml:id="weltwissen78-reference" corresp="weltwissen78">
            <title>Der Europ&#xE4;ischen Reiche Und F&#xFC;rstenth&#xFC;mer Historische und Genealogische Erl&#xE4;uterung ...</title>
            <author>
              <rs type="person" key="gnd_12045095X">Lohmeier, Georg</rs>
            </author>
            <author>
              <rs type="person" key="gnd_117129852">Imhof, Jacob Wilhelm</rs>
            </author>
            <pubPlace>
              <rs type="place" key="getty_7004436">L&#xFC;neburg</rs>
            </pubPlace>
            <publisher>Lipper, Johann Georg</publisher>
            <date when="1695">1695</date>
            <idno type="VD17">12:659294A</idno>
          </bibl>
          <bibl xml:id="weltwissen79-reference" corresp="weltwissen79">
            <title>Theatrum Ceremoniale Historico-Politicum, Oder Historisch- und Politischer Schau-Platz Aller Ceremonien, Welche bey ... Wahlen und Cr&#xF6;nungen ... beobachtet worden ...</title>
            <author>
              <rs type="person" key="gnd_104268336">L&#xFC;nig, Johann Christian</rs>
            </author>
            <pubPlace>
              <rs type="place" key="getty_7012329">Leipzig</rs>
            </pubPlace>
            <publisher>Weidmann, Moritz Georg</publisher>
            <date when="1719">1719</date>
            <idno type="GBV">136940390</idno>
          </bibl>
          <bibl xml:id="weltwissen80-reference" corresp="weltwissen80">
            <title>KirchenPostilla das ist: Auslegung der Episteln vnd Euangelien, an Sontagen und f&#xFC;rnemesten Festen, durchs gantze Jar</title>
            <author>
              <rs type="person" key="gnd_118575449">Luther, Martin</rs>
            </author>
            <pubPlace>
              <rs type="place" key="getty_7012349">Wittenberg</rs>
            </pubPlace>
            <publisher>Lufft, Hans</publisher>
            <date when="1575">1575</date>
          </bibl>
          <bibl xml:id="weltwissen81-reference" corresp="weltwissen81">
            <title>Papistische Jnquisition vnd gulde[n] Fl&#xFC;s der R&#xF6;mischen Kirchen. Das ist. Historia vnd ankunft der R&#xF6;mischen Kirchen, vnd sonderlich vom Antichristischen wesen</title>
            <author>
              <rs type="person" key="gnd_133881199">Nigrinus, Georg</rs>
            </author>
            <pubPlace>
              <rs type="place" key="getty_7012346">Stra&#xDF;burg</rs>
            </pubPlace>
            <publisher>Jobin, Bernhard</publisher>
            <date when="1582">1582</date>
          </bibl>
          <bibl xml:id="weltwissen82-reference" corresp="weltwissen82">
            <title>Histoire De Portvgal, Contenant Les Entreprises, nauigations, &amp; gestes memorables des Portugallois ...</title>
            <author>
              <rs type="person" key="gnd_119483858">Os&#xF3;rio, Jer&#xF3;nimo</rs>
            </author>
            <author>
              <rs type="person" key="gnd_118668722">Castanheda, Fern&#xE3;o Lopes de</rs>
            </author>
            <author>
              <rs type="person" key="gnd_124437087">Goulart, Simon</rs>
            </author>
            <pubPlace>
              <rs type="place" key="getty_7007279">Genf</rs>
            </pubPlace>
            <publisher>Estienne, Fran&#xE7;ois</publisher>
            <publisher>Chuppin, Antoine</publisher>
            <date when="1581">1581</date>
            <idno type="SUDOC">042750415</idno>
          </bibl>
          <bibl xml:id="weltwissen83-reference" corresp="weltwissen83">
            <title>Gesnerus Redivivus auctus &amp; emendatus. Oder: Allgemeines Thier-Buch, Das ist: Eigentliche und lebendige Abbildung Aller vierf&#xFC;ssigen ... Thieren ...</title>
            <author>
              <rs type="person" key="gnd_118694413">Gessner, Conrad</rs>
            </author>
            <author>
              <rs type="person" key="gnd_124517935">Forer, Conrad</rs>
            </author>
            <author>
              <rs type="person" key="gnd_124517951">Horst, Georg</rs>
            </author>
            <pubPlace>
              <rs type="place" key="getty_7005293">Frankfurt am Main</rs>
            </pubPlace>
            <publisher>Serlin, Wilhelm</publisher>
            <publisher>Il&#xDF;ner, Blasius</publisher>
            <date when="1669">1669-1670</date>
          </bibl>
          <bibl xml:id="weltwissen84-reference" corresp="weltwissen84">
            <title>Grosses vollst&#xE4;ndiges Universal Lexicon Aller Wissenschafften und K&#xFC;nste, Welche bi&#xDF;hero durch menschlichen Verstand und Witz erfunden und verbessert worden</title>
            <author>
              <rs type="person" key="gnd_118636316">Zedler, Johann Heinrich</rs>
            </author>
            <author>Ludewig, Johann Peter von</author>
            <extent>37 Bde.</extent>
            <pubPlace>
              <rs type="place" key="getty_1036898">Halle</rs>
            </pubPlace>
            <pubPlace>
              <rs type="place" key="getty_7012329">Leipzig</rs>
            </pubPlace>
            <publisher>Zedler, Johann Heinrich</publisher>
            <date when="1741">1732-1750</date>
            <idno type="VD18">10778438 (58 B&#xE4;nde: 1-18, 25-64)</idno>
          </bibl>
          <bibl xml:id="weltwissen85-reference" corresp="weltwissen85">
            <title>Sonn- und fest-t&#xE4;glicher wie auch w&#xF6;chentlicher Kirchen-Redner, &#xFC;ber die Evangelia, Episteln und Psalmen: Oder Ordentlich- u. erbaulich-eingerichtete v&#xF6;llige Predigten &#xFC;ber alle Sonn- u. Festtags-Evangelien</title>
            <author>
              <rs type="person" key="gnd_101434618">Ermisch, Christian Ludwig</rs>
            </author>
            <pubPlace>
              <rs type="place" key="getty_7012329">Leipzig</rs>
            </pubPlace>
            <publisher>Gleditsch, Johann Ludwig</publisher>
            <publisher>Weidmann, Moritz Georg</publisher>
            <date when="1716">1716</date>
          </bibl>
          <bibl xml:id="weltwissen86-reference" corresp="weltwissen86">
            <title>Heilig-Epistolischer Bericht, Licht, Geleit, und Freud. Das ist: Emblematische F&#xFC;rstellung, Der Heiligen Sonn- und Festt&#xE4;glichen Episteln ...</title>
            <author>
              <rs type="person" key="gnd_118525697">Dilherr, Johann Michael</rs>
            </author>
            <pubPlace>
              <rs type="place" key="getty_7004334">N&#xFC;rnberg</rs>
            </pubPlace>
            <publisher>Endter, Johann Andreas</publisher>
            <date when="1663">1663</date>
            <idno type="VD17">23:269038A</idno>
          </bibl>
          <bibl xml:id="weltwissen87-reference" corresp="weltwissen87">
            <title>Herrn M. Christian Scrivers, F&#xFC;rstl. S&#xE4;chs. Ober-Hoff-Predigers und Consistorial-Raths zu Quedlinburg Seelen-Schatzes Kern und Stern Oder ... Register ...</title>
            <author>
              <rs type="person" key="gnd_118612433">Scriver, Christian</rs>
            </author>
            <author>
              <rs type="person" key="gnd_102458197">Koch, Christoph</rs>
            </author>
            <pubPlace>
              <rs type="place" key="getty_7005247">Helmstedt</rs>
            </pubPlace>
            <pubPlace>
              <rs type="place" key="getty_7004456">Magdeburg</rs>
            </pubPlace>
            <pubPlace>
              <rs type="place" key="getty_7012329">Leipzig</rs>
            </pubPlace>
            <publisher>S&#xFC;stermann, Johann Melchior</publisher>
            <publisher>Seidel, Christoph</publisher>
            <publisher>Hesse, Heinrich</publisher>
            <date when="1704">1704</date>
          </bibl>
          <bibl xml:id="weltwissen88-reference" corresp="weltwissen88">
            <title>Summarische Gr&#xFC;nde Der Gr&#xE4;flich-Saynischen Successions-Sach; Vor He&#xDF;en-Philippsthal, Wider Brandenburg-Onoltzbach</title>
            <pubPlace></pubPlace>
            <date when="1748">1746-1750</date>
            <idno type="VD18">10213899; 11434260; 13386778</idno>
          </bibl>
          <bibl xml:id="weltwissen89-reference" corresp="weltwissen89">
            <title>Oeconomica Ruralis Et Domestica. Darin[n] das gantz Ampt aller trewer Hau&#xDF;-V&#xE4;tter und Hau&#xDF;-M&#xFC;tter, best&#xE4;ndiges und allgemeines Hau&#xDF;-Buch, vom Hau&#xDF;halten, Wein- Acker- G&#xE4;rten- Blumen- und Feld-Bau, begriffen</title>
            <author>
              <rs type="person" key="gnd_10008723X">Coler, Johann</rs>
            </author>
            <pubPlace>
              <rs type="place" key="getty_7005293">Frankfurt am Main</rs>
            </pubPlace>
            <publisher>Zubrod, Johann Peter</publisher>
            <publisher>Sch&#xF6;nwetter, Johann Martin</publisher>
            <date when="1680">1680</date>
          </bibl>
          <bibl xml:id="weltwissen90-reference" corresp="weltwissen90">
            <title>Fama Avstriaca. Das ist, Eigentliche Verzeichnu&#xDF; denckw&#xFC;rdiger Geschichten, welche sich in den nechstverflossenen 16. Jahren hero bi&#xDF; auff vnd in das Jahr 1627. begeben haben</title>
            <author>
              <rs type="person" key="gnd_12303101X">Ens, Gaspar</rs>
            </author>
            <pubPlace>
              <rs type="place" key="getty_7004446">K&#xF6;ln</rs>
            </pubPlace>
            <publisher>Brachel, Peter von</publisher>
            <publisher>Hogenberg, Anraham</publisher>
            <date when="1627">1627</date>
          </bibl>
          <bibl xml:id="weltwissen91-reference" corresp="weltwissen91">
            <title>Ein au&#xDF;erle&#xDF;ne Chronicka von C. Julio Cesare dem ersten, bi&#xDF; auff Carolum quintum diser zeit Rh&#xF6;mischen Keyser, auch von allen Orientischen oder Griechischen vnd T&#xFC;rckischen Keysern</title>
            <author>
              <rs type="person" key="gnd_11867756X">Cuspinianus, Johannes</rs>
            </author>
            <author>
              <rs type="person" key="gnd_118547615">Hedio, Caspar</rs>
            </author>
            <author>
              <rs type="person" key="gnd_118580485">Melanchthon, Philipp</rs>
            </author>
            <pubPlace>
              <rs type="place" key="getty_7012346">Stra&#xDF;burg</rs>
            </pubPlace>
            <publisher>M&#xFC;ller, Kraft</publisher>
            <date when="1541">1541</date>
            <idno type="VD16">C 6480</idno>
          </bibl>
          <bibl xml:id="weltwissen92-reference" corresp="weltwissen92">
            <title>Hof- Staats und Regier-Kunst, Bestehend in dreyen B&#xFC;chern ...</title>
            <author>
              <rs type="person" key="gnd_120995867">L&#xF6;hneysen, Georg Engelhard</rs>
            </author>
            <pubPlace>
              <rs type="place" key="getty_7005293">Frankfurt am Main</rs>
            </pubPlace>
            <publisher>Ryssel, Gottfried von</publisher>
            <publisher>Henning Grosse IV. Erben</publisher>
            <date when="1679">1679</date>
            <idno type="VD17">23:270876U</idno>
          </bibl>
          <bibl xml:id="weltwissen93-reference" corresp="weltwissen93">
            <title>Johannis Aventini Des Weitber&#xFC;mbten Hochgelehrten Beyerischen Geschichtschreibers Chronica, Darinn nicht allein de&#xDF; ... Hau&#xDF; Beyern ... Herkommen ..., sondern auch der ... Teutschen Vrsprung ... beschrieben ...</title>
            <author>
              <rs type="person" key="gnd_11850522X">Aventinus, Johannes</rs>
            </author>
            <author>
              <rs type="person" key="gnd_116517735">Cisnerus, Nikolaus</rs>
            </author>
            <pubPlace>
              <rs type="place" key="getty_7005293">Frankfurt am Main</rs>
            </pubPlace>
            <publisher>Jakob Fischer Erben</publisher>
            <date when="1622">1622</date>
          </bibl>
          <bibl xml:id="weltwissen94-reference" corresp="weltwissen94">
            <title>Anleitung zu gr&#xFC;ndlicher Verst&#xE4;ndni&#xDF; der Heiligen Offenbahrung Jesu Christi</title>
            <author>
              <rs type="person" key="gnd_119129787">Petersen, Johann Eleonora</rs>
            </author>
            <pubPlace>
              <rs type="place" key="getty_7004456">Magdeburg</rs>
            </pubPlace>
            <publisher>M&#xFC;ller, Johann Daniel</publisher>
            <date when="1696">1696</date>
          </bibl>
          <bibl xml:id="weltwissen95-reference" corresp="weltwissen95">
            <title> Theatrvm Pr&#xE6;cedenti&#xE6;, oder eines theils Illvstrer Rang-Streit, andern theils Illvstre Rang-Ordnung</title>
            <author>
              <rs type="person" key="gnd_124514596">Zwantzig, Zacharias </rs>
            </author>
            <pubPlace>
              <rs type="place" key="getty_7005293">Frankfurt am Main</rs>
            </pubPlace>
            <publisher>Fritsch, Thomas</publisher>
            <date when="1709">1709</date>
            <idno type="VD18">14782227</idno>
          </bibl>
          <bibl xml:id="weltwissen96-reference" corresp="weltwissen96">
            <title>Neu- und nie erh&#xF6;rter Doch in der Natur und Vernunfft Wohlgegr&#xFC;ndeter Versuch Der Universal-Vermehrung Aller B&#xE4;ume, Stauden, und Blumen-Gew&#xE4;chse</title>
            <author>
              <rs type="person" key="gnd_122910494">Agricola, Georg Andreas</rs>
            </author>
            <pubPlace>
              <rs type="place" key="getty_7013496">Regensburg</rs>
            </pubPlace>
            <publisher>Peetz, Johann Conrad</publisher>
            <publisher>Hofmann, Johann Georg</publisher>
            <date when="1716">1716-1717</date>
            <idno type="GBV">15020826X; 835236102</idno>
          </bibl>
          <bibl xml:id="weltwissen97-reference" corresp="weltwissen97">
            <title>Aller De&#xDF; Heiligen R&#xF6;mischen Reichs gehaltenen Reichs-T&#xE4;ge, Abschiede und Satzungen, Sambt andern Kays. und K&#xF6;nigl. Constitutionen, Als Caroli IV. G&#xFC;ldene Bull ... betreffende Ordnungen und Satzungen, nebens dem Passauer Vertrag, Caroli V. Peinlichen Hal&#xDF;-Gerichts-Ordnung, Prager, O&#xDF;nabr&#xFC;ckischer und M&#xFC;nsterischer Frieden-Schlu&#xDF;, Wie die vom Jahr 1356. bi&#xDF; in das 1654. auffgericht, erneuert und publicirt worden ...</title>
            <author>
              <rs type="person" key="gnd_004911636">Heiliges R&#xF6;misches Reich, Reichstag</rs>
            </author>
            <pubPlace>
              <rs type="place" key="getty_7004449">Mainz</rs>
            </pubPlace>
            <publisher>Sch&#xF6;nwetter, Johann Martin</publisher>
            <date when="1692">1692</date>
            <idno type="VD17">1:018622F</idno>
          </bibl>
          <bibl xml:id="weltwissen98-reference" corresp="weltwissen98">
            <title>Iusti Gesenii SS. Theol: Doctoris. Epistel-Predigten auff die Neben-Feste durchs gantze Jahr</title>
            <author>
              <rs type="person" key="gnd_11659554X">Gesenius, Justus</rs>
            </author>
            <pubPlace>
              <rs type="place" key="getty_7004434">Braunschweig</rs>
            </pubPlace>
            <publisher>Zilliger, Christoph Friedrich</publisher>
            <publisher>Gruber, Kaspar</publisher>
            <date when="1674">1674</date>
            <idno type="VD17">23:626979R</idno>
          </bibl>
          <bibl xml:id="weltwissen99-reference" corresp="weltwissen99">
            <title>Der Newenn Weldt vnd Indianischen Niderg&#xE4;ngischen K&#xF6;nigreichs, Newe vnd Wahrhaffte History, von allen Geschichten, Handlungen, Thaten ... Sampt von den gef&#xE4;hrlichen Schiffarthen, Kriegen, Schlachten ...</title>
            <author>
              <rs type="person" key="gnd_123588855">Benzoni, Girolamo</rs>
            </author>
            <author>
              <rs type="person" key="gnd_118740490">Anghiera, Pietro Martire d'</rs>
            </author>
            <author>
              <rs type="person" key="gnd_119608162">Apollonius, Levinus</rs>
            </author>
            <author>
              <rs type="person" key="gnd_128884967">H&#xF6;niger, Nikolaus</rs>
            </author>
            <pubPlace>
              <rs type="place" key="getty_7007269">Basel</rs>
            </pubPlace>
            <publisher>Henricpetri, Sebastian</publisher>
            <date when="1582">1582-1583</date>
            <idno type="VD16">B 1747</idno>
          </bibl>
        </listBibl>
      </div>
    </body>
  </text>
</TEI>
