sep=,
id,pageCat,imageCat,numberCat,itemInVolume,titleCat,titleBib,titleNormalized,author1,author2,author3,author4,contributor1,contributor2,contributor3,contributor4,place1,place2,publishers,year,format,histSubject,subjects,genres,mediaType,languages,systemManifestation,idManifestation,institutionOriginal,shelfmarkOriginal,provenanceAttribute,digitalCopyOriginal,targetOPAC,searchID,titleWork,systemWork,idWork,bound,comment,digitalCopy,copiesHAB
weltwissen0,,,,3V1,"Annales de la Monarchie francoise depuis Pharamond jusqu‘â la Majorite de Louis XV.","Annales De La Monarchie Françoise, Depuis son Etablissement jusques à présent ...","Annales de la monarchie Françoise, depuis son établissement jusques à présent ... ",,,,,,,,,Amsterdam#getty7006952,,"Chatelain, Zacharias;L'Honoré, François",1724,Folio,,Geschichte;Genealogie,,,fre,GBV,"184416302; 184416329; 184416361",,,,,,,,,,1,"Teil 1-3",,,,,
weltwissen1,,,,1,"Ausführung des Rechts Ihro Königlichen Maj: von Groß-Britannien, als Herzogs von Lauenburg an das Amt Steinhorst, nebst Beyfügung derer von Königlich dänischer Seite bishero in dieser Sache, publicirten Schriften, und deren gründlicher Beantwortung","Ausführung des Rechts Ihro Königl. Majest. von Groß-Britannien als Hertzogs zu Lauenburg, an das Amt Steinhorst, nebst Beyfügung derer, von Königl. Dänischer Seite bißhero in dieser Sache publicirten Schriften, und deren gründlichen Beantwortung","Ausführung des Rechts Ihro Königl. Majest. von Groß-Britannien als Hertzogs zu Lauenburg an das Amt Steinhorst",,,,,,,,,,,,1739,Folio,,Rechtswissenschaft,,,ger,,,HAB,"M: Gm 2° 96","“ELISABETH SOPHIA MARIA. VERWITTWETE HERZOGINN ZU BR. U. LUN:”",,,,,,,1,,,,,http://opac.lbs-braunschweig.gbv.de/DB=2/XMLPRS=N/PPN?PPN=149968027,"Altsignatur: VII. 1. 2"
weltwissen2,,,,1,"Dictionnaire Oeconomique","Dictionnaire Oeconomique, Contenant divers Moiens d'Augmenter son bien, et de conserver sa santé, quantité de moyens pour élever, nourrir, querir et faire profiter toutes fortes dʹAnimaux Domestiques, differens Filets pour la Peche de toutes fortes de Poissons et pour la Chasse","Dictionnaire oeconomique",,,,,,,,,Amsterdam#getty7006952,,"Covens, Jan;Mortier, Cornelis",1732,Folio,,Lexikographie;Ökonomie,,,fre,,,HAB,"M: Oe 2° 4","“ELISABETH SOPHIA MARIA. VERWITTWETE HERZOGINN ZU BR. U. LUN:”",,,,,,,1,"Teil 1-2",,,,http://opac.lbs-braunschweig.gbv.de/DB=2/XMLPRS=N/PPN?PPN=147568021,"1-2 in einem Band"
weltwissen3,,,,1,"Supplement au Dictionnaire Oeconomique","Supplement au Dictionnaire Oeconomique, Contenant divers Moiens d'Augmenter son bien, et de conserver sa santé ...","Supplement au dictionnaire oeconomique",,,,,,,,,Amsterdam#getty7006952,,"Covens, Jan;Mortier, Cornelis",1740,Folio,,Lexikographie;Ökonomie,,,fre,,,HAB,"M: Oe 2° 4","“ELISABETH SOPHIA MARIA. VERWITTWETE HERZOGINN ZU BR. U. LUN:”",,,,,,,1,"Teil 1-2",,,,http://opac.lbs-braunschweig.gbv.de/DB=2/XMLPRS=N/PPN?PPN=147568021,"1-2 in einem Band"
weltwissen4,,,,1,"L’Histoire des Provinces-unies des Pais-Bas","L'Histoire des Provinces-Unies Des Païs-Bas, Depuis le parfait Etablissement de cet Etat","L'histoire des Provinces-Unies des Pais-Bas depuis le parfait établissement de cet état",,,,,,,,,"Den Haag#getty7006810",,"Johnson, Thomas",1719,Folio,,Geschichte,,,fre,GBV,135739020,,,,,,,,,,1,,,,,,
weltwissen5,,,,9V1,"Le Grand Dictionnaire Geographique, et Critique","Le Grand Dictionnaire Geographique Et Critique","Le grand dictionnaire geographique et critique",,,,,,,,,"Den Haag#getty7006810",Amsterdam#getty7006952,"Gosse, Pierre;Hondt, Pieter de",1726-1740,Folio,,Geographie;Lexikographie,,,fre,GBV,"0136861199; 0136861202; 0136861210; 0136861229; 0136861237; 0136861245; 0136861253; 0136861261; 013686127X; 0136861288; 0136861296; 013686130X; 0136861318; 0136861326; 0136861334",,,,,,,,,,1,"Teil 1-15",,,,,
weltwissen6,,,,1,"Ern: Salomon Cypriani Hilaria Evangelica oder Theologisch-Historischer Bericht vom andern Evangelischen Jubel-Fest","Ern. Sal. Cypriani Hilaria Evangelica, Oder Theologisch-Historischer Bericht Vom Andern Evangelischen Jubel-Fest ...","Hilaria Evangelica oder theologisch-historischer Bericht vom andern evangelischen Jubel-Fest",,,,,,,,,Gotha#getty7005938,Leipzig#getty7012329,"Weidmann, Moritz Georg;",1719,Folio,,Theologie;Geschichte,,,ger;lat,VD18,90010523,,,,,,,,,,1,"Vermutlich Provenienz ESM: M: Tq 2° 40 (Einband)",,,,,
weltwissen7,,,,1,"Geo: Engelh. Löhneys Aulico-Politica","Avlico Politica. Darin gehandelt wird, 1. Von Erziehung ...","Aulico Politica",,,,,,,,,Remlingen#getty7111296,,"Löhneysen, Georg Engelhard;",1622,Folio,,Pädagogik;Politik,,,ger,VD17,23:270837A,,,,,,,,,,1,"Exemplar M: Hn 2° 3 in Sammelband",,,,,
weltwissen8,,,,1,"Leben der Heiligen ... Sommer Theil","HJe hebt sych an das summerteil der heiligen leben …","Der Heiligen Leben. Summerteil",,,,,,,,,,,,"ca. 1500",Folio,,Theologie;Religionsgeschichte,,,ger,ISTC,ij00167500,,,,,,,,,,1,"Kein Exemplar im Bestand der HAB nachgewiesen",,,,,
weltwissen9,,,,2V1,"Oeuvres de François de la Mothe le Vayer","Œvvres De François De La Mothe Le Vayer",Oeuvres,,,,,,,,,Paris#getty7008038,,"Courbé, Augustin",1662,Folio,,Philosophie;Pädagogik,,,fre,,,HAB,"M: Ac 2° 5","“ELISABETH SOPHIA MARIA. Verwittwete HERZOGINN ZU BR. U. LUN:” (Band 1-2)",,,,,,,1,"Teil 1-2",,,,http://opac.lbs-braunschweig.gbv.de/DB=2/XMLPRS=N/PPN?PPN=150247834,"Altsignatur: VII. 1. 3-4 (Bd. 1: VII. 1. 3; Bd. 2: VII. 1. 4)"
weltwissen10,,,,1,"Leichen Predigten, und Carmina auf den seel. Todt des Hochseeligen Fürsten Zu Anhalt Christian Augusts &c.","Unverwelklich grünende Palmen Unsterblicher Tugenden und Verdienste Auf dem Granbe Des weiland durchlauchtigsten Fürstens ... Christian Augusts Regierenden Fürstens zu Anhalt ... ","Unverwelklich grünende Palmen",,,,,,,,,Zerbst#getty7012892,,"Bernuth, Gottfried Heinrich",1747,Folio,,Theologie;Geschichte,,,ger,,,HAB,"M: Gm 2° 20",,,,,,,,1,,,,,http://opac.lbs-braunschweig.gbv.de/DB=2/XMLPRS=N/PPN?PPN=165025891,"Einziges Exemplar"
weltwissen11,,,,1,"Das grosse Cantional oder Kirchen-Gesang-Buch","Das grosse Cantional, Oder: Kirchen-Gesangbuch, Jn welchem Nicht allein D. Martin Luthers ... geistreiche Lieder begriffen ...","Das grosse Cantional oder Kirchen-Gesangbuch",,,,,,,,,Darmstadt,,"Müller, Henning",1687,Folio,,Theologie;Musik,,,ger,VD17,12:122177D,,,,,,,,,,1,,,,,,
weltwissen12,,,,2V1,"Le Dictionnaire des Cas de Conscience p.","Le Dictionaire Des Cas De Conscience, Decidés Suivant Les Principes De La Morale ...","Le dictionaire des cas de conscience",,,,,,,,,Paris#getty7008038,,"Coignard, Jean-Baptiste;Guérin, Hippolyte-Louis",1733,Folio,,Kasuistik;Philosophie;Theologie,,,fre,,,HAB,"M: Te 2° 6","“ELISABETH SOPHIA MARIA. Verwittwete HERZOGINN ZU BR. U. LUN:” (Band 1)",,,,,,,1,"Teil 1-2",,,,http://opac.lbs-braunschweig.gbv.de/DB=2/XMLPRS=N/PPN?PPN=149913796,"Altsignatur: P. I. c"
weltwissen13,,,,2V1,"Superstitions anciennes, & modernes &c.","Superstitions Anciennes Et Modernes, Prejugés Vulgaires Qui ont induit les Peuples à des usages ...","Superstitions anciennes et modernes",,,,,,,,,Amsterdam#getty7006952,,"Bernard, Jean Frédéric",1733-1736,Folio,,Theologie;Kulturgeschichte,,,fre,GBV,"360377246; 360378358",,,,,,,,,,1,"Teil 1-2; Exemplar mit Provenienz PC bzw. Montbail",,,,,
weltwissen14,,,,3V1,"Ancienne, et nouvelle Discipline de l’Eglise","Ancienne Et Nouvelle Discipline De L'Eglise Touchant Les Benefices Et Les Beneficiers","Ancienne et nouvelle discipline de l'église",,,,,,,,,Paris#getty7008038,,"Muguet, François",1679-1682,Folio,,Theologie;Kirchenrecht,,,fre,,,HAB,"M: Rb 2° 49","“ELISABETH SOPHIA MARIA. Verwittwete HERZOGINN ZU BR. U. LUN:” (Band 1-3)",,,,,,,1,,,,,http://opac.lbs-braunschweig.gbv.de/DB=2/XMLPRS=N/PPN?PPN=144320495,
weltwissen15,,,,2V1,"Histoire des Traités de Paix, et autres Negotiations du dix-septième Siecle","Histoire Des Traités De Paix, Et autres Negotiations Du dix-septième Siècle, Depuis la Paix De Vervins, Jusqu'à la Paix de Nimegue","Histoire des traités de paix et autres negotiations du dix-septième siècle depuis la paix de Vervins jusqu'à la paix de Nimegue",,,,,,,,,Amsterdam#getty7006952,"Den Haag#getty7006810","Bernard, Jean Frédéric;Vaillant, Isaac",1725,Folio,,Geschichte,,,fre,GBV,"033645957; 033645965",,,,,,,,,,1,"Teil 1-2",,,,,
weltwissen16,,,,5V1,"Histoire de la Ville de Paris","Histoire De La Ville De Paris","Histoire de la ville de Paris",,,,,,,,,Paris#getty7008038,,"Desprez, Guillaume",1725,Folio,,Geschichte;Kulturgeschichte,,,fre,GBV,"183343980; 183344057; 183344138; 183344235; 183344324",,,,,,,,,,1,"Teil 1-5",,,,,
weltwissen17,,,,1,"Johannis Aventini Beyerische Chronika","Johannis Auentini Chronica, Darinn nicht allein deß ... Hauß Beyern ... Herkommen ..., sondern auch der ... Teutschen Vrsprung ... beschrieben",Chronica,,,,,,,,,"Frankfurt am Main#getty7005293",,"Feyerabend, Johann;Feyerabend, Sigmund",1580,Folio,,Geschichte;Genealogie,,,ger,VD16,"T 2321",,,,,,,,,,1,,,,,,
weltwissen18,,,,1,"Conradi Agricolae Teutsche Biblische Concordanzen","Concordantiæ Bibliorum Emendatæ ac ferè novæ, Das ist: Biblische Concordantz ...","Concordantiae bibliorum ... das ist biblische Concordantz",,,,,,,,,"Frankfurt am Main#getty7005293",,"Friderici, Johann",1674,Folio,,Theologie;Bibelkunde,,,ger,,,HAB,"M: Tb 2° 2","“ELISABETH SOPHIA MARIA. Verwittwete HERZOGINN ZU BR. U. LUN:”",,,,,,,1,,,,,http://opac.lbs-braunschweig.gbv.de/DB=2/XMLPRS=N/PPN?PPN=536640998,
weltwissen19,,,,1,"Sleidanus verus, & continuatus. Das ist: Beschreibung aller fürnehmen Händel, und Geschichten, so sich in Glaubens, und weltlichen Sachen bis 1620. zugetragen haben","Ioan. Sleidani Veri Et Ad Nostra tempora usque continuati Das ist, Warhafftige Beschreibung allerley fürnemmer Händel vnd Geschichten ...","Warhafftige Beschreibung allerley fürnemmer Händel und Geschichten ...",,,,,,,,,Straßburg#getty7012346,,"Heyden, Christoph von der",1625,Folio,,Theologie;Geschichte;Religionsgeschichte,,,ger,GBV,"233719687; 233719822; 233719857; 23371992X; 233719946",,,,,,,,,,1,"Teil 1-5; vermutlich Provenienz ESM: M: Gl 2° 96 (Einband; Titelschild)",,,,,
weltwissen20,,,,4V1,"Le grand Dictionnaire historique","Le Grand Dictionaire Historique, Ou Le Mêlange Curieux De L'Histoire Sacrée Et Profane ...","Le grand dictionaire historique ou le mélange curieux de l'histoire sacrée et profane ...",,,,,,,,,Paris#getty7008038,,"Coignard, Jean-Baptiste","1699 oder 1707",Folio,,Geschichte;Lexikographie,,,fre,GBV,"22279836X; 222798408; 222798416; 222798521 bzw. 222799323; 222804653; 222804734; 222804777",,,,,,,,,,1,"Vermutlich Provenienz ESM: M: Ga 2° 10 (einziges Exemplar)",,,,,
weltwissen21,,,,4V1,"Recueil des Traitez de Paix. p.","Recueil Des Traitez De Paix, De Trêve, De Neutralité, De Suspension D'Armes, De Confédération, D'Alliance, De Commerce, De Garantie, Et D'Autres Actes Publics ... ","Recueil des traitez de paix, de trêve, de neutralité, de suspension d'armes, de confédération, d'alliance, de commerce, de garantie et d'autres actes publics ...",,,,,,,,,Amsterdam#getty7006952,"Den Haag#getty7006810","Dirk Booms Witwe;Boom, Hendrick",1700,Folio,,Rechtswissenschaft,,,fre,GBV,"14114954X; 141149558; 141149566",HAB,"Xd 2° 98","“ELISABETH SOPHIA MARIA. Verwittwete HERZOGINN ZU BR. U. LUN:” (Band 1)",,,,,,,1,"Teil 1-4",,,,http://opac.lbs-braunschweig.gbv.de/DB=2/XMLPRS=N/PPN?PPN=141149531,"Altsignatur: E. b.; nur Teil 1 vorhanden"
weltwissen22,,,,22V1,"D. M. Luthers sämtliche Schriften, und Werke","Des Theuren Mannes Gottes, D. Martin Luthers Sämtliche Theils von Ihm selbst Deutsch verfertigte, theils aus dessen Lateinischen ins Deutsche übersetzte Schrifften und Wercke","Sämtliche Schrifften und Wercke",,,,,,,,,Leipzig#getty7012329,,"Zedler, Johann Heinrich",1729-1734,Folio,,Theologie;Kirchengeschichte,,,ger,,,HAB,"M: Li 2° 100","“ELISABETH SOPHIA MARIA. Verwittwete HERZOGINN ZU BR. U. LUN:” (Band 11-22)",,,,,,,1,"Teil 1-22",,,,http://opac.lbs-braunschweig.gbv.de/DB=2/XMLPRS=N/PPN?PPN=151901546,"Gestaltung des Einbandes identisch, aber zwei Varianten des Spiegels: Bd. 1-10 (1729-1730) bzw. Bd. 11-22 (1731-1734)"
weltwissen23,,,,1,"M. Joh. Jac. Greiffs vollständige Register über die XXII. Leipziger Theile D. M. Luthers Schriften"," M. Johann Jacob Greiffs, Pastoris in Mölbis, Vollständige Register über die XXII Leipziger Theile der gesammten Schriften Des seligen D. Martin Luthers ...","Vollständige Register über die gesammten Schriften Martin Luthers",,,,,,,,,Leipzig#getty7012329,,"Breitkopf, Bernhard Christoph",1740,Folio,,Theologie;Religionsgeschichte,,,ger,,,HAB,"M: Li 2° 100","“ELISABETH SOPHIA MARIA. Verwittwete HERZOGINN ZU BR. U. LUN:”",,,,,,,1,,,,,http://opac.lbs-braunschweig.gbv.de/DB=2/XMLPRS=N/PPN?PPN=151901627,"Als Band (=Teil) 23 der Ausgabe gezählt"
weltwissen24,,,,1,"Colloquia, oder Tisch-Reden D. M. Luthers, nebst dessen Prophezeyungen","Colloqvia, oder Tisch-Reden, und andere Christliche, sehr erbauliche Gespräche Des Hocherleuchteten Mannes Gottes D. Martin Luthers ...","Colloquia oder Tisch-Reden und andere Gespräche",,,,,,,,,Leipzig#getty7012329,Dresden#getty7004455,"Zimmermann, Johann Christoph;Gerlach, Johann Nikolaus",1723,Folio,,Theologie;Religionsgeschichte,,,ger,,,HAB,"M: Li 4° 340","“ELISABETH SOPHIA MARIA. Verwittwete HERZOGINN ZU BR. U. LUN:”",,,,,,,1,,,,,http://opac.lbs-braunschweig.gbv.de/DB=2/XMLPRS=N/PPN?PPN=151878986,"Altsignatur: L. c. 7"
weltwissen25,,,,5V1,"Allgemeine Schaubühne der Welt. oder Jahrgeschichte des XVII.ten Seculi","Allgemeine Schau-Bühne der Welt, Oder: Beschreibung der vornehmsten Welt-Geschichte, So sich von Anfang dieses Siebenzehenden Jahr-Hunderts Biß zum Ende desselben ... begeben","Allgemeine Schau-Bühne der Welt oder Beschreibung der vornehmsten Welt-Geschichte",,,,,,,,,"Frankfurt am Main#getty7005293",,"Zunner, Johann David;Jung, Johann Adam",1699-1731,Folio,,Geschichte,,,ger,,,HAB,"M: Ge 2° 4","“ELISABETH SOPHIA MARIA. Verwittwete HERZOGINN ZU BR. U. LUN:” (Band 2-5)",,,,,,,1,"Teil 1-5",,,,http://opac.lbs-braunschweig.gbv.de/DB=2/XMLPRS=N/PPN?PPN=138236321,
weltwissen26,,,,4V1,"Histoire d’Angleterre d’ecosse, et d’Irlande","Histoire d'Angleterre, d'Écosse et d'Irlande","Histoire d'Angleterre, d'Écosse et d'Irlande",,,,,,,,,Rotterdam#getty7006792,,"Leers, Reinier",1697-1713,Folio,,Geschichte,,,fre,GBV,"124032788; 12403280X; 124032818; 124032826",,,,,,,,,,1,"Teil 1-4",,,,,
weltwissen27,,,,2V1,"Oeuvres de Nicolas Boileau Despreaux","Oeuvres de Nicolas Boileau Despreaux ...",Oeuvres,,,,,,,,,Amsterdam#getty7006952,,"Mortier, David",1718,Folio,,Literaturgeschichte;Geschichte,,,fre,,,HAB,"M: Lm 2° 2","“ELISABETH SOPHIA MARIA. Verwittwete HERZOGINN ZU BR. U. LUN:” (Band 1-2)",,,,,,,1,"Teil 1-2",,,,http://opac.lbs-braunschweig.gbv.de/DB=2/XMLPRS=N/PPN?PPN=151421129,"Altsignatur: P. I. e. 1-2"
weltwissen28,,,,2V1,"Annales des Provinces unies","Annales Des Provinces-Unies","Annales des Provinces-Unies",,,,,,,,,"den Haag#getty7006810",,"Le Vier, Charles",1719-1726,Folio,,Geschichte,,,fre,STCN,"202161811; 304655341",,,,,,,,,,1,"Von Exemplar M: Gp 2° 4 und Exemplar Schulenb. Gh 2° 2a jeweils nur Bd. 2 der Ausgabe vorhanden; vorhandenes vollständiges Exemplar mit Provenienz LR",,,,,
weltwissen29,,,,3V1,"Histoire de France depuis Faramond jusqu’au Regne de Louis le juiste. p.","Histoire de France, Depuis Faramond Jusqu'au Regne De Louis Le Juste","Histoire de France depuis Faramond jusqu'au regne de Louis le Juste",,,,,,,,,,,"Thierry, Denys II.;Guignard, Jean",1685,Folio,,Geschichte,,,fre,,,HAB,"M: Gk 2° 57",,,,,,,,1,"Teil 1-3",,,,http://opac.lbs-braunschweig.gbv.de/DB=2/XMLPRS=N/PPN?PPN=221768262,"Einziges Exemplar"
weltwissen30,,,,3V1,"Allgemeines Biblisches Lexicon","Allgemeines Biblisches Lexicon, Jn welchem nebst denen Namen, das Wesen derer Sachen, das ist, so weit davon in heiliger Schrifft Erwehnung geschiehet, ... Jn Alphabetischer Ordnung ... beschrieben ...","Allgemeines biblisches Lexicon",,,,,,,,,"Frankfurt am Main#getty7005293",,"Knoch, Friedrich Daniel;Waldau, Christian Friedrich",1730,Folio,,Theologie;Bibelkunde;Lexikographie,,,ger,,,HAB,"M: Tb 2° 23","“ELISABETH SOPHIA MARIA. Verwittwete HERZOGINN ZU BR. U. LUN:” (Band 1-3)",,,,,,,1,"Teil 1-3",,,,http://opac.lbs-braunschweig.gbv.de/DB=2/XMLPRS=N/PPN?PPN=151008906,"Altsignatur: M. e. 1-3 (gestrichen: L. b. 10-12)"
weltwissen31,,,,1,"Histoire Generale des Eglises Evangeliques des Vallees de Piemont, ou Vaudoises","Histoire Generale Des Eglises Evangeliques Des Vallees De Piemont; Ou Vaudoises","Histoire générale des églises évangeliques des vallées de Piemont ou Vaudoises",,,,,,,,,Leiden#getty7006809,,"Carpentier, Jean-Baptiste",1669,Folio,,Theologie;Kirchengeschichte,,,fre,,,HAB,"M: Tq 2° 28","“ELISABETH SOPHIA MARIA. Verwittwete HERZOGINN ZU BR. U. LUN:”",,,,,,,1,"Teil 1-2",,,,http://opac.lbs-braunschweig.gbv.de/DB=2/XMLPRS=N/PPN?PPN=150093276,"Altsignatur: K. b. 3 (gestrichen: K. b. 6); 1-2 in einem Band"
weltwissen32,,,,1,"Codex Dipplommaticus Quedlinburgensis","Codex Diplomaticvs Qvedlinbvrgensis","Codex diplomaticus Quedlinburgensis",,,,,,,,,"Frankfurt am Main#getty7005293",,"Möller, Reinhard Eustachius",1764,Folio,,Geschichte;Diplomatik;Kodikologie,,,lat,VD18,15240762,,,,,,,,,,1,,,,,,
weltwissen33,,,,1,"Concordantiae Bibliorum","Concordantiae Bibliorum, Das ist Biblische Concordantz und Verzeichnuß der Fürnembsten Wörter ...","Concordantiae bibliorum",,,,,,,,,"Frankfurt am Main#getty7005293",,"Ruland, Johann;Ruland, Nikolaus",1621,Folio,,Theologie;Bibelkunde,,,lat,,,HAB,"M: Tb 2° 1",,,,,,,,1,,,,,http://opac.lbs-braunschweig.gbv.de/DB=2/XMLPRS=N/PPN?PPN=53664098X,"Einziges Exemplar; Titelblatt beschädigt"
weltwissen34,,,,1,"[Herrn] Heinrich August Wilhelm ErbPrintz [von] Nassau Leichen-Predigten, Parentationes, [Ca]rmina pp.","Die unvergleichlich schöne Sieges-Palmen ...","Die unvergleichlich schöne Sieges-Palmen",,,,,,,,,Herborn#getty1039554,,"Andreae, Johann Nikolaus",1718,Folio,,Theologie;Geschichte,,,ger;lat,VD18,12893552,,,,,,,,,,1,"Exemplar ist Sammelband mit 11 Werken",,,,,
weltwissen35,,,,4V1,"Dictionnaire universel François, & Latin","Dictionnaire Universel François & Latin","Dictionnaire universel françois et latin",,,,,,,,,Trévoux#getty7009510,,"Ganeau, Etienne",1704,Folio,,Sprachwissenschaft;Lexikographie,,,fre;lat,GBV,"151912378; 593007417; 593007433; 151912386",,,,,,,,,,1,"Teil 1-4; Exemplar vermutlich Provenienz ESM (einziges Exemplar, Vorbesitz: Justus Christoph Böhmer)",,,,,
weltwissen36,,,,1,"Quatuordecim Tabulae Genealogicae, quibus exhibentur praecipuae Familiae hodiernorum Principum Imperii","Quatuordecim Tabulæ Genealogicæ, Quibus exhibentur Præcipuæ Familiæ Hodiernorum Principum Imperii","Quatuordecim tabulae genealogicae quibus exhibentur praecipuae familiae hodiernorum principum imperii",,,,,,,,,Tübingen#getty7004426,,"Cotta, Johann Georg;Reis, Johann Heinrich",1685,Folio,,Geschichte;Genealogie,,,lat,VD17,14:018375V,,,,,,,,,,1,,,,,,
weltwissen37,,,,2V1,"Francisci. Philippi. Florini Oeconomus prudens, & legalis. oder allgemeiner Klug- und Rechts-verständiger Haus-Vater","Francisci Philippi Florini ... Oeconomvs Prvdens Et Legalis. Oder Allgemeiner Klug- und Rechts-verständiger Haus-Vatter, bestehend Jn Neun Büchern ...","Oeconomus prudens et legalis oder allgemeiner Klug- und Rechts-verständiger Haus-Vatter",,,,,,,,,Nürnberg#getty7004334,,"Riegel, Christoph;Knorz, Johann Leonhard",1705,Folio,,Ökonomie;Landwirtschaft;Pädagogik,,,ger,VD18,10437002,,,,,,,,,,1,"Exemplar mit Provenienz LR (Buch 1-9 in 2 Bänden)",,,,,
weltwissen38,,,,5V1,"Histoire Generale de France, avec l’Estat de l’Eglise, et de l’Empire","Histoire Generale De France Avec L'Estat De L'Eglise Et De L'Empire","Histoire générale de France avec l'estat de l'église et de l'empire",,,,,,,,,Paris#getty7008038,,"Béchet, Denis;Billaine, Louis",1652-1663,Folio,,Geschichte;Kirchengeschichte;Staatswissenschaften,,,fre,,,HAB,"M: Gk 2° 25","“ELISABETH SOPHIA MARIA. Verwittwete HERZOGINN ZU BR. U. LUN:” (Band 1-5)",,,,,,,1,"Teil 1-8",,,,http://opac.lbs-braunschweig.gbv.de/DB=2/XMLPRS=N/PPN?PPN=180539590,"Altsignatur: P. I. b. 1-5"
weltwissen39,,,,1,"Cosmographey, Das ist: Beschreibung aller Länder, Herrschaften, und fürnemsten Städten des ganzen Erdtbodens pp.","Cosmographey: das ist, Beschreibung Aller Länder, Herrschafften vnd fürnemesten Stetten des gantzen Erdbodens, sampt jhren Gelegenheiten, Eygenschafften, Religion, Gebräuchen, Geschichten vnd Handtierungen, &c.","Cosmographey, das ist Beschreibung aller Länder, Herrschaften und fürnemsten Stetten des ganzen Erdtbodens ...",,,,,,,,,Basel#getty7007269,,"Henricpetri, Sebastian;Henricpetri, Sixtus",1598,Folio,,Geographie;Topographie,,,ger,,,HAB,"A: 5.2.1 Geogr. 2°","“ELISABETH SOPHIA MARIA. Verwittwete HERZOGINN ZU BR. U. LUN:”",,,,,,,1,,,,,http://opac.lbs-braunschweig.gbv.de/DB=2/XMLPRS=N/PPN?PPN=139308318,
weltwissen40,,,,1,"Historische Stamm-Tafeln der Kayserlichen Königlichen und Fürstlichen Geschlechter","Historische Stamm-Tafeln Der Käyserlichen, Königl. und Fürstlichen Geschlechte, Welche in denen Europäischen Ländern, nach dem Verfall der Römischen Monarchie biß gegenwärtige Zeit, regieret haben","Historische Stamm-Tafeln der kayserlichen, königl. und fürstlichen Geschlechte, welche in denen europäischen Ländern nach dem Verfall der Römischen Monarchie biß gegenwärtige Zeit regieret haben",,,,,,,,,"Frankfurt am Main#getty7005293",Leipzig#getty7012329,"Lipper, Johann Georg",1701,Folio,,Geschichte;Genealogie,,,ger,VD18,14606291,,,,,,,,,,1,,,,,,
weltwissen41,,,,1,"L’Histoire de la Decadence de l’Empire Grec &c.","L'Histoire de la décadence de l'empire grec, et establissement de celuy des Turcs","L'Histoire de la décadence de l'empire grec et establissement de celui des Turcs",,,,,,,,,,,"Guillemot, Mathieu III.;Guillemot, Marie",1632,Folio,,Geschichte;Altertumskunde,,,fre,,,HAB,"M: Gv 2° 24","“ELISABETH SOPHIA MARIA. Verwittwete HERZOGINN ZU BR. U. LUN:”",,,,,,,1,,,,,http://opac.lbs-braunschweig.gbv.de/DB=2/XMLPRS=N/PPN?PPN=151627401,"Altsignatur: P. I. e. 3; Erscheinungsjahr auf dem Titelblatt beschädigt"
weltwissen42,,,,3V1,"Oeuvres diverses de Mons. Arnauld d’Andilly","Oevvres Diverses De Monsievr Arnavld D'Andilly","Oeuvres diverses",,,,,,,,,Paris#getty7008038,,"LePetit, Pierre",1675,Folio,,Theologie;Religionsgeschichte,,,fre,,,HAB,"M: Lm 2° 1","“ELISABETH SOPHIA MARIA. Verwittwete HERZOGINN ZU BR. U. LUN:"" (Band 3)",,,,,,,1,"Teil 1-3",,,,http://opac.lbs-braunschweig.gbv.de/DB=2/XMLPRS=N/PPN?PPN=150747659,
weltwissen43,,,,1,"Les Oeuvres de Sainte Therese","Les Oeuvres de Sainte Therérèse",Oeuvres,,,,,,,,,Paris#getty7008038,,"LePetit, Pierre",1670,Folio,,Theologie;Religionsgeschichte,,,fre,,,HAB,"M: Lm 2° 27",,,,,,,,1,,,,,http://opac.lbs-braunschweig.gbv.de/DB=2/XMLPRS=N/PPN?PPN=151816689,"Einziges Exemplar"
weltwissen44,,,,1,"Memoires, & Negociations secretes de la Cour de France touchant la Paix de Münster","Memoires Et Negociations Secretes De La Cour de France, Touchant La Paix De Munster ...","Mémoires et négociations secrètes de la cour de France touchant la paix de Münster",,,,,,,,,Amsterdam#getty7006952,,"Chatelain, Zacharias;Chatelain, Isaac Samuel",1710,Folio,,Geschichte,,,fre,GBV,140348581,,,,,,,,,,1,,,,,,
weltwissen45,,,,2V1,"Franc. Phil: Florini Oeconomus prudens, et legalis continuatus. oder grosser Herren Standes, und Adelicher Haus Vater","Francisci Philippi Florini Oeconomvs Prvdens Et Legalis Continvatvs. Oder Grosser Herren Stands Und Adelicher Haus-Vatter ...","Oeconomus prudens et legalis continuatus oder grosser Herren Stands und adelicher Haus-Vatter",,,,,,,,,Nürnberg#getty7004334,,"Riegel, Susanna Magdalena;Adelbulner, Johann Ernst",1719,Folio,,Ökonomie;Landwirtschaft;Pädagogik,,,ger,,,HAB,"M: Oe 2° 12","“ELISABETH SOPHIA MARIA. Verwittwete HERZOGINN ZU BR. U. LUN:"" (Band 1)”",,,,,,,1,"Buch 1-5 in 2 Bänden",,,,http://opac.lbs-braunschweig.gbv.de/DB=2/XMLPRS=N/PPN?PPN=184217407,
weltwissen46,,,,1,"Die Gesezmässigkeit der Religions-Versicherung, welche des Herren Erb-Printzens Friederich zu Hessen-Cassel. Durchlaucht nach dero Übertrit zu der Röm: Kirche von sich gestellet","Die Gesetzmäßigkeit der Religions-Versicherung, welche des Herrn Erb-Prinzens Friedrichs zu Hessen-Cassel Hochfürstliche Durchlaucht, nach Dero Uebertritt zu der Römischen Kirche, den 28ten Octobris 1754. von Sich gestellet, gegen die sogenannte Gesetz- und Vernunfft-Schlüsse, nach Anleitung der Göttlichen- Natürlichen- Völker- und Teutschen Reichs-Rechte, der Analogie ähnlicher Fälle, und der Catholischen eigenen Grund-Sätze, erwiesen und vertheidiget","Die Gesetzmäßigkeit der Religions-Versicherung, welche Friedrichs zu Hessen-Cassel Durchlaucht nach Uebertritt zu der Römischen Kirche von sich gestellet, gegen die sogenannte Gesetz- und Vernunfft-Schlüsse erwiesen und vertheidiget",,,,,,,,,,,,1756,Folio,,Theologie;Kirchengeschichte;Rechtswissenschaft,,,ger,VD18,10224513,,,,,,,,,,1,,,,,,
weltwissen47,,,,1,"Concordantz über die ganze Heilige Schrift nach Dolmetschung D. M. Luthers","Concordantz vnd Zeiger Vber die gantze heilige Biblische schrifft deß Alten vnd Neuwen Testaments ...","Concordantz und Zeiger uber die gantze heilige biblische Schrifft deß Alten und Neuwen Testaments",,,,,,,,,"Frankfurt am Main#getty7005293",,"Feyerabend, Hieronymus;Rab, Georg",1571,Folio,,Theologie;Bibelkunde,,,ger,VD16,"G 669",,,,,,,,,,1,"Teil 1-5",,,,,
weltwissen48,,,,4V1,"Les Oeuvres morales, et meslées de Plutargue","Les Œuvres Morales Et Meslées De Plvtarqve","Les oeuvres morales et meslées",,,,,,,,,Paris#getty7008038,,"Robinot, Antoine lI.",1645,Folio,,Philosophie;Literaturgeschichte;Altertumskunde,,,fre,,,HAB,,,,,,,,,1,"4 Teile; 3-4 ist: ""Les Hommes Illvstres Grecs Et Romains ...""",,,,,"Altsignatur: P. I. c. 3-6; Bandbezeichnungen auf den Buchrücken ""Vol: I."", ""Vol: II."", ""Vol: III."", ""Vol: IV."""
weltwissen49,,,,3V1,"Braunschweig-Lüneburgische Chronica von Philip. Julio. Rethmejer","Braunschweig-Lüneburgische Chronica, Oder: Historische Beschreibung der Durchlauchtigsten Herzogen zu Braunschweig und Lüneburg, Wie dieselben anfänglich aus den Fürstlichen Häusern Este und Sachsen ihren Ursprung genommen ...","Braunschweig-Lüneburgische Chronica",,,,,,,,,Braunschweig#getty7004434,,"Detleffsen, Detlef;Keitel, Arnold Jacob",1722,Folio,,Geschichte;Genealogie,,,ger;lat,GBV,"147517958; 147517966; 147517974",,,,,,,,,,1,"Teil 1-3; vermutlich Provenienz ESM: M: Gn 4° 328 (Einband; Titelschild)",,,,,
weltwissen50,,,,1,"L’Imposture de la Marquise Charlotte de Mailly de Nesle, et de son Fils adulterin Maximilien Guillaume Adolphe p.","L'Imposture De La Marqvise Charlotte De Mailly De Nesle Et De Son Fils Adulterin Maximilien Guillaume Adolphe Exposée Aux Yeux Du Public Par Un Grand Nombre De Pieces Avthentiqves","L'imposture de la marquise Charlotte de Mailly de Nesle et de son fils adultérin Maximilien Guillaume Adolphe exposée aux yeux du public par un grand nombre de pièces authentiques",,,,,,,,,Herborn#getty1039554,,"Regelein, Christoph Michael",1756,Folio,,Geschichte,,,fre,,,,"M: Db 2° 35",,,,,,,,1,,,,,http://opac.lbs-braunschweig.gbv.de/DB=2/XMLPRS=N/PPN?PPN=14261548X,"Altsignatur: F. d."
weltwissen51,,,,2V1,"Histoire d’Angleterre","Histoire D'Angleterre, D'Escosse, Et D'Irlande ...","Histoire d'Angleterre, d'Escosse et d'Irlande",,,,,,,,,Paris#getty7008038,,"Jolly, Thomas",1666,Folio,,Geschichte,,,fre,,,HAB,"M: Gr 2° 12","“ELISABETH SOPHIA MARIA. Verwittwete HERZOGINN ZU BR. U. LUN:” (Band 1-2)",,,,,,,1,"Teil 1-2",,,,http://opac.lbs-braunschweig.gbv.de/DB=2/XMLPRS=N/PPN?PPN=151569258,
weltwissen52,,,,1,"Les Oeuvres de Tacite","Les Oeuvres de C. Tacite","Les oeuvres",,,,,,,,,Paris#getty7008038,,"Dugast, Jacques",1636,Folio,,Geschichte;Altertumskunde,,,fre,,,HAB,"M: Lh 2° 31","“ELISABETH SOPHIA MARIA. Verwittwete HERZOGINN ZU BR. U. LUN:”",,,,,,,1,,,,,http://opac.lbs-braunschweig.gbv.de/DB=2/XMLPRS=N/PPN?PPN=151325782,"Altsignatur: B. d. 5"
weltwissen53,,,,1,"M. Christ. Scrivers Seelen-Schatz","M. Christian Scrivers, Fürstl. Sächs. Ober-Hof-Predigers und Consistorial-Raths zu Qvedlinburg, Seelen-Schatz Darinn Von der menschlichen Seelen hohen Würde, tieffen und kläglichen Sünden-Fall, Busse und Erneuerung durch Christum, ... gehandelt wird ...",Seelen-Schatz,,,,,,,,,Helmstedt#getty7005247,Magdeburg#getty7004456,"Süstermann, Johann Melchior;Seidel, Christoph;Hesse, Heinrich",1704,Folio,,Theologie,,,ger,,,HAB,"M: Th 2° 16","“ELISABETH SOPHIA MARIA. Verwittwete HERZOGINN ZU BR. U. LUN:”",,,,,,,1,"Teil 1-5; Registerband separat erfasst",,,,http://opac.lbs-braunschweig.gbv.de/DB=2/XMLPRS=N/PPN?PPN=15137421X,"Altsignatur: F. c. 8; Teil 1-4 in 3., Teil 5 in 2. Auflage"
weltwissen54,,,,2V1,"Heinr. Anselm von Ziegeler Historisches Labyrinth der Zeit","Heinrich Anshelms von Ziegler und Kliphausen, Churfl. Sächsischen Raths und Assessoris des hohen Stiffts Meißen zu Wurtzen Historisches Labyrinth der Zeit, Darinnen Die denckwürdigsten Welt-Händel ...","Historisches Labyrinth der Zeit",,,,,,,,,Leipzig#getty7012329,,"Gleditsch, Johann Friedrich",1701,Folio,,Geschichte;Genealogie,,,ger,VD18,14802503,,,,,,,,,,1,"Teil 1-2; Exemplar mit Provenienz LR",,,,,
weltwissen55,,,,1,"Histoire des Comtes de Poictou p.","Histoire Des Comtes De Poictov, Et Dvcs De Gvyenne","Histoire des comtes de Poictou et ducs de Guyenne",,,,,,,,,Paris#getty7008038,,"Bertault, Robert",1647,Folio,,Geschichte;Genealogie,,,fre;lat,,,HAB,"M: Gk 2° 6","“ELISABETH SOPHIA MARIA. Verwittwete HERZOGINN ZU BR. U. LUN:”",,,,,,,1,,,,,http://opac.lbs-braunschweig.gbv.de/DB=2/XMLPRS=N/PPN?PPN=15005291X,"Altsignatur: G. b."
weltwissen56,,,,2V1,"Summarien, oder gründtliche Auslegung über die ganze heilige Schrift","Summarien Oder gründliche Auslegung Uber die gantze Heil. Schrifft Alten und Neuen Testaments, Wie auch Uber die so genannten Apocrypha, Samt nützlicher Unterweisung zum heilsamen Gebrauch im Glauben, Leben und Leiden ...","Summarien oder gründliche Auslegung uber die gantze Heil. Schrifft Alten und Neuen Testaments",,,,,,,,,Leipzig#getty7012329,,"Gleditsch, Johann Gottlieb",1721,Folio,,Theologie;Bibelkunde,,,ger,,,HAB,"M: Tc 2° 16","“ELISABETH SOPHIA MARIA. Verwittwete HERZOGINN ZU BR. U. LUN:” (Band 1-2)",,,,,,,1,,,,,http://opac.lbs-braunschweig.gbv.de/DB=2/XMLPRS=N/PPN?PPN=356669017,"Altsignatur: N. e. 5-6; Vorbesitz: Rudolf Anton Seidensticker"
weltwissen57,,,,2V1,"Postilla, das ist: Auslegung der Sonntags Evangelien durchs ganze Jahr","Postilla, Das ist: Geistreiche Erklärung Der Evangelischen Texte, durchs gantze Jahr, auff alle Sonn- Hohe- und andere Fest- und Apostel-Tage","Postilla, das ist: geistreiche Erklärung der evangelischen Texte durchs gantze Jahr auff alle Sonn-, Hohe- und andere Fest- und Apostel-Tage",,,,,,,,,"Frankfurt am Main#getty7005293",,"Zunner, Johann David",1675,Folio,,Theologie,,,ger,,,HAB,"M: Th 2° 5",,,,,,,,1,"Teil 1-2",,,,http://opac.lbs-braunschweig.gbv.de/DB=2/XMLPRS=N/PPN?PPN=536845786,"Altsignatur: M. e. 4-5"
weltwissen58,,,,1,"Summarjen, und Biblische Auslegung","Summarien Und Biblische Außlegung, Darinnen Nicht allein ein jedes Buch und Capitel der Bibel richtig verfasset und getheilet, sondern auch der Nutz darauß an L. Lehr. B. Besserung. T. Trost. W. Warnung. ... gezeiget ...","Summarien und biblische Außlegung",,,,,,,,,Wolfenbüttel#getty7005253,,"Bißmarck, Kaspar Johann",1681,Folio,,Theologie;Bibelkunde,,,ger,VD17,23:660418D,,,,,,,,,,1,,,,,,
weltwissen59,,,,1,"Histoire du Ministere d’Armand Jeann du Plessis Cardinal Duc de Richelieu","Histoire Dv Ministere D'Armand Iean Dv Plessis Cardinal Dvc De Richeliev, Sovs Le Regne De Lovys Le Ivste, XIII. Dv Nom, Roy De France Et De Navarre","Histoire du Ministère d'Armand Jean Du Plessis, cardinal duc de Richelieu, sous le règne de Louys le Juste",,,,,,,,,Paris#getty7008038,,"Alliot, Gervais",1649,Folio,,Geschichte;Genealogie,,,fre,GBV,22615940X,,,,,,,,,,1,"Exemplar mit Provenienz FA",,,,,
weltwissen60,,,,1,"Fürstliche Leichen Predigt, Parentation, und Carmina auf den Todt Herren August Friederich Herzog zu Braunschweig, und Lüneburg","Himlische Hochzeit-Freude und Ehren-Schmuck Einer Gläubigen mit Gott verlobten Seele","Himlische Hochzeit-Freude und Ehren-Schmuck einer gläubigen mit Gott verlobten Seele",,,,,,,,,Wolfenbüttel#getty7005253,,"Weiß, Paul",1677,Folio,,Theologie,,,ger,VD17,1:023361Q,,,,,,,,,,1,"Enthält 3 Werke; Erscheinungsjahr nach Angabe im Titel",,,,,
weltwissen61,,,,3V1,"Johann Arndts sämtliche Schriften","Des Hoch-Erleuchteten Johann Arndens geistreicher Schriften und Wercke ... Theil","Geistreiche Schriften und Wercke",,,,,,,,,Leipzig#getty7012329,Görlitz#getty7012813,"Marche, Christian Gottfried",1734-1736,Folio,,Theologie,,,ger,,,HAB,"M: Th 2° 1","“ELISABETH SOPHIA MARIA. Verwittwete HERZOGINN ZU BR. U. LUN:” (Band 1-3)",,,,,,,1,"Teil 1-3",,,,http://opac.lbs-braunschweig.gbv.de/DB=2/XMLPRS=N/PPN?PPN=150748477,"Altsignatur: L. c. 4-6"
weltwissen62,,,,1,"Arndts Geistreiche Psalmen, und Cathechismus Erklärung","Der gantze Psalter Davids, Des H. Königs und Propheten, In 462. Predigten außgelegt und erklärt ...","Der gantze Psalter Davids, des h. Königs und Propheten, in 462. Predigten außgelegt und erklärt ...",,,,,,,,,"Frankfurt am Main#getty7005293",,"Zunner, Johann David;Görlin, Johann",1701,Folio,,Theologie,,,ger,,,HAB,"M: Th 2° 3","“ELISABETH SOPHIA MARIA. Verwittwete HERZOGINN ZU BR. U. LUN:”",,,,,,,1,,,,,http://opac.lbs-braunschweig.gbv.de/DB=2/XMLPRS=N/PPN?PPN=41246876X,"Altsignatur: L. c. 3"
weltwissen63,,,,2V1,"Justi Gesenii Epistel-Predigten durchs ganze Jahr","Iusti Gesenii SS. Theol: Doctoris. Epistel-Predigten auff die Sonn- Fest- und Apostel-Tage durchs gantze Jahr","Epistel-Predigten auff die Sonn-, Fest- und Apostel-Tage durchs gantze Jahr",,,,,,,,,Braunschweig#getty7004434,,"Zilliger, Christoph Friedrich;Gruber, Kaspar",1671-1672,Folio,,Theologie,,,ger,VD17,"23:658847U; 23:626972N; 23:626975L; 23:626977A",,,,,,,,,,1,"Teil 1-4",,,,,
weltwissen64,,,,1,"Apostolische Schluß-Kette. oder Auslegung der gewöhnlichen Sonn und Fest-Tags Episteln","Apostolische Schluß-Kette, Und Krafft-Kern, Oder Gründliche Auslegung der gewöhnlichen Sonn- und Fest-Tags-Episteln ...","Apostolische Schluß-Kette und Krafft-Kern oder gründliche Auslegung der gewöhnlichen Sonn- und Fest-Tags-Episteln",,,,,,,,,"Frankfurt am Main#getty7005293",,"Wust, Balthasar Christoph",1671,Folio,,Theologie,,,ger,,,HAB,"M: Th 2° 11","“ELISABETH SOPHIA MARIA. Verwittwete HERZOGINN ZU BR. U. LUN:”",,,,,,,1,,,,,http://opac.lbs-braunschweig.gbv.de/DB=2/XMLPRS=N/PPN?PPN=535595476,
weltwissen65,,,,4V1,"Le Monde, ou la Description generale de ses quatre Parties","Le Monde Ou La Description Generale De Ses Qvatre Parties ...","Le monde ou la description générale de ses quatre parties",,,,,,,,,Paris#getty7008038,,"Sonnius, Claude",1637,Folio,,Geographie;Geschichte;Naturwissenschaft;Kulturgeschichte,,,fre,SUDOC,117855871,,,,,,,,,,1,"Teil 1-7; Exemplar mit Provenienz Baudis",,,,,
weltwissen66,,,,1,"Magnalia Dei, das ist: die grossen Thaten Gottes p.","De Jesu, Scripturæ nucleô & medullâ, Magnalia Dei. Das ist: Die grossen Thaten Gottes ...","De Iesu scripturae nucleo et medulla Magnalia Dei, das ist: die grossen Thaten Gottes",,,,,,,,,Leipzig#getty7012329,,"Fritsch, Johann;Johann Bauers Witwe",1678,Folio,,Theologie;Bibelkunde,,,ger,VD17,"547:630982W; 547:630985U",,,,,,,,,,1,"Teil 1-2",,,,,
weltwissen67,,,,1,"Ungarische Chronica","Vngerische Chronica. Das ist Ein grundtliche beschreibung deß aller mächtigsten vnd gewaltigsten Königreichs Vngern ...","Ungerische Chronica, das ist: ein grundtliche Beschreibung deß aller mächtigsten und gewaltigsten Königreichs Ungern",,,,,,,,,"Frankfurt am Main#getty7005293",,"Feyerabend, Sigmund;Schmidt, Peter",1581,Folio,,Geschichte,,,ger,VD16,"B 6598",,,,,,,,,,1,,,,,,
weltwissen68,,,,21V1,"Theatrum Europaeum ... ite Theatri Europaei Jubilaeum","Theatri Evropæi, Das ist: Historischer Chronick, Oder Warhaffter Beschreibung aller fürnehmen und denckwürdigen Geschichten ...","Theatri Europaei, das ist: historischer Chronick oder warhaffter Beschreibung aller fürnehmen und denckwürdigen Geschichten",,,,,,,,,"Frankfurt am Main#getty7005293",,"Merian, Matthaeus;Hoffmann, Wolfgang",1643-1718,Folio,,Geschichte;Kulturgeschichte,,,ger,VD17,"23:301070P; 3:302391E; 23:301077S; 23:301083T; 23:233981T; 23:233992G; 23:234033F; 23:233997V; 23:234048A; 23:234051D; 23:234057Z",HAB,"M: Ge 4° 54","“ELISABETH SOPHIA MARIA. Verwittwete HERZOGINN ZU BR. U. LUN:” (Band 12-21)",,,,,,,1,"Teil 1-21; Exemplar A: 70 Hist. 2° ab Teil 5, Exemplar M: Ge 4° 55 und Exemplar Schulenb. Gc 2° teilweise vorhanden",,,,http://opac.lbs-braunschweig.gbv.de/DB=2/XMLPRS=N/PPN?PPN=535523246,"Bd. 1-11 mit Provenienz FA"
weltwissen69,,,,2V1,"Histoire Romaine depuis la Fondation de Rome","Histoire Romaine, Depvis La Fondation De Rome","Histoire Romaine depuis la fondation de Rome",,,,,,,,,Paris#getty7008038,,"Sonnius, Claude",1638,Folio,,Geschichte;Kulturgeschichte;Altertumskunde,,,fre,,,HAB,"Xd 2° 78","“ELISABETH SOPHIA MARIA. Verwittwete HERZOGINN ZU BR. U. LUN:” (Band 1-2)",,,,,,,1,"Teil 1-2",,,,http://opac.lbs-braunschweig.gbv.de/DB=2/XMLPRS=N/PPN?PPN=140942467,"Altsignatur: L. c. 3-4"
weltwissen70,,,,1,"Chronica Carionis von Anfang der Welt, Bis uff Keyser Carolum den fünften","Chronica Carionis. Von anfang der Welt, bis vff Keiser Carolum den Fünfften","Chronica Carionis von Anfang der Welt bis uff Keiser Carolum den Fünfften",,,,,,,,,Wittenberg#getty7012349,,"Lufft, Hans",1578,Folio,,Geschichte;Chronologie;Kulturgeschichte;Altertumskunde,,,ger,VD16,"M 2729",,,,,,,,,,1,,,,,,
weltwissen71,,,,1,"Das grosse Martyr-Buch, und Kirchen-Historie pp.","Das Grosse Martyr-Buch, und Kirchen-Historien: Worinnen herrliche und in Gottes Wort gegründete Glaubens-Bekäntnissen ... sampt andern denckwürdigen Reden und Thaten vieler heiligen Märtyrer beschrieben werden ...","Das grosse Martyr-Buch und Kirchen-Historien",,,,,,,,,Bremen#getty7005286,,"Brauer, Hermann",1682,Folio,,Theologie;Religionsgeschichte;Kulturgeschichte,,,ger,,,HAB,"M: Tn 2° 6","“ELISABETH SOPHIA MARIA. Verwittwete HERZOGINN ZU BR. U. LUN:”",,,,,,,1,,,,,http://opac.lbs-braunschweig.gbv.de/DB=2/XMLPRS=N/PPN?PPN=535999380,"Altsignatur: L. e. 14"
weltwissen72,,,,1,"Hell-leuchtender Schrift, und Stern-Himmel oder Biblische Real Concordantz","Hell-leuchtender Schrifft- und Stern-Himmel Oder biblische Real-Concordantz ...","Hell-leuchtender Schrifft- und Stern-Himmel oder biblische Real-Concordantz",,,,,,,,,Leipzig#getty7012329,Stettin#getty7007809,"Gleditsch, Johann Friedrich;Plener, Johann Adam",1706,Folio,,Theologie;Bibelkunde,,,ger,,,HAB,"M: Tb 2° 16",,,,,,,,1,"Teil 1-2",,,,http://opac.lbs-braunschweig.gbv.de/DB=2/XMLPRS=N/PPN?PPN=150638183,"Provenienz ESM (einziges Exemplar; Abdruck des entfernten Wappenexlibris und Spuren der ausradierten Altsignatur erhalten; Titelschild)"
weltwissen73,,,,3V1,"Ant: du Verdier Prosopographie ou Description des Hommes illustres","Prosopographie, Ov Description Des Hommes Illvstres, Et Avtres Renommez","Prosopographie ou description des hommes illustres et autres renommés",,,,,,,,,Lyon#getty7008772,,"Frellon, Paul",1604,Folio,,Geschichte;Genealogie,,,fre,,,HAB,"Wt 4° 53","“ELISABETH SOPHIA MARIA. Verwittwete HERZOGINN ZU BR. U. LUN:” (Band 1-2)",,,,,,,1,,,,,http://opac.lbs-braunschweig.gbv.de/DB=2/XMLPRS=N/PPN?PPN=139671080,
weltwissen74,,,,1,"Pauli Aemilii, und Arnoldi Ferroni Französische Historien","Paüli Aemilij vnd Arnoldj Ferronj Der Kön. May. in Franckreich, Parlament-Rahts, Frantzösischer vnd anderer Nationen ...","Der Kön. May. in Frankreich Parlament-Rahts frantzösischer und anderer Nationen",,,,,,,,,Basel#getty7007269,,"Henricpetri, Sebastian",1574,Folio,,Geschichte;Genealogie,,,ger,VD16,"ZV 4985",,,,,,,,,,1,"Exemplar vermutlich Provenienz ESM (einziges Exemplar; Titelschild)",,,,,
weltwissen75,,,,1,"Die alten Jüdischen Heiligthümer","Die Alten Jüdischen Heiligthümer, Gottesdienste und Gewohnheiten ...","Die alten jüdischen Heiligthümer, Gottesdienste und Gewohnheiten",,,,,,,,,Hamburg#getty7005289,Rudolstadt#getty7012862,"Liebernickel, Gottfried;Urban, Heinrich",1704,Folio,,Geschichte;Religionsgeschichte;Kulturgeschichte,,,ger,,,HAB,"M: Gv 4° 93","“ELISABETH SOPHIA MARIA. Verwittwete HERZOGINN ZU BR. U. LUN:”",,,,,,,1,,,,,http://opac.lbs-braunschweig.gbv.de/DB=2/XMLPRS=N/PPN?PPN=150370709,"Altsignatur: N. e. 13"
weltwissen76,,,,1,"Inventaire General de l’Histoire de France depuis Pharamond jusques à Present","Inventaire General De L'Histoire De France. Depuis Pharamond iusques à present","Inventaire général de l'histoire de France depuis Pharamond jusques à présent",,,,,,,,,Paris#getty7008038,,"Gasse, Nicolas",1631,Folio,,Geschichte;Genealogie,,,fre,,,HAB,"M: Gk 2° 68","“ELISABETH SOPHIA MARIA. Verwittwete HERZOGINN ZU BR. U. LUN:”",,,,,,,1,,,,,http://opac.lbs-braunschweig.gbv.de/DB=2/XMLPRS=N/PPN?PPN=232448671,"Altsignatur: L. c. 1"
weltwissen77,,,,1,"Histoire des Martyrs persecutez, et mis à mort pour la Verité de l’Evangile depuis le temps des Apostres jusques à present","Histoire Des Martyrs, Persecvtez Et Mis A mort pour la verité de l’Euangile, depuis le temps des Apostres iusques à present","Histoire des martyrs persecutez et mis à mort pour la vérité de l'Evangile depuis le temps des apostres jusques à présent",,,,,,,,,Genf#getty7007279,,"Marceau, Paul",1608,Folio,,Theologie;Religionsgeschichte;Geschichte,,,fre,,,HAB,"M: Tn 4° 19","“ELISABETH SOPHIA MARIA. Verwittwete HERZOGINN ZU BR. U. LUN:”",,,,,,,1,,,,,http://opac.lbs-braunschweig.gbv.de/DB=2/XMLPRS=N/PPN?PPN=151541027,"Altsignatur: L. c. 5"
weltwissen78,,,,1,"Der Europaeischen Reiche, und Fürstenthümer Historische, und Genealogische Erläuterung","Der Europäischen Reiche Und Fürstenthümer Historische und Genealogische Erläuterung ...","Der europäischen Reiche und Fürstenthümer historische und genealogische Erläuterung",,,,,,,,,Lüneburg#getty7004436,,"Lipper, Johann Georg",1695,Folio,,Geschichte;Genealogie,,,ger,VD17,12:659294A,,,,,,,,,,1,,,,,,
weltwissen79,,,,1,"Theatrum Ceremoniale historico politicum, oder Historisch Politischer Schauplatz aller Ceremonien, welche an Höfen vorkommen p.","Theatrum Ceremoniale Historico-Politicum, Oder Historisch- und Politischer Schau-Platz Aller Ceremonien, Welche bey ... Wahlen und Crönungen ... beobachtet worden ...","Theatrum ceremoniale historico-politicum oder historisch- und politischer Schau-Platz aller Ceremonien ...",,,,,,,,,Leipzig#getty7012329,,"Weidmann, Moritz Georg",1719,Folio,,Geschichte;Kulturgeschichte,,,ger,GBV,136940390,,,,,,,,,,1,"Teil 1 des dreiteiligen Werkes",,,,,
weltwissen80,,,,1,"Kirchen Postilla, das ist Auslegung der Episteln, und Evangelien durchs ganze Jahr","KirchenPostilla das ist: Auslegung der Episteln vnd Euangelien, an Sontagen und fürnemesten Festen, durchs gantze Jar","Kirchenpostilla, das ist Auslegung der Episteln und Evangelien an Sontagen und fürnemesten Festen durchs gantze Jar",,,,,,,,,Wittenberg#getty7012349,,"Lufft, Hans",1575,Folio,,Theologie,,,ger,,,HAB,"M: Li 4° 322","“ELISABETH SOPHIA MARIA. Verwittwete HERZOGINN ZU BR. U. LUN:”",,,,,,,1,"Teil 1-3",,,,http://opac.lbs-braunschweig.gbv.de/DB=2/XMLPRS=N/PPN?PPN=151852200,"1-3 in einem Band"
weltwissen81,,,,1,"Papistische Inquisition (Geo: Nigrini) und gülden Flüß der Römischen Kirchen","Papistische Jnquisition vnd gulde[n] Flüs der Römischen Kirchen. Das ist. Historia vnd ankunft der Römischen Kirchen, vnd sonderlich vom Antichristischen wesen","Papistische Inquisition und gulden Flüs der Römischen Kirchen ...",,,,,,,,,Straßburg#getty7012346,,"Jobin, Bernhard",1582,Folio,,Theologie;Kirchengeschichte,,,ger,,,HAB,"A: 193.1 Theol. 2°","“ELISABETH SOPHIA MARIA. Verwittwete HERZOGINN ZU BR. U. LUN:”",,,,,,,1,,,,,http://opac.lbs-braunschweig.gbv.de/DB=2/XMLPRS=N/PPN?PPN=150442718,
weltwissen82,,,,1,"Histoire de Portugal","Histoire De Portvgal, Contenant Les Entreprises, nauigations, & gestes memorables des Portugallois ...","Histoire de Portugal",,,,,,,,,Genf#getty7007279,,"Estienne, François;Chuppin, Antoine",1581,Folio,,Geschichte,,,fre,SUDOC,042750415,,,,,,,,,,1,,,,,,
weltwissen83,,,,1,"Gesnerus redivius, auctus, & emendatus. oder allgemeines Thier-Buch","Gesnerus Redivivus auctus & emendatus. Oder: Allgemeines Thier-Buch, Das ist: Eigentliche und lebendige Abbildung Aller vierfüssigen ... Thieren ...","Redivivus auctus et emendatus oder allgemeines Thier-Buch",,,,,,,,,"Frankfurt am Main#getty7005293",,"Serlin, Wilhelm;Ilßner, Blasius",1669-1670,Folio,,Naturwissenschaft;Zoologie,,,ger,,,HAB,"M: Nh 2° 20",,,,,,,,1,"Teil 1-5",,,,http://opac.lbs-braunschweig.gbv.de/DB=2/XMLPRS=N/PPN?PPN=091778190,"Altsignatur: M. c. 15; 1-5 in einem Band; Sammelband enthält außerdem: Gesnerus De Serpentibus. Oder Schlangen-Buch (Frankfurt am Main [1671])"
weltwissen84,,,,37V1,"Grosses vollständiges Universal Lexicon aller Wissenschaften, und Künste","Grosses vollständiges Universal Lexicon Aller Wissenschafften und Künste, Welche bißhero durch menschlichen Verstand und Witz erfunden und verbessert worden","Grosses vollständiges Universallexicon aller Wissenschafften und Künste",,,,,,,,,Halle#getty1036898,Leipzig#getty7012329,"Zedler, Johann Heinrich",1732-1750,Folio,,Lexikographie;Wissenschaftskunde;Kunstgeschichte,,,ger,VD18,"10778438 (58 Bände: 1-18, 25-64)",HAB,"M: Ae 65","“ELISABETH SOPHIA MARIA. Verwittwete HERZOGINN ZU BR. U. LUN:” (Band 19-24)",,,,,,,1,"Teil 1-64",,,,http://opac.lbs-braunschweig.gbv.de/DB=2/XMLPRS=N/PPN?PPN=143025201,"1-64 in 37 Bänden"
weltwissen85,,,,1,"Sonn- und Fest-täglicher, wie auch wöchentlicher Kirchen-Redner über die Evangelia, Episteln, und Psalmen","Sonn- und fest-täglicher wie auch wöchentlicher Kirchen-Redner, über die Evangelia, Episteln und Psalmen: Oder Ordentlich- u. erbaulich-eingerichtete völlige Predigten über alle Sonn- u. Festtags-Evangelien","Sonn- und fest-täglicher wie auch wöchentlicher Kirchen-Redner über die Evangelia, Episteln und Psalmen",,,,,,,,,Leipzig#getty7012329,,"Gleditsch, Johann Ludwig;Weidmann, Moritz Georg",1716,Folio,,Theologie,,,ger,,,HAB,"M: Th 4° 19","“ELISABETH SOPHIA MARIA. Verwittwete HERZOGINN ZU BR. U. LUN:”",,,,,,,1,"Teil 1-2",,,,http://opac.lbs-braunschweig.gbv.de/DB=2/XMLPRS=N/PPN?PPN=151881197,"Altsignatur: II. Pil."
weltwissen86,,,,1,"Emmblematische Fürstellung der heiligen Sonn- und Fest-täglichen Episteln","Heilig-Epistolischer Bericht, Licht, Geleit, und Freud. Das ist: Emblematische Fürstellung, Der Heiligen Sonn- und Festtäglichen Episteln ...","Heilig-epistolischer Bericht, Licht, Geleit und Freud, das ist emblematische Fürstellung der heiligen sonn- und festtäglichen Episteln",,,,,,,,,Nürnberg#getty7004334,,"Endter, Johann Andreas",1663,Folio,,Theologie,,,ger,VD17,23:269038A,,,,,,,,,,1,,,,,,
weltwissen87,,,,1,"Herrn Mag. Christ. Scrivers Seelen-Schatzes Kern- und Stern, oder Register","Herrn M. Christian Scrivers, Fürstl. Sächs. Ober-Hoff-Predigers und Consistorial-Raths zu Quedlinburg Seelen-Schatzes Kern und Stern Oder ... Register ...","Seelen-Schatzes Kern und Stern oder Register",,,,,,,,,Helmstedt#getty7005247,Magdeburg#getty7004456,"Süstermann, Johann Melchior;Seidel, Christoph;Hesse, Heinrich",1704,Folio,,Theologie,,,ger,,,HAB,"M: Th 2° 16",,,,,,,,1,"Registerband; Hauptband (Teil 1-5) nach Altkatalog separat erfasst",,,,http://opac.lbs-braunschweig.gbv.de/DB=2/XMLPRS=N/PPN?PPN=151374244,"Altsignatur: M. e. 11"
weltwissen88,,,,1,"Successions-Sach von Hessen Philippsthal wieder Brandenburg Onolzbach","Summarische Gründe Der Gräflich-Saynischen Successions-Sach; Vor Heßen-Philippsthal, Wider Brandenburg-Onoltzbach","Summarische Gründe der gräflich-Saynischen Successions-Sach vor Heßen-Philippsthal wider Brandenburg-Onoltzbach",,,,,,,,,,,,1746-1750,Folio,,Rechtswissenschaft;Geschichte,,,ger,VD18,"10213899; 11434260; 13386778",HAB,"M: Gm 4° 409","“ELISABETH SOPHIA MARIA. VERWITTWETE HERZOGINN ZU BR. U. LUN:”",,,,,,,1,,,,,http://opac.lbs-braunschweig.gbv.de/DB=2/XMLPRS=N/PPN?PPN=144444712,"Sammelband mit 7 Werken; Altsignatur: M. c. 20"
weltwissen89,,,,1,"M. Joh. Coleri Oeconomia ruralis, & domestica. oder allgemeines Haus-Wirtschafts-Buch","Oeconomica Ruralis Et Domestica. Darin[n] das gantz Ampt aller trewer Hauß-Vätter und Hauß-Mütter, beständiges und allgemeines Hauß-Buch, vom Haußhalten, Wein- Acker- Gärten- Blumen- und Feld-Bau, begriffen","Oeconomia ruralis et domestica",,,,,,,,,"Frankfurt am Main#getty7005293",,"Zubrod, Johann Peter;Schönwetter, Johann Martin",1680,Folio,,Ökonomie;Landwirtschaft;Medizin,,,ger,,,HAB,"M: Oa 4° 2","“ELISABETH SOPHIA MARIA. VERWITTWETE HERZOGINN ZU BR. U. LUN:”",,,,,,,1,"Teil 1-2",,,,http://opac.lbs-braunschweig.gbv.de/DB=2/XMLPRS=N/PPN?PPN=535758499,"Altsignatur: D. 2. 6; 1-2 in einem Band"
weltwissen90,,,,1,"Fama Austriaca. das ist: Verzeichniss denkwürdiger Geschichten, hauptsächlich die böhmischen Unruhen betreffend","Fama Avstriaca. Das ist, Eigentliche Verzeichnuß denckwürdiger Geschichten, welche sich in den nechstverflossenen 16. Jahren hero biß auff vnd in das Jahr 1627. begeben haben","Fama Austriaca",,,,,,,,,Köln#getty7004446,,"Brachel, Peter von;Hogenberg, Anraham",1627,Folio,,Geschichte,,,ger,,,HAB,"M: Gm 4° 700","“ELISABETH SOPHIA MARIA. VERWITTWETE HERZOGINN ZU BR. U. LUN:”",,,,,,,1,,,,,http://opac.lbs-braunschweig.gbv.de/DB=2/XMLPRS=N/PPN?PPN=535938160,
weltwissen91,,,,1,"Ein außerlesne Chronika v. C. Jul. Cäsare bis auf Carolum Vten","Ein außerleßne Chronicka von C. Julio Cesare dem ersten, biß auff Carolum quintum diser zeit Rhömischen Keyser, auch von allen Orientischen oder Griechischen vnd Türckischen Keysern","Ein außerleßne Chronicka von C. Julio Cesare dem ersten biß auff Carolum quintum ...",,,,,,,,,Straßburg#getty7012346,,"Müller, Kraft",1541,Folio,,Geschichte;Genealogie;Altertumskunde,,,ger,VD16,"C 6480",,,,,,,,,,1,,,,,,
weltwissen92,,,,1,"Hof- Staats- und Regier-Kunst von Joh. Geo: Engelh. von Löhneys","Hof- Staats und Regier-Kunst, Bestehend in dreyen Büchern ...","Hof-, Staats und Regier-Kunst",,,,,,,,,"Frankfurt am Main#getty7005293",,"Ryssel, Gottfried von;Henning Grosse IV. Erben",1679,Folio,,,,,ger,VD17,23:270876U,,,,,,,,,,1,,,,,,
weltwissen93,,,,1,"Joh. Aventini Beyerische Chronika","Johannis Aventini Des Weitberümbten Hochgelehrten Beyerischen Geschichtschreibers Chronica, Darinn nicht allein deß ... Hauß Beyern ... Herkommen ..., sondern auch der ... Teutschen Vrsprung ... beschrieben ...",Chronica,,,,,,,,,"Frankfurt am Main#getty7005293",,"Jakob Fischer Erben",1622,Folio,,Geschichte;Genealogie,,,ger,,,HAB,"M: Gm 4° 68","“ELISABETH SOPHIA MARIA. VERWITTWETE HERZOGINN ZU BR. U. LUN:”",,,,,,,1,,,,,http://opac.lbs-braunschweig.gbv.de/DB=2/XMLPRS=N/PPN?PPN=091961866,"Altsignatur: A. b. 2"
weltwissen94,,,,1,"Anleitung zu gründlicher Verständniß der heiligen Offenbahrung Jesu Christi","Anleitung zu gründlicher Verständniß der Heiligen Offenbahrung Jesu Christi","Anleitung zu gründlicher Verständniß der heiligen Offenbahrung Jesu Christi",,,,,,,,,Magdeburg#getty7004456,,"Müller, Johann Daniel",1696,Folio,,Theologie,,,ger,,,HAB,"M: Td 4° 27","“ELISABETH SOPHIA MARIA. VERWITTWETE HERZOGINN ZU BR. U. LUN:”",,,,,,,1,,,,,http://opac.lbs-braunschweig.gbv.de/DB=2/XMLPRS=N/PPN?PPN=150995148,
weltwissen95,,,,1,"Theatrum Praecedentiae. Rang Streit, und Rang Ordnung von Zacharias Zwanzig"," Theatrvm Præcedentiæ, oder eines theils Illvstrer Rang-Streit, andern theils Illvstre Rang-Ordnung","Theatrum praecedentiae",,,,,,,,,"Frankfurt am Main#getty7005293",,"Fritsch, Thomas",1709,Folio,,Geschichte;Genealogie;Staatswissenschaften,,,ger,VD18,14782227,,,,,,,,,,1,"Teil 1-2; Exemplar M: Rq 4° 22 mit Provenienz Baudis",,,,,
weltwissen96,,,,1,"Des neu, und nie erhörten, doch in der Natur, und Vernunft wohl gegründeten Versuchs der Universal Vermehrung aller Bäume, Stauden, und Blumen-Gewächse","Neu- und nie erhörter Doch in der Natur und Vernunfft Wohlgegründeter Versuch Der Universal-Vermehrung Aller Bäume, Stauden, und Blumen-Gewächse","Neu und nie erhörter Versuch der Universal-Vermehrung aller Bäume, Stauden und Blumen-Gewächse",,,,,,,,,Regensburg#getty7013496,,"Peetz, Johann Conrad;Hofmann, Johann Georg",1716-1717,Folio,,Naturwissenschaft;Botanik,,,ger,GBV,"15020826X; 835236102",,,,,,,,,,1,"Teil 1-2; Exemplar mit Provenienz LR",,,,,
weltwissen97,,,,1,"Recessus Imperii. aller des Hl. R. R. gehaltenen Reichstäge Abschiede, und Satzungen pp.","Aller Deß Heiligen Römischen Reichs gehaltenen Reichs-Täge, Abschiede und Satzungen, Sambt andern Kays. und Königl. Constitutionen, Als Caroli IV. Güldene Bull ... betreffende Ordnungen und Satzungen, nebens dem Passauer Vertrag, Caroli V. Peinlichen Halß-Gerichts-Ordnung, Prager, Oßnabrückischer und Münsterischer Frieden-Schluß, Wie die vom Jahr 1356. biß in das 1654. auffgericht, erneuert und publicirt worden ...","Aller deß Heiligen Römischen Reichs gehaltenen Reichs-Täge Ordnungen",,,,,,,,,Mainz#getty7004449,,"Schönwetter, Johann Martin",1692,Folio,,Geschichte;Staatswissenschaften,,,ger,VD17,1:018622F,,,,,,,,,,1,"Exemplar mit Provenienz LR",,,,,
weltwissen98,,,,1,"Justi Gesenii SS.to Theologiae Doctoris Epistel-Predigten auf die Neben-Feste durchs ganze Jahr","Iusti Gesenii SS. Theol: Doctoris. Epistel-Predigten auff die Neben-Feste durchs gantze Jahr","Epistel-Predigten auff die Neben-Feste durchs gantze Jahr",,,,,,,,,Braunschweig#getty7004434,,"Zilliger, Christoph Friedrich;Gruber, Kaspar",1674,Folio,,Theologie,,,ger,VD17,23:626979R,,,,,,,,,,1,"Exemplar A: 30.3.2 Theol. 2° mit Provenienz LR",,,,,
weltwissen99,,,,1,"Petri Martyris Indianische Geschichte","Der Newenn Weldt vnd Indianischen Nidergängischen Königreichs, Newe vnd Wahrhaffte History, von allen Geschichten, Handlungen, Thaten ... Sampt von den gefährlichen Schiffarthen, Kriegen, Schlachten ...","Der newenn Weldt und indianischen Königreichs newe und wahrhaffte History",,,,,,,,,Basel#getty7007269,,"Henricpetri, Sebastian",1582-1583,Folio,,,,,ger,VD16,"B 1747",,,,,,,,,,1,"Teil 1-3",,,,,
