"Name","Address","Description","Longitude","Latitude","TimeStamp","TimeSpan:begin","TimeSpan:end","GettyID",""
"Stagira","Stagira","Stagira (Geburtsort von Aristoteles)","23.75159","40.53042","-384","","",""
"Paris","Paris","Paris (Geburtsort von Robert Estienne)","+002.348800","+048.853409","1503","","",""
"Rom","Rom","Rom (Sterbeort von Lucius Annaeus Seneca, Philosophus)","+012.483900","+041.894739","65","","",""
"Athen","Athen","Athen (Wirkungsort von Plato)","+023.716219","+037.979449","","","",""
"Athen","Athen","Athen (Geburtsort von Aristophanes)","+023.716219","+037.979449","-445","","",""
"Rethimnon","Rethimnon","Rethimnon (Geburtsort von Markos Musuros)","+024.471389","+035.364719","1470","","",""
"Rotterdam","Rotterdam","Rotterdam (Geburtsort von Desiderius Erasmus)","+004.479169","+051.922499","1469","","",""
"Paris","Paris","Paris (Geburtsort von Henri Estienne)","+002.348800","+048.853409","1531","","",""
"Athen","Athen","Athen (Geburtsort von Aristophanes)","+023.716219","+037.979449","-445","","",""
"Squillace","Squillace","Squillace (Geburtsort von Flavius Magnus Aurelius Cassiodorus)","+016.512200","+038.779479","490","","",""
"L'Aquila","L'Aquila","L'Aquila (Geburtsort von Mariangelo Accursio)","+013.399444","+042.350555","1489","","",""
"Certaldo","Certaldo","Certaldo (Geburtsort von Giovanni Boccaccio)","+011.040219","+043.547040","1313","","",""
"Straßburg","Straßburg","Straßburg (Geburtsort von Jakob Micyllus)","+007.745277","+048.583888","1503","","",""
"Neapel","Neapel","Neapel (Geburtsort von Alexander, ab Alexandro)","+014.250000","+040.833329","1461","","",""
"Paris","Paris","Paris (Wirkungsort von Gérard Morrhy)","+002.348800","+048.853409","","","",""
"N&uuml;rnberg-W&ouml;hrd","N&uuml;rnberg-W&ouml;hrd","N&uuml;rnberg-W&ouml;hrd (Geburtsort von Johann Funck)","11.09594","49.45423","1518","","",""
"Piadena","Piadena","Piadena (Geburtsort von Bartholomaeus Platina)","+010.371010","+045.128590","1421","","",""
"Athen","Athen","Athen (Geburtsort von Aristophanes)","+023.716219","+037.979449","-445","","",""
"Bologna","Bologna","Bologna (Wirkungsort von Carlo Sigonio)","+011.338888","+044.493888","","","",""
"Zaragoza","Zaragoza","Zaragoza (Geburtsort von Antonio Agustín)","-000.877340","+041.656059","1517","","",""
"Paris","Paris","Paris (Geburtsort von Henri Estienne)","+002.348800","+048.853409","1531","","",""
"Samosata, Syrien","Samosata, Syrien","Samosata, Syrien (Geburtsort von Lucianus, Samosatensis)","","","","","",""
"Ansbach","Ansbach","Ansbach (Sterbeort von Vincentius Opsopoeus)","+010.593055","+049.304722","1539","","",""
"Bologna","Bologna","Bologna (Wirkungsort von Carlo Sigonio)","+011.338888","+044.493888","","","",""
"Halikarnassos","Halikarnassos","Halikarnassos (Geburtsort von Herodotus)","","","","","",""
"Konstantinopel","Konstantinopel","Konstantinopel (Geburtsort von Eustathius, Thessalonicensis)","+028.949444","+041.013611","1115","","",""
"Stagira","Stagira","Stagira (Geburtsort von Aristoteles)","23.75159","40.53042","-384","","",""
"Augsburg","Augsburg","Augsburg (Geburtsort von David Hoeschel)","+010.898333","+048.371388","1556","","",""
"Athen","Athen","Athen (Wirkungsort von Plato)","+023.716219","+037.979449","","","",""
"Hamburg","Hamburg","Hamburg (Geburtsort von Heinrich Moller)","+010.000000","+053.583329","1530","","",""
"T&ouml;ss","T&ouml;ss","T&ouml;ss (Geburtsort von Johann Wilhelm Stucki)","8.70215","47.4789","1542","","",""
"Vézelay","Vézelay","Vézelay (Geburtsort von Théodore de Bèze)","3.74559","47.46572","1519","","",""
"Arpino","Arpino","Arpino (Geburtsort von Marcus Tullius Cicero)","+013.608810","+041.647419","-106","","",""
"Mollis","Mollis","Mollis (Geburtsort von Henricus Loriti Glareanus)","9.07242","47.08878","1488","","",""
"Stagira","Stagira","Stagira (Geburtsort von Aristoteles)","23.75159","40.53042","-384","","",""
"Stagira","Stagira","Stagira (Geburtsort von Aristoteles)","23.75159","40.53042","-384","","",""
"Alexandria","Alexandria","Alexandria (Geburtsort von Johannes, Philoponus)","+029.955269","+031.215640","490","","",""
"Konstantinopel","Konstantinopel","Konstantinopel (Wirkungsort von Michael, Psellos)","+028.949444","+041.013611","","","",""
"Alexandria","Alexandria","Alexandria (Geburtsort von Johannes, Philoponus)","+029.955269","+031.215640","490","","",""
"Alexandria","Alexandria","Alexandria (Geburtsort von Johannes, Philoponus)","+029.955269","+031.215640","490","","",""
"Alexandria","Alexandria","Alexandria (Geburtsort von Johannes, Philoponus)","+029.955269","+031.215640","490","","",""
"Bassiano","Bassiano","Bassiano (Geburtsort von Aldo Pio Manuzio)","+013.031890","+041.550420","1450","","",""
"Alexandria","Alexandria","Alexandria (Geburtsort von Johannes, Philoponus)","+029.955269","+031.215640","490","","",""
"Alexandria","Alexandria","Alexandria (Geburtsort von Johannes, Philoponus)","+029.955269","+031.215640","490","","",""
"Venedig","Venedig","Venedig (Geburtsort von Guillelmus Dorotheus)","+012.326670","+045.438609","1500","","",""
"Stagira","Stagira","Stagira (Geburtsort von Aristoteles)","23.75159","40.53042","-384","","",""
"Alexandria","Alexandria","Alexandria (Geburtsort von Johannes, Philoponus)","+029.955269","+031.215640","490","","",""
"Paris","Paris","Paris (Geburtsort von Henri Estienne)","+002.348800","+048.853409","1531","","",""
"Dijon","Dijon","Dijon (Sterbeort von Claude Aubery)","+005.016670","+047.316670","1596","","",""
"Bamberg","Bamberg","Bamberg (Geburtsort von Joachim Camerarius)","+010.900555","+049.898611","1500","","",""
"Paris","Paris","Paris (Geburtsort von Henri Estienne)","+002.348800","+048.853409","1531","","",""
"Florenz","Florenz","Florenz (Geburtsort von Pietro Martire Vermigli)","+011.250000","+043.766669","1499","","",""
"Stagira","Stagira","Stagira (Geburtsort von Aristoteles)","23.75159","40.53042","-384","","",""
"Viterbo","Viterbo","Viterbo (Geburtsort von Cornelio Benigno)","","","","","",""
"Dubrovnik","Dubrovnik","Dubrovnik (Geburtsort von Elio Lampridio Cerva)","+018.092159","+042.648069","1463","","",""
"Weinsberg","Weinsberg","Weinsberg (Geburtsort von Johannes &Ouml;kolampadius)","+009.287620","+049.151279","1482","","",""
"Wildhaus","Wildhaus","Wildhaus (Geburtsort von Ulrich Zwingli)","+009.353888","+047.205833","1484","","",""
"Paris","Paris","Paris (Geburtsort von Henri Estienne)","+002.348800","+048.853409","1531","","",""
"Riva del Garda","Riva del Garda","Riva del Garda (Geburtsort von Julius Caesar Scaliger)","10.84117","45.88577","1484","","",""
"Pavia","Pavia","Pavia (Geburtsort von Girolamo Cardano)","+009.161450","+045.184460","1501","","",""
"Stagira","Stagira","Stagira (Geburtsort von Aristoteles)","23.75159","40.53042","-384","","",""
"Breslau","Breslau","Breslau (Geburtsort von Zacharias Ursinus)","+017.033329","+051.100000","1534","","",""
"Paris","Paris","Paris (Wirkungsort von Adrien Turnèbe)","+002.348800","+048.853409","","","",""
"Arpino","Arpino","Arpino (Geburtsort von Marcus Tullius Cicero)","+013.608810","+041.647419","-106","","",""
"Brzeziny","Brzeziny","Brzeziny (Geburtsort von Adam Burski)","19.75144","51.80023","1560","","",""
"Breslau","Breslau","Breslau (Geburtsort von Zacharias Ursinus)","+017.033329","+051.100000","1534","","",""
"Stagira","Stagira","Stagira (Geburtsort von Aristoteles)","23.75159","40.53042","-384","","",""
"Vézelay","Vézelay","Vézelay (Geburtsort von Théodore de Bèze)","3.74559","47.46572","1519","","",""
"G&ouml;ttingen","G&ouml;ttingen","G&ouml;ttingen (Geburtsort von Johannes Caselius)","+009.934060","+051.539329","1533","","",""
"Bamberg","Bamberg","Bamberg (Geburtsort von Joachim Camerarius)","+010.900555","+049.898611","1500","","",""
"G&ouml;ttingen","G&ouml;ttingen","G&ouml;ttingen (Geburtsort von Johannes Caselius)","+009.934060","+051.539329","1533","","",""
"Bern","Bern","Bern (Geburtsort von Johann Jakob Grynaeus)","+007.447222","+046.948055","1540","","",""
"Rostock","Rostock","Rostock (Geburtsort von Peter Lindeberg)","+012.140489","+054.088700","1562","","",""
"Athen","Athen","Athen (Wirkungsort von Plato)","+023.716219","+037.979449","","","",""
"Paris","Paris","Paris (Wirkungsort von Adrien Turnèbe)","+002.348800","+048.853409","","","",""
"Nordhausen","Nordhausen","Nordhausen (Geburtsort von Cyriacus Spangenberg)","+010.795700","+051.501800","1528","","",""
"N&uuml;rnberg","N&uuml;rnberg","N&uuml;rnberg (Geburtsort von Christoph Scheurl)","+011.775000","+049.454166","1481","","",""
"Toulouse","Toulouse","Toulouse (Geburtsort von Jacques Cujas)","","","","","",""
"Waiblingen","Waiblingen","Waiblingen (Geburtsort von Jacob Andre&auml;)","+009.316409","+048.832410","1528","","",""
"Wittenberg","Wittenberg","Wittenberg (Sterbeort von Martin Heinrich)","+012.649729","+051.866100","1584","","",""
"G&ouml;ttingen","G&ouml;ttingen","G&ouml;ttingen (Geburtsort von Johannes Caselius)","+009.934060","+051.539329","1533","","",""
"Gotha","Gotha","Gotha (Geburtsort von Johann Stigel)","+010.701666","+050.948055","1515","","",""
"G&ouml;ttingen","G&ouml;ttingen","G&ouml;ttingen (Geburtsort von Johannes Caselius)","+009.934060","+051.539329","1533","","",""
"Athen","Athen","Athen (Geburtsort von Aristophanes)","+023.716219","+037.979449","-445","","",""
"Straßburg","Straßburg","Straßburg (Geburtsort von Jakob Micyllus)","+007.745277","+048.583888","1503","","",""
"Bamberg","Bamberg","Bamberg (Geburtsort von Joachim Camerarius)","+010.900555","+049.898611","1500","","",""
"Stagira","Stagira","Stagira (Geburtsort von Aristoteles)","23.75159","40.53042","-384","","",""
"Stagira","Stagira","Stagira (Geburtsort von Aristoteles)","23.75159","40.53042","-384","","",""
"Stagira","Stagira","Stagira (Geburtsort von Aristoteles)","23.75159","40.53042","-384","","",""
"Stagira","Stagira","Stagira (Geburtsort von Aristoteles)","23.75159","40.53042","-384","","",""
"Stagira","Stagira","Stagira (Geburtsort von Aristoteles)","23.75159","40.53042","-384","","",""
"Stagira","Stagira","Stagira (Geburtsort von Aristoteles)","23.75159","40.53042","-384","","",""
"Stagira","Stagira","Stagira (Geburtsort von Aristoteles)","23.75159","40.53042","-384","","",""
"Stagira","Stagira","Stagira (Geburtsort von Aristoteles)","23.75159","40.53042","-384","","",""
"Stagira","Stagira","Stagira (Geburtsort von Aristoteles)","23.75159","40.53042","-384","","",""
"Stagira","Stagira","Stagira (Geburtsort von Aristoteles)","23.75159","40.53042","-384","","",""
"Lucca","Lucca","Lucca (Geburtsort von Simone Simoni)","+010.505850","+043.843569","1532","","",""
"Schwerin","Schwerin","Schwerin (Geburtsort von Jakob Thoming)","+011.413159","+053.629370","1524","","",""
"B&uuml;ren (Lotte, Steinfurt, Westfalen)","B&uuml;ren (Lotte, Steinfurt, Westfalen)","B&uuml;ren (Lotte, Steinfurt, Westfalen) (Geburtsort von Arnold Burenius)","7.97659","52.30596","1485","","",""
"Arpino","Arpino","Arpino (Geburtsort von Marcus Tullius Cicero)","+013.608810","+041.647419","-106","","",""
"Cremona","Cremona","Cremona (Geburtsort von Gabriello Faerno)","+010.027969","+045.136169","1510","","",""
"Venedig","Venedig","Venedig (Geburtsort von Aldo Manuzio)","+012.326670","+045.438609","1547","","",""
"Walkersbrunn","Walkersbrunn","Walkersbrunn (Geburtsort von Martin Crusius)","+011.209139","+049.653900","1526","","",""
"Brindisi","Brindisi","Brindisi (Sterbeort von Publius Vergilius Maro)","+017.936820","+040.627729","-19","","",""
"Paris","Paris","Paris (Geburtsort von Henri Estienne)","+002.348800","+048.853409","1531","","",""
"Niedersachswerfen","Niedersachswerfen","Niedersachswerfen (Geburtsort von Lorenz Rhodoman)","+010.766669","+051.566670","1546","","",""
"İzmit","İzmit","İzmit (Geburtsort von Flavius Arrianus)","+029.916940","+040.766939","95","","",""
"Pforzheim","Pforzheim","Pforzheim (Geburtsort von Nikolaus Gerbel)","+008.698919","+048.884360","1485","","",""
"Bamberg","Bamberg","Bamberg (Geburtsort von Joachim Camerarius)","+010.900555","+049.898611","1500","","",""
"N&uuml;rnberg","N&uuml;rnberg","N&uuml;rnberg (Geburtsort von Ludwig Camerarius)","+011.775000","+049.454166","1573","","",""
"Arpino","Arpino","Arpino (Geburtsort von Marcus Tullius Cicero)","+013.608810","+041.647419","-106","","",""
"Venedig","Venedig","Venedig (Geburtsort von Paolo Manuzio)","+012.326670","+045.438609","1512","","",""
"Annaberg (Erzgebirge)","Annaberg (Erzgebirge)","Annaberg (Erzgebirge) (Geburtsort von Gregor Bersmann)","+013.005000","+050.578611","1538","","",""
"Rom","Rom","Rom (Wirkungsort von Titus Maccius Plautus)","+012.483900","+041.894739","","","",""
"Montreuil (Pas-de-Calais)","Montreuil (Pas-de-Calais)","Montreuil (Pas-de-Calais) (Geburtsort von Denys Lambin)","1.76348","50.46374","1520","","",""
"Arpino","Arpino","Arpino (Geburtsort von Marcus Tullius Cicero)","+013.608810","+041.647419","-106","","",""
"Bamberg","Bamberg","Bamberg (Geburtsort von Joachim Camerarius)","+010.900555","+049.898611","1500","","",""
"Bretten","Bretten","Bretten (Geburtsort von Philipp Melanchthon)","+008.707449","+049.036850","1497","","",""
"Chemnitz","Chemnitz","Chemnitz (Geburtsort von Georg Fabricius)","+012.916669","+050.833329","1516","","",""
"Chemnitz","Chemnitz","Chemnitz (Geburtsort von Jakob Fabricius)","+012.916669","+050.833329","1530","","",""
"Dieuze","Dieuze","Dieuze (Geburtsort von Wolfgang Musculus)","6.7178","48.81263","1497","","",""
"Venedig","Venedig","Venedig (Geburtsort von Paolo Manuzio)","+012.326670","+045.438609","1512","","",""
"Magdeburg","Magdeburg","Magdeburg (Wirkungsort von Gabriel Rollenhagen)","+011.629166","+052.127500","","","",""
"G&ouml;ttingen","G&ouml;ttingen","G&ouml;ttingen (Geburtsort von Johannes Caselius)","+009.934060","+051.539329","1533","","",""
"Marburg","Marburg","Marburg (Wirkungsort von Johann von Wowern)","+008.770555","+050.808888","","","",""
"Oettingen i. Bay.","Oettingen i. Bay.","Oettingen i. Bay. (Geburtsort von Hieronymus Wolf)","+010.604444","+048.952500","1516","","",""
"Paris","Paris","Paris (Sterbeort von Petrus Ramus)","+002.348800","+048.853409","1572","","",""
"Ingelfingen","Ingelfingen","Ingelfingen (Geburtsort von David Chytr&auml;us)","+009.653029","+049.300280","1531","","",""
"Sorau","Sorau","Sorau (Geburtsort von Michael Neander)","+015.137222","+051.641944","1525","","",""
"Morentin/Navarra","Morentin/Navarra","Morentin/Navarra (Geburtsort von Petrus Martinius)","","","","","",""
"Bamberg","Bamberg","Bamberg (Geburtsort von Joachim Camerarius)","+010.900555","+049.898611","1500","","",""
"Br&uuml;gge","Br&uuml;gge","Br&uuml;gge (Geburtsort von Franciscus Modius)","+003.224240","+051.208919","1556","","",""
"Annaberg (Erzgebirge)","Annaberg (Erzgebirge)","Annaberg (Erzgebirge) (Geburtsort von Gregor Bersmann)","+013.005000","+050.578611","1538","","",""
"Wermelskirchen-Dabringhausen","Wermelskirchen-Dabringhausen","Wermelskirchen-Dabringhausen (Geburtsort von Matthias Marcus Dabercusius)","+007.190000","+051.090519","1508","","",""
"Ingelfingen","Ingelfingen","Ingelfingen (Geburtsort von David Chytr&auml;us)","+009.653029","+049.300280","1531","","",""
"Samosata, Syrien","Samosata, Syrien","Samosata, Syrien (Geburtsort von Lucianus, Samosatensis)","","","","","",""
"Paris","Paris","Paris (Wirkungsort von Charles Estienne)","+002.348800","+048.853409","","","",""
"Augsburg","Augsburg","Augsburg (Geburtsort von David Hoeschel)","+010.898333","+048.371388","1556","","",""
"Jena","Jena","Jena (Sterbeort von Johann Christoph Hartung)","+011.589900","+050.928780","1695","","",""
"Basel","Basel","Basel (Sterbeort von Johannes Herwagen)","+007.583330","+047.549999","1558","","",""
"Breisach am Rhein","Breisach am Rhein","Breisach am Rhein (Geburtsort von Johann Gast)","+007.582939","+048.032789","","","",""
"Weinsberg","Weinsberg","Weinsberg (Geburtsort von Johannes &Ouml;kolampadius)","+009.287620","+049.151279","1482","","",""
"Sponheim","Sponheim","Sponheim (Wirkungsort von Johannes Trithemius)","","","","","",""
"Toulouse","Toulouse","Toulouse (Geburtsort von Jean de Coras)","","","","","",""
"Hannover","Hannover","Hannover (Geburtsort von Eberhard von Weyhe)","+009.733055","+052.370277","1553","","",""
"Augsburg","Augsburg","Augsburg (Geburtsort von David Hoeschel)","+010.898333","+048.371388","1556","","",""
"Riva del Garda","Riva del Garda","Riva del Garda (Geburtsort von Julius Caesar Scaliger)","10.84117","45.88577","1484","","",""
