sep=,
id,pageCat,imageCat,numberCat,itemInVolume,titleCat,titleBib,titleNormalized,author1,author2,author3,author4,contributor1,contributor2,contributor3,contributor4,place1,place2,publishers,year,format,histSubject,subjects,genres,mediaType,languages,systemManifestation,idManifestation,institutionOriginal,shelfmarkOriginal,provenanceAttribute,digitalCopyOriginal,targetOPAC,searchID,titleWork,systemWork,idWork,bound,comment,digitalCopy,copiesHAB
caselius0,2r,0003,,0,"Aristoteles latinè, Basel",,,,,,,,,,,Basel#geoNames2661604,,,,2°,"In folio",Philosophie;Altertumskunde,,,lat,,,,,,,,,"Corpus Aristotelicum",gnd,7749253-5,1,,,,,,
caselius1,2r,0003,,0,"Thesaurus Stephani. 4 theil","Thesaurus linguae Latinae seu Promptuarium dictionum et loquendi formularum omnium ad Latini sermonis perfectam notitiam assequendam pertinentium : Ex optimis auctoribus concinnatum",,,,,,,,,,Lyon#geoNames2996944,,[Tinghyus],1573,2°,"In folio",Altertumskunde,Lexikon,,lat,SUDOC,099919141,,,,,,,,,,1,,,"A: 1.2 Gram. 2°",,,
caselius2,2r,0003,,0,"Seneca Episcopii. Basell","L. ANNAEI || SENECAE PHI-||LOSOPHI, STOICO-||rum omnium acutissimi || OPERA,|| Quae extant, omnia,|| In VI. Tomos tributa.|| Nouae huic editioni accesserunt,|| I. Summaria siue Argumenta:|| II. Coniecturarum et Variarum Lectionum lib.V:|| III. Loci Communes seu libri Aureorum:|| IV. Nomenclator siue Commentarius selectarum || uocum, adagiorum et similium.|| AVTHORE DIONYSIO GOTHOFREDO I.C.|| (L. Annaei Senecae Oratoris & Rhetoris Contro-||uersiarum … || lib.X.|| … Declamationum lib.V … || Suasoriarum liber u-||nus … || … Sententiae iuxta litterarum ordinem … ||[v.Publilius Syrus])","L. Annaei Senecae Philosophi, Stoicorum omnium acutissimi Opera, Quae extant, omnia, In VI. Tomos tributa. Novae huic editioni accesserunt, I. Summaria sive Argumenta: II. Coniecturarum et Variarum Lectionum lib. V, III. Loci Communes seu libri Aureorum, IV. Nomenclator sive Commentarius selectarum vocum, adagiorum et similium. Authore Dionysio Gothefredo I.C. (L. Annaei Senecae Oratoris & Rhetoris Controversiarum lib. X., Declamationum lib. V, Suasoriarum liber unus … Sententiae iuxta litterarum ordinem",,,,,,,,,Basel#geoNames2661604,,"Episcopius, Eusebius",1590,2°,"In folio",Altertumskunde;Philosophie,,,lat,VD16,"S 5765",,,,,,,,,,1,,http://mdz-nbn-resolving.de/urn:nbn:de:bvb:12-bsb10172218-7,,,,
caselius3,2r,0003,,0,"Plato graecè. Basell","ΆΠΑΝΤΑ || ΠΛΑΤΩΝΟΣ || ΠΡΟΣ ΤΑ ΠΑΛΑΙΟΤΑΤΑ ΑΡ-||ΧΕΤΥΠΑ ΜΕΤΑ ΠΑΣΗΣ ΑΚΡΙ-||βειας επανορθωμενα.|| PLATONIS OMNIA OPERA, EX || VETVSTISSIMORVM EXEMPLARIVM || collatione multo nunc quàm antea || emendatiora","Άπαντα Πλατωνος προς τα παλαιοτατα αρχμτυπα μετα πασης ακρβειας επανορθωμενα. Platonis Omnia Opera, Ex Vetustissimorum Exemplarium collatione multo nunc quàm antea emendatiora",,,,,,,,,Basel#geoNames2661604,,"Petri, Heinrich",1556,2°,"In folio",Altertumskunde;Philosophie,,,grc,VD16,"P 3276",,,,,,,,,,1,"Andere Möglichkeit: VD16 P 3275, erschienen 1534 bei Johann Walder",http://data.onb.ac.at/rep/108698BA,"M: Lg 4° 145;Lg 2° 81",,,
caselius4,2r,0003,,0,"Plato latinè, Basel",,,,,,,,,,,Basel#geoNames2661604,,,,2°,"In folio",Altertumskunde;Philosophie,,,lat,,,,,,,,,"Opera omnia",,,1,"Vielleicht: VD16 P 3279 (Froben, Hieronymus d.Ä. und Episcopius, Nik. d.Ä., 1551)",,"M: Lg 4° 146",,,
caselius5,2r,0003,,0,"Plinius, Basel",,,,,,,,,,,Basel#geoNames2661604,,,,2°,"In folio",Altertumskunde,Enzyklopädie,,lat,,,,,,,,,"Naturalis historia",gnd,4196444-5,1,,,,,,
caselius6,2r,0003,,0,"Aristoph. comoed. cum comment. graecè. Venet.","ΆΡΙΣΤΟΦΆΝΟΥΣ ΚΩΜΙΔΊΑΙ ΈΝΝΈΑ || ARISTOPHANIS COMOEDIAE NOVEM",,,,,,"Musuros, Markos#119014386",,,,Venedig#geoNames3164603,,"Manuzio, Aldo Pio",1498,2°,"In folio",Altertumskunde,Komödie,,grc,GW,02333,HAB,"M: Lg 4° 11.1","Marginalien, Merkzeichen und Notiz in der Hand des Johannes Caselius",,https://kxp.k10plus.de/DB=2.1/PPNSET?PPN={ID},143020544,,,,1,,http://daten.digitale-sammlungen.de/0004/bsb00045673/images/,,,,
caselius7,2r,0003,,0,"Dionis histor. Rom. graecè. Parisiis",,,,,,,,,,,Paris#geoNames2988507,,,,2°,"In folio",Altertumskunde,Chronik,,grc,,,,,,,,,"Historia romana",gnd,4263697-8,1,"SUDOC 165058110 (Estienne, 1551) oder GBV 143708996 (Estienne 1548)",,"M: Lg 4° 48.2;A: 8.3 Hist.;M: Lg 2° 21",,,
caselius8,2r,0003,,1,"Adagia Erasmi, Stephani et Stobaeus Tiguri",,,,,,,,,,,Zürich#geoNames2657896,,,,2°,"In folio",Altertumskunde;Rhetorik,Zitatensammlung,,lat,,,,,,,,,Adagia,gnd,4404613-3,1,,,,,,
caselius9,2r,0003,,2,"Oecumenius graecè in epistolas Pauli","Oikumeniu Exēgēsis Eis tas hepta katholikas legomenas epistolas. Cum interpretatione Latina Johannis Hentenii, & annotatione ac indicis collectione Bartholomaei Coppen, Rostochiensis",,,,,,"Coppen, Bartholomaeus#129043230","Hentenius, Johannes#104112271",,,"Frankfurt am Main#geoNames2925533",,Marnius,1610,2°,"In folio",Theologie,Kommentar:theol.,,grc;lat,VD17,23:323814P,,,,,,,,,,1,,http://diglib.hab.de/drucke/147-15-theol-1s/start.htm,"A: 147.15 Theol. 1",,,
caselius10,2v,0004,,0,"Diodorus Siculus graecè, steph.","Diodōru Tu Sikeliōtu Bibliothēkēs Istorikēs bibloi pentekaideka ek tōn tessarakonta. Diodori Sicvli Bibliothecæ historicæ libri quindecim de quadraginta",,,,,,"Estienne, Henri#118862758",,,,Genf#geoNames2660646,,"Estienne, Henri",1559,2°,"In folio",Altertumskunde,Chronik,,grc;lat,GBV,145760804,HAB,"M: Lg 2° 26","Schenkungsvermerk auf dem Titelblatt: ""Amplissimo [v]iro Johanni Caselio philosopho sapientissimo amico suo optimo Joachimus Delius"", zahlreiche griechischen Anmerkungen in der Handschrift des Caselius",,,,,,,1,,,"M: Lg 2° 26",,,
caselius11,2v,0004,,0,"Vita Plutarchi graecè",,,,,,,,,,,,,,,2°,"In folio",Altertumskunde,Biographie,,grc,,,,,,,,,,,,1,,,"H: QuH 4 1",,,
caselius12,2v,0004,,1,"Budaei Epistolae graecè et lat.","Epistolarum Latinarum lib. V ; Annotationibusque adiectis in singulas fere epistolas",,,,,,,,,,Paris#geoNames2988507,,"Badius Ascensius, Jodocus",1531,2°,"In folio",,Briefsammlung,,grc;lat,GBV,150117922,HAB,"H: P 529.2° Helmst. 1","Marginalien und Notiz im Hinterdeckel von der Hand des Johannes Caselius",,,,,,,1,"Reihenfolge im Sammelband nach Autopsie: 1",,"H: P 529.2° Helmst. 1",,,
caselius13,2v,0004,,2,"Cassiodorus Variarum","Magni Avrelii Cassiodori Variarum. Libri XII item De anima liber unus. Recens inventi, & in lucem dati a Mariangelo Accursio.",,,,,,"Accursio, Mariangelo#128807830",,,,Augsburg#geoNames2954172,,"Steiner, Heinrich",1533,2°,"In folio",Altertumskunde,Briefsammlung,,lat,GBV,151696845,HAB,"H: P 529.2° Helmst. 3",,,,,,,,1,"Reihenfolge im Sammelband nach Autopsie: 3",,"H: P 529.2° Helmst. 3",,,
caselius14,2v,0004,,3,"Genealogia Bocatii","IOANNIS BOCATII || PERI GENEALOGIAS DEORVM, LIBRI QVINDECIM,|| cum annotationibus Iacobi Micylli.|| EIVSDEM DE MONTIVM, SYLVARVM, FONTIVM,|| lacuum, fluuiorum, stagnorum, & marium no/||minibus. Liber I.|| Huc accessit rerum, & fabularum scitu dignarum copiosus index.|| … ||",,,,,,"Micyllus, Jakob#100310281",,,,Basel#geoNames2661604,,"Herwagen, Johannes",1532,2°,"In folio",Altertumskunde,Traktat,,lat,VD16,"B 5846",,,,,,,,,,1,"Reihenfolge im Sammelband nach Autopsie: 4",urn:nbn:de:bvb:12-bsb10140689-9,"H: T 217.2° Helmst.",,,
caselius15,2v,0004,,4,"Alexandri ab Alexandro genial. dici.","Alexandri ab Alexandro Juris periti Neapolitani Genialium dierum Libri sex varia ac recondita eruditione reperti accuratius quam antehac excusi cum duplici indice",,,,,,"Pierre, Jean","Morrhy, Gérard#1037619005",,,Paris#geoNames2988507,,"Morrhy, Gérard",1532,2°,"In folio",Rechtswissenschaft,Traktat,,lat,"Paris BnF",BP16_106852,HAB,"H: P 529.2° Helmst. 2",,,,,,,,1,"Reihenfolge im Sammelband nach Autopsie: 2",,"H: P 529.2° Helmst. 2",,,
caselius16,2v,0004,,0,"Chronologia Funcii cum comment.","Chronologia : hoc est omnium temporum et annorum ab initio mundi usque ad hunc praesentem a n. Chr. a. 1552 compulatio",,,,,,,,,,Königsberg#geoNames554234,,"Lufft, Hans",1552,2°,"In folio",,Chronik,,lat,GBV,138185506,HAB,"H: T 79.2° Helmst.","Marginalien und Notizen von der Hand des Johannes Caselius",,,,,,,1,,,"H: T 79.2° Helmst.;M: Fd 2° 8;H: T 80.2° Helmst.;A: 91 Hist. 2°",,,
caselius17,2v,0004,,0,"Sententiae Theolog. Variorum, Tigur.","En tē parusē biblō enesti tade - Sententiarum sive capitum theologicorum praecipue ex sacris et profanis libris tomi tres",,,,,,,,,,Zürich#geoNames2657896,,"Froschauer, Christoph",1546,2°,"In folio",Theologie,Zitatensammlung,,,"Wien ÖNB",AC09660927,,,,,,,,,,1,"Ausgabe unsicher",http://data.onb.ac.at/rep/102B2A68,,,,
caselius18,2v,0004,,0,"Simplicius in Categor. graecè","Simplikiu ... Scholia ... eis tas Aristotelus Katygorias",,,,,,,,,,Basel#geoNames2661604,,"Isengrin, Michael",,2°,"In folio",Altertumskunde;Philosophie,Kommentar,,grc,,,,,,,,,,,,1,,,"H: QuH 15 (2)",,,
caselius19,2v,0004,,0,"Platina de Vitis Pont.",,,,,,,,,,,,,,,2°,"In folio",Kirchengeschichte,Biographie,,,,,,,,,,,"Vitae pontificum",gnd,118898027,1,,,,,,
caselius20,2v,0004,,0,"Budaei comment. graecae linguae","Commentarii linguæ Græcæ, Gulielmo Budæo, consiliario Regio, supplicúmque libelloru[m] in Regia magistro, auctore",,,,,,,,,,Paris#geoNames2988507,,"Estienne, Robert",1548,2°,"In folio",Altertumskunde,Lexikon,,grc;lat,GBV,150117868,HAB,"H: P 379.2° Helmst.","Am Ende Notizen in der Hand des Johannes Caselius - Hs. Besitzvermerk: Ex bibliotheca Cl. V. Joannis Caselii possidet Academia Julia",,,,,,,1,,http://mdz-nbn-resolving.de/urn:nbn:de:bvb:12-bsb10147452-6,,,,
caselius21,2v,0004,,0,"Caroli Sigono Festi Venet.",,,,,,,,,,,Venedig#geoNames3164603,,,,2°,"In folio",Altertumskunde,Traktat,,,,,,,,,,,"Fasti consulares ac triumphi",,,1,,,,,,
caselius22,2v,0004,,0,"Poliibius graecè et. lat. Basell","ΠΟΛΥΒΙΟΥ ΜΕΓΑ-||ΛΟΠΟΛΙΤΟΥ ΙΣΤΟΡΙΩΝ ΒΙ-||ΒΛΙΑ Ε, ΚΑΙ ΕΠΙΤΟΜΑΙ ΙΒ.|| Polybij Megalopolitani Histo||RIARVM LIBRI PRIORES QVINQVE,|| Nicolao Perotto Episcopo Siponti-||no interprete.|| ITEM || EPITOME SEQVENTIVM LIBRORVM VS-||que ad Decimumseptimun, Vuolfgango Mu-||sculo interprete","Πολυβιου Μεγαλοπολιτου ͑ιστοριων βιβλια Ε, και επιτομαι ιβ. Polybij Megalopolitani Histo||RIARVM LIBRI PRIORES QVINQVE,|| Nicolao Perotto Episcopo Siponti-||no interprete.|| ITEM || EPITOME SEQVENTIVM LIBRORVM VS-||que ad Decimumseptimun, Vuolfgango Mu-||sculo interprete",,,,,,,,,Basel#geoNames2661604,,"Herwagen, Johannes d.Ä.",1549,2°,"In folio",Altertumskunde,Chronik,,grc;lat,VD16,"P 4083",,,,,,,,,,1,,,,,,
caselius23,2v,0004,,0,"Antonii August. d. LL. et SC.",,"De Legibvs Et Senatvsconsvltis Liber",,,,,,,,,Paris#geoNames2988507,,"Beys, Gilles",1584,2°,"In folio",Altertumskunde;Rechtswissenschaft,Traktat,,lat,GBV,151297177,HAB,"H: T 190.2° Helmst.","Marginalien (S. 144, 155) in der Hand des Johannes Caselius",,,,,,,1,,,"H: T 190.2° Helmst.;A: 35.19 Jur. 2°",,,
caselius24,2v,0004,,0,"Oratores antiqui graeci",,"Oratorum veterum Orationes",,,,,"Estienne, Henri#118862758",,,,[Paris]#geoNames2988507,,,1575,2°,"In folio",Altertumskunde;Rhetorik,,,grc;lat,GBV,150740492,HAB,"H: P 138.2° Helmst.","Marginalien und Merkzeichen in der Hand des Johannes Caselius; Titel von seiner Hand auf dem Rücken und Vorderumschlag",,,,,,,1,,,"H: P 138.2° Helmst.;A: 2 Rhet. 2° 1",,,
caselius25,2v,0004,,3V0,"Poetae Epici porter. tom. 3",,,,,,,,,,,,,,,2°,"In folio",Altertumskunde,Epik,,,,,,,,,,,,,,1,,,,,,
caselius26,2v,0004,,0,"Luciani opera pleraq.","ELEGAN||TISSIMA ALIQVOT LV||CIANI OPVSCVLA, IAM || recens per Vincentium Obsopoeum lati||nitate donata",,,,,,"Opsopoeus, Vincentius#100238238",,,,Hagenau#geoNames3014078,,"Setzer, Johann",1529,2°,"In folio",Altertumskunde,Satire,,lat,,,,,,,,,,,,1,"Ausgabe unsicher",http://nbn-resolving.de/urn/resolver.pl?urn=urn:nbn:de:bvb:12-bsb00015772-8,"H: QuH 126.7 (2)",,,
caselius27,2v,0004,,0,"Consensus orthodoxus p.",,,,,,,,,,,,,,,2°,"In folio",Theologie,Katechismus,,,,,,,,,,,,,,1,,,,,,
caselius28,2v,0004,,0,"Notitia dignitatum utriusque Imperii",,,,,,,,,,,,,,,2°,"In folio",Altertumskunde,Handbuch,,,,,,,,,,,,,,1,,,,,,
caselius29,2v,0004,,0,"Demosthenes cum com. Vlpiani, graecè",,,,,,,"Ulpianus, Grammaticus#100684084",,,,,,,,2°,"In folio",Rhetorik,Kommentar:lit.,,grc,,,,,,,,,,,,1,,,,,,
caselius30,2v,0004,,0,"Xenophon Stephani, graecè","Xenophōntos hapanta sōzomena biblia",,,,,,,,,,Genf#geoNames2660646,,"Estienne, Henri",1561,2°,"In folio",Altertumskunde,,,grc,,,HAB,"M: Lg 2° 112","Besitzvermerk: Joannes Caselius Suerin[us] IV. Non. Octobr. An. M D LXXIII. [i.e. 4. Oktober 1573]",,,,,,,1,"Zuweisung unsicher, da identischer Eintrag weiter unten",,,,,
caselius31,2v,0004,,0,"Zabarellae opera logica","Iacobi Zabarellae Patauini Opera logica. Ad serenissimum Stephanum Poloniae regem; Cum duplici indice, altero ipsorum operum, altero vero, et eo quidem locupletissimo, rerum omnium notatu dignarum, quae in toto volumine continentur.",,,,,,,,,,Venedig#geoNames3164603,,"Meietti, Paolo",1578,2°,"In folio",Philosophie,,,lat,EDIT16,"CNCE 30709",HAB,"H: O 28.2° Helmst.","Merkzeichen u. Marginalien in der Hand des Johannes Caselius",,,,,,,1,,,"H: O 28.2° Helmst.",,,
caselius32,2v,0004,,0,"Sigonius de Regno Italiae",,,,,,,,,,,,,,,2°,"In folio",,Chronik,,lat,,,,,,,,,,,,1,,,"M: Gh 164",,,
caselius33,2v,0004,,0,"Xenophon steph. graecè",,,,,,,,,,,,,,,2°,"In folio",,,,grc,,,,,,,,,,,,1,"Zuweisung unsicher, da identischer Eintrag weiter oben",,,,,
caselius34,2v,0004,,0,"Herodotus, graecè",,,,,,,,,,,,,,,2°,"In folio",Altertumskunde,Chronik,,grc,,,,,,,,,,,,1,,,,,,
caselius35,3r,0004,,0,"Der Braunschweigischen Acten, Erster theil & Exempl.",,,,,,,,,,,,,,,2°,"In folio",Theologie,Streitschrift:theol.,,,,,,,,,,,,,,1,"Vielleicht: Protocol oder Acta Des Colloquij zu Hertzberg, zwischen den Chur vnd Fürstlichen, Sechsischen, Brandenburgischen, Braunschweigischen, vnd Anhaltischen Theologen. Von dem Concordibuch vnd Subscription desselben, Aus was Vrsachen die verweigert sey worden ; Aus der H. Collocutoren mund also verfasset, 1594",,"H: C 306a.4° Helmst. (2);H: S 72.4° Helmst. (2);A: 446.1 Theol. (7)",,,
caselius36,3r,0004,,0,"Aristides graecè",,,,,,,,,,,,,,,2°,"In folio",Altertumskunde;Rhetorik,,,grc,,,,,,,,,,,,1,,,"M: Lg 2° 3;Autopsieren",,,
caselius37,3r,0004,,0,"Clemens Alexandrinus graecè","Klēmentos Alexandreōs Ta Heuriskomena Hapanta",,,,,,"Vettori, Pietro#119263653",,,,Florenz#geoNames3176959,,"Torrentino, Lorenzo",1550,2°,"In folio",Altertumskunde;Theologie,,,grc,,,,,,,,,,,,1,,,"M: Lg 4° 49",,,
caselius38,3r,0004,,0,"Glossaria duo ad utramq. ling. et d. Attic. ling.",,,,,,,,,,,,,,,2°,"In folio",Altertumskunde,Lexikon,,grc;lat,,,,,,,,,,,,1,"Vermutlich zwei Titel",,,,,
caselius39,3r,0004,,3V0,"Eustathius in drey theile","Eustathiou archiepiskopou Tessalonikēs parekbolai eis tēn Homerou Iliada kai Odysseian meta euporōtatou kai pany ōphelimiou pinakos",,,,,,,,,,Rom#geoNames3169070,,,1550,2°,"In folio",Altertumskunde,Kommentar:lit.,,grc,GBV,143902490,HAB,"H: P 151.2° Helmst.","Johannes Caselius; Notizen, Marginalien und eingelegtes Briefkonzept von seiner Hand",,,,,,,1,"Bände mit Vermerk des Caselius:  H: P 151.2° Helmst.; H: P 149.2° Helmst.",,,,,
caselius40,3r,0004,,0,"Genealogia Hemmigesii tom. i.",,,,,,,,,,,,,,,2°,"In folio",,,,,,,,,,,,,,,,1,,,,,,
caselius41,3r,0004,,0,"Plutarch. Vita graecè",,,,,,,,,,,,,,,2°,"In folio",Altertumskunde,Biographie,,grc,,,,,,,,,,,,1,,,,,,
caselius42,3r,0004,,0,"Apuleius cum com. B[e]roaldi.",,,,,,,"Beroaldo, Filippo#118656589",,,,,,,,2°,"In folio",Altertumskunde,Roman;Kommentar:lit.,,,,,,,,,,,,,,1,,,,,,
caselius43,3r,0004,,0,"Petrus Victorius in Ethic. Aris.",,,,,,,,,,,,,"Vettorio, Pietro",,2°,"In folio",Altertumskunde;Philosophie,Kommentar,,,,,,,,,,,,,,1,,,,,,
caselius44,3r,0004,,0,"Antoni[us] Lull. ad Orat.",,,,,,,,,,,,,,,2°,"In folio",Rhetorik,Kommentar:lit.,,,,,,,,,,,,,,1,"Vielleicht VD16  L 3259 oder GBV 150370083",,,,,
caselius45,3r,0004,,0,"Athenaeus graecè",,,,,,,,,,,,,,,2°,"In folio",Altertumskunde,Zitatensammlung,,grc,,,,,,,,,,,,1,,,,,,
caselius46,3r,0004,,0,"Thukydides cum com. Steph. graecè",,,,,,,,,,,,,,,2°,"In folio",Altertumskunde,Chronik,,grc,,,,,,,,,,,,1,,,,,,
caselius47,3r,0004,,0,"Imag. et Elogia viror. Illust.",,,,,,,,,,,,,,,2°,"In folio",Altertumskunde,Porträtwerk,,,,,,,,,,,,,,1,,,,,,
caselius48,3r,0004,,0,"Procopius Hoeschelii",,"Historiarum Procopii Caesariensis Libri VIII",,,,,"Hoeschel, David#118705695",,,,Augsburg#geoNames2954172,,"Franck, David",1607,2°,"In folio",Altertumskunde,Chronik,,grc,VD17,39:123445Q,,,,,,,,,,1,,https://www.gbv.de/vd/vd17/39:123445Q,"H: T 619.2° Helmst.",,,
caselius49,3r,0004,,0,"Sebastianus Faxius in plat. Timaeum","SEBASTIANI FO-||xij Morzilli Hispalensis, in || Platonis Timaeum Com-||mentarij.|| Ad illustrissimum … D.FRAN-||CISCVM BOVADILLAM Mendozam Car-||dinalem, & Episcopum Burgensem.|| Acceßit … rerum et uerborum … || Index.||",,,,,,"Morcillo, Sebastián Fox#124507980",,,,Basel#geoNames2661604,,"Oporinus, Johannes",1554,2°,"In folio",Philosophie;Altertumskunde,Kommentar,,lat,VD16,"P 3303",,,,,,,,,,1,,nbn:de:bvb:12-bsb10140362-1,"A: 72.2 Quod. 2° 1",,,
caselius50,3r,0004,,0,"Chronologia Alexand. Schulteti","Chronographia sive annales omnium fere regum, principem [et] potentatuum, ab orbe edito, usq[ue] ad hunc annu[m] domini MDXLV. Cum aliquali ratione temporum … / autore Alexandro Sculltero …",,,,,,,,,,Rom#geoNames3169070,,"Cartolari, Girolama",1546,2°,"In folio",,Chronik,,lat,GBV,232322058,HAB,"H: T 82.2° Helmst.","Hs. Notiz zu Ereignissen des Jahres 1565 - Auf dem Rücken Titel in der Hand des Johannes Caselius",,,,,,,1,,,"H: T 82.2° Helmst.;A: 138.10 Hist. 2°",,,
caselius51,3r,0004,,0,"Henricus Mollerus in Esaiam","IESAIAS || IN IESAIAM PRO-||phetam Commentarius pius & || eruditus clarissimi viri D.D.|| Henrici Molleri patricij || Hamburgensis.|| ACCESSERVNT … INDICES DVO,|| … ||[Hrsg. von (Ioan. Guilielmus Stukius ||",,,,,,"Stucki, Johann Wilhelm#100633218","Bèze, Théodore de#118662864",,,Zürich#geoNames2657896,,"Officina Froschoviana-5  6145997-5",1588,2°,"In folio",Theologie,Kommentar:theol.,,lat,VD16,"B 3771",HAB,"H: C 178.2° Helmst.","Hs. Schenkungsvermerk: Clarissimo viro. doctrina & virtute praestanti D. Ioanni Caselio amico suo veteri & obseruando dd Henricus Moller",,,,,,,1,,https://doi.org/10.3931/e-rara-4999,"H: C 178.2° Helmst.",,,
caselius52,3r,0004,,0,"Polybius graecè",,,,,,,,,,,,,,,2°,"In folio",,,,grc,,,,,,,,,,,,1,"Vielleicht: VD17 3:311541G oder VD17 75:699988A oder VD16 P 4082 oder VD16 P 4083",,,,,
caselius53,3r,0004,,0,"Ciceronis opera, Lamb. in drei theil",,,,,,,,,,,Venedig#geoNames3164603,,"Giunta, Luca Antonio",1537,2°,"In folio",,Kommentar,,lat,GBV,500975302,HAB,"H: P 279.2° Helmst. 1","Marginalie (Bl. 17 der Explicationes) und Merkzeichen sowie Rückenbeschriftung in der Hand des Johannes Caselius",,,,,,,1,,,"H: P 279.2° Helmst. 1",,,
caselius54,3r,0004,,0,"Petri Victorii explicat. suarum in cicero. castig.",,,,,,,,,,,Venedig#geoNames3164603,,"Giunta, Luca Antonio",1537,2°,"In folio",,Kommentar,,lat,GBV,500975302,HAB,"H: P 279.2° Helmst. 2","Marginalie (Bl. 17 der Explicationes) und Merkzeichen sowie Rückenbeschriftung in der Hand des Johannes Caselius",,,,,,,1,,,"H: P 279.2° Helmst. 2",,,
caselius55,3r,0004,,0,"Thukydides et Xenophon lat. steph.",,,,,,,,,,,,,,,2°,"In folio",,,,,,,,,,,,,,,,1,,,,,,
caselius56,3r,0004,,0,"Petri victor. var. lat.",,,,,,,,,,,,,,,2°,"In folio",,,,,,,,,,,,,,,,1,,,,,,
caselius57,3r,0004,,0,"Homer. cum com. graecè",,,,,,,,,,,,,,,2°,"In folio",,,,grc,,,,,,,,,,,,1,,,,,,
caselius58,3r,0004,,0,"Antonii Mirandulani Instit. in log.",,,,,,,,,,,,,,,2°,"In folio",,,,,,,,,,,,,,,,1,,,,,,
caselius59,3r,0004,,0,"Patritii decis. peripat.",,,,,,,,,,,,,,,2°,"In folio",,,,,,,,,,,,,,,,1,,,,,,
caselius60,3v,0005,,0,"P. victorii in i. lib. Arist. et d. art. Port.",,,,,,,"Vettori, Pietro#119263653",,,,Florenz#geoNames3176959,,"Giunta, Bernardo",1548,2°,"In folio",Altertumskunde;Philosophie,Kommentar,,grc,GBV,143805967,HAB,"H: QuH 15 1","Besitzvermerk: Ioann?s Kas?lios. Rostochii, non. Febr. 1579.; Autogramm wiederholt, zahlr. Marginalien u. Merkzeichen von seiner Hand",,,,,,,1,,,"H: QuH 15 1",,,
caselius61,3v,0005,,0,"Glareanus de Assi et Part.",,,,,,,,,,,,,,,2°,"In folio",,,,,,,,,,,,,,,,1,,,,,,
caselius62,3v,0005,,0,"Aristoteles graecè, Basell zweii theil",,,,,,,,,,,Basel#geoNames2661604,,,,2°,"In folio",,,,grc,,,,,,,,,,,,1,,,,,,
caselius63,3v,0005,,0,"Tabulae Zwingeri in Aristot. Ethic",,,,,,,,,,,,,,,2°,"In folio",,,,,,,,,,,,,,,,1,,,,,,
caselius64,3v,0005,,0,"Alexand. Aphrodiso in prior. Analyt. et Elench.",,,,,,,,,,,,,,,2°,"In folio",,,,,,,,,,,,,,,,1,,,"H: P 48.2° Helmst.",,,
caselius65,3v,0005,,1,"Eiusdem quaestiones naturales et morales",,,,,,,,,,,,,,,2°,"In folio",,,,,,,,,,,,,,,,1,,,,,,
caselius66,3v,0005,,2,"Eustratii et aliorum in Ethic. ad Nicomach.",,,,,,,,,,,,,,,2°,"In folio",,,,,,,,,,,,,,,,1,,,,,,
caselius67,3v,0005,,0,"Hypparchi Phaenomena. Florent","Hipparchi Bithyni In Arati et Eudoxi phaenomena libri III. Eiusdem Liber asterismorum. Achillis Statii in Arati phaenomena. Arati vita, et fragmenta aliorum veterum in eius poema.",,,,,,"Vettori, Pietro#119263653",,,,Florenz#geoNames3176959,,"Giunta, Bernardo",1567,2°,"In folio",Altertumskunde;Astronomie,,,grc;lat,EDIT16,"CNCE 22499",HAB,"M: Lg 4° 27.1 2","Hs. Besitzvermerk des Johannes Caselius",,,,,,,1,,,"M: Lg 4° 27.1 2;A: 150 Quod. 2° 3",,,
caselius68,3v,0005,,0,"Alexand. Aphrod. in Top.",,,,,,,,,,,Venedig#geoNames3164603,,"Manuzio, Aldo Pio",1513,2°,"In folio",,Kommentar,,grc,GBV,150209614,HAB,"H: P 48.2° Helmst.","Marginalien und Merkzeichen in der Hand des Johannes Caselius (? in verschiedenen Lebensaltern?); Federzeichnung auf S. 167",,,,,,,1,,,"H: P 48.2° Helmst.;M: Lg 4° 20",,,
caselius69,3v,0005,,0,"Ammonius in lib. [peri hermeneias]",,,,,,,,,,,,,,,2°,"In folio",,,,,,,,,,,,,,,,1,,,,,,
caselius70,3v,0005,,0,"Margentinus in eudem",,,,,,,,,,,,,,,2°,"In folio",,,,,,,,,,,,,,,,1,,,,,,
caselius71,3v,0005,,1,"Philoponus in 5. lib. d. generat. animal.",,,,,,,,,,,,,,,2°,"In folio",,,,,,,,,,,,,,,,1,,,,,,
caselius72,3v,0005,,2,"Anonymus in Rhetor. Aristls.",,,,,,,,,,,,,,,2°,"In folio",,,,,,,,,,,,,,,,1,,,,,,
caselius73,3v,0005,,0,"Porphyr. d. non nec. ad epuland. arimant. graecè",,,,,,,,,,,,,,,2°,"In folio",,,,grc,,,,,,,,,,,,1,,,,,,
caselius74,3v,0005,,0,"Psellius in 4. lib. d. part. animal [graece]",,,,,,,,,,,,,,,2°,"In folio",,,,,,,,,,,,,,,,1,,,,,,
caselius75,3v,0005,,0,"Simplicius in categorias Aristls.",,,,,,,,,,,,,,,2°,"In folio",,,,,,,,,,,,,,,,1,,,,,,
caselius76,3v,0005,,0,"Simplicius in 4. lib. Aristl d. coelo",,,,,,,,,,,,,,,2°,"In folio",,,,,,,,,,,,,,,,1,,,,,,
caselius77,3v,0005,,0,"Philoponus in 5. lib. d. generat. animal. graecè",,,,,,,,,,,,,,,2°,"In folio",,,,grc,,,,,,,,,,,,1,,,,,,
caselius78,3v,0005,,0,"Olympiodori et Joan. Gram. in i. Metior [graecè]",,,,,,,,,,,,,,,2°,"In folio",,,,grc,,,,,,,,,,,,1,,,,,,
caselius79,3v,0005,,1,"Philoponus de mund. aeternitat contra Proculum",,,,,,,,,,,,,,,2°,"In folio",,,,,,,,,,,,,,,,1,,,,,,
caselius80,3v,0005,,2,"Eiusdem in 4. lib. Auscultat. nat.",,,,,,,,,,,,,,,2°,"In folio",,,,,,,,,,,,,,,,1,,,,,,
caselius81,3v,0005,,0,"Athenaeus, graecè Basil. A? 35","???????? ?????????????? || ?????? ????????????.|| ATHENAEI || DIPNOSOPHISTARVM, HOC EST || argutè scite?#[que] in conuiuio disserentum. Lib. XV.|| … ||",,,,,,"Bedrotus, Jacobus#130815004","Manuzio, Aldo Pio#118577387","Walder, Johann#119863235",,Basel#geoNames2661604,,,1535,2°,"In folio",,,,grc,VD16,"A 4003",,,,,,,,,,1,,urn:nbn:de:bvb:12-bsb10139385-6,,,,
caselius82,3v,0005,,0,"Philoponus in post. Analyt. graecè. Ald.",,,,,,,,,,,,,,,2°,"In folio",,,,grc,,,,,,,,,,,,1,,,,,,
caselius83,3v,0005,,0,"Joannes Alexandri in 2. post. Analyt.",,,,,,,,,,,,,,,2°,"In folio",,,,,,,,,,,,,,,,1,,,,,,
caselius84,3v,0005,,0,"Philoponus in lib. de generat. et corrupt.",,,,,,,,,,,,,,,2°,"In folio",,,,,,,,,,,,,,,,1,,,,,,
caselius85,4r,0005,,0,"Aphrodisius in lib. Meteorolog. et d. mixt.",,,,,,,,,,,,,,,2°,"In folio",,,,,,,,,,,,,,,,1,,,,,,
caselius86,4r,0005,,0,"Eustratius et alii in Ethic. Nicomach.","Eustratiu|| Kai All?n Tin?n Epis?m?n Ypomn?mata Eis|| Ta Deka T?n Tu Aristotelus ?thi-||k?n Nikomachei?n Biblia Me-||ta Tu Ypokeimenu.|| / [Eustratius ; Aristoteles ; Manutius, Paulus ; Selve, George de]Evstratii|| Et Aliorvm Insignivm Peripateti||corvm Commentaria In Libros|| Decem Aristotelis De Mori-||bvs Ad Nicomachvm,|| Vna Cvm Textu Svis In|| Locis Adiecto",,,,,,,,,,Venedig#geoNames3164603,,"Manuzio, Aldo Pio",1536,2°,"In folio",Philosophie;Altertumskunde,Kommentar,,grc,EDIT16,"CNCE 18395",HAB,"M: Lg 4° 27.1 1","hs. Besitzvermerk des Johannes Caselius auf dem Titelblatt, zahlreiche Anmerkungen in seiner Schrift",,,,,,,1,,,"M: Lg 4° 27;M: Lg 4° 27.1 1",,,
caselius87,4r,0005,,0,"Themisthii opera, graecè","Omnia Themistii opera : hoc est Paraphrases et Orationes Hapanta Tutesti Paraphraseis kai logoi",,,,,,"Trincavelli, Vittore#119091232",,,,Venedig#geoNames3164603,,,1534,2°,"In folio",Altertumskunde;Philosophie,,,grc,GBV,1094680265,,,,,,,,,,1,,,"M: Lg 4° 190.1",,,
caselius88,4r,0005,,0,"Simplicius in decem praedicamenta","Simplicii Svmmi Peripatetici Et Platonici Commentarivm In Decem Cathegorias Aristotelis quæ Prædicamenta vocantur, Excellentissimum cum sex principijs ab eodem Authore æditis, Nuper vero exactissime in linguam Latinam translatum. Gvilelmo Dorotheo Veneto Artium atq[ue] Theologiæ Doctore interprete. Sebastiano Foscareno Doctori Excellentissimo & Patritio Optimo Præceptori suo Dicatum",,,,,,"Dorotheus, Guillelmus#1055428186",Aristoteles#118650130,,,Venedig#geoNames3164603,,"Scotto, Girolamo",1541,2°,"In folio",Philosophie;Altertumskunde,Kommentar,,grc;lat,EDIT16,"CNCE 31449",,,,,,,,,,1,,,,,,
caselius89,4r,0005,,0,"Alexand. Aphrod. in 3. lib. Top.",,,,,,,,,,,,,,,2°,"In folio",,,,,,,,,,,,,,,,1,,,,,,
caselius90,4r,0005,,0,"Philoponus in i. prior.",,,,,,,,,,,,,,,2°,"In folio",,,,,,,,,,,,,,,,1,,,,,,
caselius91,4r,0005,,0,"Apollonii Rhodii Argonautica, steph.","Apoll?niu Tu Rodiu Argonautik?n biblia [delta] / Cum Annotationibvs Henrici Stephani: ex quibus, quantam in hanc editionem contulerit diligentiam, cognosci poterit",,,,,,"Estienne, Henri#118862758",,,,Genf#geoNames2660646,,"Estienne, Henri",1574,4°,"In quarto",Altertumskunde,Epos,,grc;lat,GBV,150162529,HAB,"H: P 91.4° Helmst.","Notizen u. Marginalien von der Hand des Johannes Caselius; Titel auf dem Rücken von seiner Hand",,,,,,,1,,,"H: P 91.4° Helmst.;A: 3.2.2 Poet.",,,
caselius92,4r,0005,,0,"Claudii Alberii Organon, A? 84.",,,,,,,,,,,Morges#geoNames2659587,,"Le Preux, Jean",1584,4°,"In quarto",Philosophie,Handbuch,,lat,GBV,151259569,,,,,,,,,,1,,,"H: O 55.4° Helmst.",,,
caselius93,4r,0005,,0,"Sophocles cum com. graecè et lat. camer. steph. tom. i. et 2.","Sophokleus hai hepta trag?diai / Una cum omnibus Graecis scholiis, & cum Latinis Ioach. Camerarii. Annotationes Henrici Stephani in Sophoclem & Euripidem, seorsum excusae, simul prodeunt",,,,,,"Camerarius, Joachim#118518569","Estienne, Henri#118862758",,,,,,,4°,"In quarto",,,,grc;lat,,,,,,,,,,,,1,,,"M: Lg 4° 175",,,
caselius94,4r,0005,,0,"Aelianus variae historiae Romae","Ailianou Poikiles istorias, Biblia, Id. Ek ton Erakleidou peri politeion ypomnema Polemonos physiognomonikon enkeiridion Adamantiou sophistou physiognomonikon, Biblia b. Melampodos peri Palmon mantike peri Elaion tou somatos. Aeliani Variae historiae libri XIIII. Ex Heraclide De rebus publicis commmentariorum. Polemonis Physionomia. Adamantii Physionomia. Melampodis Ex palpitationibus diuinatio, De neuis",,,,,,,,,,Rom#geoNames3169070,,"Blado, Antonio",1545,4°,"In quarto",Altertumskunde,,,grc,EDIT16,"CNCE 316",HAB,"M: Lg 11","Auf dem Einband: M A M 1572 - Marginalien und Merkzeichen in der Hand des Johannes Caselius",,,,,,,1,,,"M: Lg 11",,,
caselius95,4r,0005,,0,"Eiusdem d. ord. milit. Inst. Romae",,,,,,,,,,,,,,,4°,"In quarto",,,,,,,,,,,,,,,,1,,,,,,
caselius96,4r,0005,,0,"Pete. Martye. Vermilii Florent. in lib. i. et 2",,,,,,,,,,,Florenz#geoNames3176959,,,,4°,"In quarto",,,,,,,,,,,,,,,,1,,,,,,
caselius97,4r,0005,,0,"Ethic. Arist. com.",,,,,,,,,,,,,,,4°,"In quarto",,,,,,,,,,,,,,,,1,,,,,,
caselius98,4r,0005,,0,"Polemonis alior. orat. declamant",,,,,,,,,,,,,,,4°,"In quarto",,,,,,,,,,,,,,,,1,,,,,,
caselius99,4r,0005,,0,"Pindarus cum com. graecè Romae","Pindaru, Olympia. Pythia. Nemea. Isthmia",,,,,,"Benigno, Cornelio#139459219","Magister, Thomas#119483904","Cerva, Elio Lampridio#104211512",,Rom#geoNames3169070,,"Kallerg?s, Zacharias, Benigno, Cornelio",1515,4°,"In quarto",Altertumskunde,Lyrik,,grc,EDIT16,"CNCE 23572",HAB,"M: Lg 1616.3","Auf dem Titelblatt hs. Schenkungsnotiz an Johannes Caselius von Gregor Bersmann, Notizen u. Marginalien von der Hand des Johannes Caselius",,,,,,,1,,,"M: Lg 1616.3",,,
caselius100,4r,0005,,0,"Epitheta Ravisii",,,,,,,,,,,,,,,4°,"In quarto",Poetik;Rhetorik,Zitatensammlung,,,,,,,,,,,,,,1,,,,,,
caselius101,4r,0005,,0,"Epistolae Oecolampadii et Zwinglii",,,,,,,"Zwingli, Ulrich#118637533",,,,,,,,4°,"In quarto",,,,,,,,,,,,,,,,1,,,,,,
caselius102,4r,0005,,0,"Pindarus cum com. graecè, steph.",,,,,,,"Estienne, Henri#118862758",,,,,,,,4°,"In quarto",,,,grc;lat,,,,,,,,,,,,1,,,,,,
caselius103,4r,0005,,0,"Nicethae Imp. graecor. histor. graecolat.",,,,,,,,,,,,,,,4°,"In quarto",,,,,,,,,,,,,,,,1,,,,,,
caselius104,4r,0005,,0,"Julii Scaligeri de Subtilitat.","Julii Cæsaris Scaligeri Exotericarum exercitationum liber quintus decimus, de subtilitate, ad Hieronymum Cardanum. In extremo duo sunt indices : prior breviusculus, continens sententias nobiliores : alter opulentissimus, penè omnia complectens",,,,,,"Cardano, Girolamo#11863822X",,,,Paris#geoNames2988507,,"Vascosan, Michel de",1557,4°,"In quarto",Rhetorik,Traktat,,grc;lat,SUDOC,042590582,,,,,,,,,,1,,,"A: 8.4° Quod.",,,
caselius105,4r,0005,,0,"Lycophronis Chalcidensis Alexand. steph",,,,,,,,,,,,,,,4°,"In quarto",,,,,,,,,,,,,,,,1,,,,,,
caselius106,4r,0005,,0,"Hesiodus cum com. graecès","Erga kai h?merai / Isiodos ho Askraios. Victor Trincavellus",,,,,,"Trincavelli, Vittore#119091232",,,,Venedig#geoNames3164603,,"Zanetti, Bartolomeo",1537,4°,"In quarto",Altertumskunde,Kommentar:lit.,,grc;lat,GBV,151506531,HAB,"H: P 74.4° Helmst.","Marginalien und Merkzeichen in der Hand des Johannes Caselius; Titel von seiner Hand auf dem Rücken",,,,,,,1,,,"A: 20.6 Poet.;H: P 74.4° Helmst.",,,
caselius107,4r,0005,,0,"Ranzavius de Reb. bellic.",,,,,,,,,,,,,,,4°,"In quarto",,,,,,,,,,,,,,,,1,,,,,,
caselius108,4r,0005,,0,"Homerus versib. Anacr.",,,,,,,,,,,,,,,4°,"In quarto",,,,,,,,,,,,,,,,1,,,,,,
caselius109,4r,0005,,0,"Aristls de Morib. ad Nicomachum",,,,,,,,,,,,,,,4°,"In quarto",,,,,,,,,,,,,,,,1,,,,,,
caselius110,4v,0006,,0,"Jamblichus, starck verbrandt",,,,,,,,,,,,,,,4°,"In quarto",,,,,,,,,,,,,,,,1,,,,,,
caselius111,4v,0006,,0,"Antholog. divers. Epigrammat.",,,,,,,,,,,,,,,4°,"In quarto",,,,,,,,,,,,,,,,1,,,,,,
caselius112,4v,0006,,0,"Catalogus Imperat. et Reg. Rantzovii","HENRICI RANZOVII || CATALOGVS,|| IMPERATORVM,|| REGVM, AC VIRORVM || ILLVSTRIVM, QVI ARTEM || ASTROLOGICAM AMARVNT,|| ornârunt & exercuerunt:|| Quibus addita sunt || TESTIMONIA,|| QVAE OSTENDVNT ELEMENTA, ET || quae ex his constant corpora, perpetuò affici à corporibus || coelestibus: atque ab horum diuerso positu, varias & diuersas actiones || tum fieri, tum hominibus denunciari.|| ITEM:|| ASTROLOGICAE QVAEDAM PRAEDICTIONES || verae ac mirabiles omnium temporum … || ADIECTVS EST PRAETEREA TRACTATVS,|| De annis Climactericis, & periodis Imperiorum, vnà cum varijs exemplis || Illustrium virorum, qui annis illis … || mortem obiêre … || OLIM AB AVTORE ILLO COLLECTA,|| et nunc denuò reuisa, exemplis multis aucta, et in meliorem ordinem || redacta, ac iterum à Theophilo Syluio edita.||",,,,,,"Sylvius, Theophil#119844745",,,,Leipzig#geoNames2879139,,,1584,4°,"In quarto",Astrologie,Traktat,,lat,VD16,"R 220",HAB,"H: T 382.4° Helmst. 1","Auf dem Rücken Titel von der Hand des Caselius",,,,,,,1,,urn:nbn:de:bvb:12-bsb10982614-9,"H: T 382.4° Helmst. 1",,,
caselius113,4v,0006,,0,"Xenophontis [Apomnemata]",,,,,,,,,,,,,,,4°,"In quarto",,,,,,,,,,,,,,,,1,,,,,,
caselius114,4v,0006,,0,"Ex lib. Polyb. select. cum not. Vrsin.",,,,,,,,,,,,,,,4°,"In quarto",,,,,,,,,,,,,,,,1,,,,,,
caselius115,4v,0006,,0,"De consilio Reginandi Poli.",,,,,,,,,,,,,,,4°,"In quarto",,,,,,,,,,,,,,,,1,,,,,,
caselius116,4v,0006,,0,"Varior. Theses Juridicae",,,,,,,,,,,,,,,4°,"In quarto",,,,,,,,,,,,,,,,1,,,,,,
caselius117,4v,0006,,0,"Diogenes Laertius, graecè, Frobelii","Diogenus Laertiu peri bi?n … = Diogenis Laertii De uitis, decretis, & responsis celbrium philosophorum Libri decem",,,,,,,,,,Basel#geoNames2661604,,"Froben, Hieronymus",1533,4°,"In quarto",Altertumskunde,Biographie,,grc;lat,VD16,"D 1836",,,,,,,,,,1,,,"M: Lg 624",,,
caselius118,4v,0006,,0,"Callimachus cum com. graec. et lat. steph.","Callimachi Cyre-||næi Hymni (cum suis scholiis Græ-||cis) & Epigrammata",,,,,,,,,,Genf#geoNames2660646,,"Estienne, Henri",1577,4°,"In quarto",Altertumskunde,Lyrik;Epigramm,,grc;lat,GBV,145635627,,,,,,,,,,1,,,"A: 13.2 Poet.",,,
caselius119,4v,0006,,0,"Turnebus de Fato.",,,,,,,,,,,,,,,4°,"In quarto",,,,,,,,,,,,,,,,1,,,,,,
caselius120,4v,0006,,0,"Dialectica stoica Bursii","Dialectica Ciceronis quae disperse in scriptis reliquit, maxime ex Stoicorum sententia",,,,,,"Burski, Adam#119125870",,,,Lublin#geoNames765876,,"??nski, Marcin",1604,4°,"In quarto",Altertumskunde,Zitatensammlung,,lat,GBV,15139900X,,,,,,,,,,1,,,"M: Lh 638",,,
caselius121,4v,0006,,0,"Introductio schola Hagensis",,,,,,,,,,,,,,,4°,"In quarto",,,,,,,,,,,,,,,,1,,,,,,
caselius122,4v,0006,,0,"Organon Aristotelis Vrsini","ORGANI || ARISTOTE-||LEI, LIBRI QVINQVE || PRIORES,|| A`|| DOCT. ZACHARIA VRSINO VRA-||tislauiensi, per quaestiones perspicuè et eru-||ditè expositi … || Eiusdem Vrsini, de Petri Rami Dialectica & Rhetorica || iudicium … || Omnia nuno primùm in lucem edita, opera ac studio || Iohannis Iungnicij Vratislauiensis.||",,,,,,"Jungnitz, Johannes#119724847","Bèze, Théodore de#118662864",,,"Neustadt an der Haardt#geoNames2864054",,"Harnisch, Matthaeus",1586,4°,"In quarto",Altertumskunde,,,lat,VD16,"U 337",,,,,,,,,,1,,urn:nbn:de:bvb:12-bsb00014519-3,"M: Lg 361",,,
caselius123,4v,0006,,0,"Com. de Vit. et mort. Flaciy",,,,,,,,,,,,,,,4°,"In quarto",,,,,,,,,,,,,,,,1,,,,,,
caselius124,4v,0006,,0,"Callimachi Hymni",,,,,,,,,,,,,,,4°,"In quarto",,,,,,,,,,,,,,,,1,,,,,,
caselius125,4v,0006,,0,"Epigrammata Ranzovii",,,,,,,,,,,,,,,4°,"In quarto",,,,,,,,,,,,,,,,1,,,,,,
caselius126,4v,0006,,0,"Joannis Casae lat. monum.",,,,,,,,,,,,,,,4°,"In quarto",,,,,,,,,,,,,,,,1,,,,,,
caselius127,4v,0006,,0,"De re Rustica Camerarii",,,,,,,,,,,,,,,4°,"In quarto",,,,,,,,,,,,,,,,1,,,,,,
caselius128,4v,0006,,0,"fernere defensiones der Braunschw.",,,,,,,,,,,,,,,4°,"In quarto",,,,,,,,,,,,,,,,1,,,,,,
caselius129,4v,0006,,0,"Orationes Thucydidis, Casa interprete.","ORATIONES || THVCYDIDIS || PLERAEQVE || IOAN. CASA IN-||TERPRETE.||",,,,,,"Caselius, Johannes#116118547","Della Casa, Giovanni#118702394",,,Rostock#geoNames2844588,,"Möllemann, Stephan",1584,4°,"In quarto",Rhetorik,Kommentar:hist.,,lat,VD16,"T 1133",,,,,,,,,,1,,urn:nbn:de:gbv:3:1-128044,"H: 393 Helmst. Dr.;H: QuH 105 3",,,
caselius130,4v,0006,,0,"Com. in 2 lib. Homer",,,,,,,,,,,,,,,4°,"In quarto",,,,,,,,,,,,,,,,1,,,,,,
caselius131,4v,0006,,0,"Jacob. grynaeus in  epistolas Johan.",,,,,,,,,,,,,,,4°,"In quarto",,,,,,,,,,,,,,,,1,,,,,,
caselius132,4v,0006,,0,"Cassiodori Resinii Evang. Johan.",,,,,,,,,,,,,,,4°,"In quarto",,,,,,,,,,,,,,,,1,,,,,,
caselius133,4v,0006,,0,"Hypotyposis Arcium Ranzovii","HYPOTYPOSIS || ARCIVM, PALATIORVM,|| LIBRORVM, PYRAMIDVM,|| Obeliscorum, Molarum, Fontium,|| Monumentorum, et Epitaphiorum,|| ab Illustri et strenuo Viro HENRICO || RANZOVIO, Prorege et Equi-||te Holsato, conditorum,|| edita et conscripta || à || PETRO LINDEBERGIO.|| … ||",,,,,,"Lindeberg, Peter#124754376","Rantzau, Heinrich#11898716X",,,Rostock#geoNames2844588,,"Möllemann, Stephan",1590,4°,"In quarto",,Gelegenheitsschrift;Biographie,,lat,VD16,"ZV 9745",HAB,"H: T 900.4° Helmst.","Auf dem Einband in Majuskeln: Henricus Ranzovius Anno 1590; Schenkungsex. von ihm für Johannes Caselius; auf dem Rücken Titel von der Hand des Caselius",,,,,,,1,,http://digital.onb.ac.at/OnbViewer/viewer.faces?doc=ABO_%2BZ176256403,"H: T 900.4° Helmst.",,,
caselius134,4v,0006,,0,"Quintilianus Aldi.",,,,,,,,,,,,,,,4°,"In quarto",,,,,,,,,,,,,,,,1,,,,,,
caselius135,4v,0006,,0,"Problemata Aristls, et physiognomia Scoti",,,,,,,,,,,,,,,4°,"In quarto",,,,,,,,,,,,,,,,1,,,,,,
caselius136,5r,0006,,0,"Platonis Minos, sive de Legibus graecè",,,,,,,,,,,,,,,4°,"In quarto",,,,,,,,,,,,,,,,1,,,,,,
caselius137,5r,0006,,0,"Adversar. Turneb. pars altera","Adriani Tvrnebi Aduersariorum, Tomus secundus duodecim libros continens. Cum Indice copiosissimo. Ad C. V. Erricum Memmium supplicum libellorum in regia magistrum",,,,,,,,,,Paris#geoNames2988507,,"Buon, Gabriel",1565,4°,"In quarto",,Anthologie,,lat,GBV,306779021,HAB,"H: P 308.4° Helmst.","Merkzeichen und Marginalien von der Hand des Johannes Caselius",,,,,,,1,,,"H: P 308.4° Helmst.",,,
caselius138,5r,0006,,0,"Pindarus cum com. graecè",,,,,,,,,,,,,,,4°,"In quarto",,,,grc,,,,,,,,,,,,1,,,,,,
caselius139,5r,0006,,0,"Müntzspiegel Tilemanni friesen","M#[ue]ntz Spiegel/|| Das ist:|| Ein New vnd Wol=||außgef#[ue]hrter Bericht von der M#[ue]ntz/ deren || anfang/ Materia, Form, … || Jn vier B#[ue]cher zusam?en gefasset/ durch M. Tilemannum || Friesen, zu G#[oe]ttingen B#[ue]rgerm:|| Sampt einem n#[ue]tzlichen Tractat M. Cyriaci Spangenberg/ vom rech=||ten Brauch vnd Mißbrauch der M#[ue]ntze.||",,,,,,"Spangenberg, Cyriacus#119369958",,,,"Frankfurt am Main#geoNames2925533",,"Feyerabend, Johann",1592,4°,"In quarto",Geldwesen,,,ger,VD16,"F 2890",,,,,,,,,,1,,urn:nbn:de:bvb:12-bsb10187680-1,"M: Fg 60;A: 32.5 Jur. 2",,,
caselius140,5r,0006,,0,"Verantworttung der prediger zu ?",,,,,,,,,,,,,,,4°,"In quarto",,,,,,,,,,,,,,,,1,,,,,,
caselius141,5r,0006,,0,Aelianus,,,,,,,,,,,,,,,4°,"In quarto",,,,,,,,,,,,,,,,1,,,,,,
caselius142,5r,0006,,0,"Epistolae diversor. philosoph. graecè",,,,,,,,,,,,,,,4°,"In quarto",,,,,,,,,,,,,,,,1,,,,,,
caselius143,5r,0006,,0,"Corvini Oratio","Oratio sanctissimi fede||ris initi inter pontific?: Hispan? || et Venetos. habita Rhome tercio || Nonas Octobris Anno vndec?o || Breue Julij sec?di pon.max.ad || reges duces et principes christianos: … ||",,,,,,"Scheurl, Christoph#118754815",,,,Leipzig#geoNames2879139,,"Landsberg, Martin",1511,4°,"In quarto",,Rede,,lat,VD16,"C 5321",,,,,,,,,,1,,https://gso.gbv.de/DB=2.1/LNG=DU/PPNSET?PPN=745510949,"A: 68.1 Quod. 4",,,
caselius144,5r,0006,,0,"Cuiacii recitat. in lib. 2. et 4. Decretal.",,,,,,,,,,,,,,,4°,"In quarto",,,,,,,,,,,,,,,,1,,,,,,
caselius145,5r,0006,,0,"Collatio catholicae et orthodoxae fidei","COLLATIO || CATHOLICAE || ET ORTHODOXAE || CHRISTIANORVM || FIDEI,|| DE || Persona Christi & sacra eius Coena,||(DE QVA … || PRAESIDE D.IACOBO ANDREAE,|| suam Confessionem edituri sunt … ||",,,,,,,,,,"Neustadt an der Haardt#geoNames2864054",,"Harnisch, Matthaeus",1582,4°,"In quarto",,,,,VD16,"A 2557",,,,,,,,,,1,,urn:nbn:de:bvb:12-bsb10167033-0,,,,
caselius146,5r,0006,,0,"Aeschylus graecè, steph.","Aischyloy Trag?diai VII. … Aeschyli Tragoediae VII. Quae cum omnes multo quàm antea castigatiores eduntur, tum verò una, quae mutila et decurtata prius erat, integra nunc profertur. Scholia in easdem … locupletata, et … Emendata",,,,,,"Vettori, Pietro#119263653",,,,Genf#geoNames2660646,,"Estienne, Robert",1557,4°,"In quarto",Altertumskunde,Tragödie;Kommentar:lit.,,grc;lat,GBV,150794096,HAB,"H: P 83.4° Helmst.","Notizen u. Marginalien von der Hand des Johannes Caselius",,,,,,,1,,,"H: P 83.4° Helmst.;A: 5.3 Poet.",,,
caselius147,5r,0006,,0,"Campania Antonio Sanfelicii","ANTONII SANFELICII.|| CAMPANIA.|| LIBELLVS IN GERMA=||NIA ANTE NON EDITVS, QVI || POETAS ET HISTORIAM LEGENTIBVS,|| etiam geographias studiosis, cupidis denique lon=||ginquas regiones visendi non minus vtilis || sit futurus, quàm iucundus.||",,,,,,"Caselius, Johannes#116118547",,,,Rostock#geoNames2844588,,"Ferber, Augustin der Ältere",1580,4°,"In quarto",Geographie,,,lat,VD16,"S 1617",HAB,"H: P 619.4° Helmst. 2","Widmungsvermerk: Cl. V. Dn. Joanni Horneffero Joan. Caselius.; im Sammelband des Hornefffer",,,,,,,1,,,"H: P 619.4° Helmst. 2",,,
caselius148,5r,0006,,0,"Joel Propheta stigelii","Ioelis Prophetae Concio De Persecutione, populi Iudaici, Et De Vera Poenitentia",,,,,,,,,,Jena#geoNames2895044,,,1555,4°,"In quarto",Theologie,Predigt,,lat,VD16,"S 9077",HAB,"H: Yv 532.8° Helmst. 1","Die Lagen des Buchblocks von Johannes Caselius durchgezählt; Korrekturen von seiner Hand; einzelne Stücke ihm geschenkt",,,,,,,1,"lt. OPAC HAB Format anders: 8°",https://digi.ub.uni-heidelberg.de/diglit/stigel1555,"A: 170.1 Quod. 13;H: Yv 532.8° Helmst. 1;A: 190.3 Quod. 1",,,
caselius149,5r,0006,,0,"Plutarchus de Curiositate","PLVTARCHI || DE CVRIOSITATE || Libellus || Ioan. CASELIO interprete.|| Adiectis quibusdam eiusdem notis, quae ad aliquot || locorum illustrationem facere videbantur.||",,,,,,"Caselius, Johannes#116118547",,,,Helmstedt#geoNames2906676,,"Lucius, Jacob",1595,4°,"In quarto",Altertumskunde,Traktat,,lat,VD16,"P 3604",,,,,,,,,,1,,urn:nbn:de:bvb:12-bsb00016084-3,,,,
caselius150,5r,0006,,0,"Vita Farenbachii",,,,,,,,,,,,,,,4°,"In quarto",,,,,,,,,,,,,,,,1,,,,,,
caselius151,5r,0006,,0,"Crönung koniges christiani in Dennenmarck","Oratio De Vita Et Morte Serenissmi Principis Ac Domini, D. Friderici II. Inclytæ memoriæ Regis Daniæ, Norvegiæ … habita in funere ipsius, Roschildiæ in summo templo, Nonis Iunij, Anno M. D. LXXXVIII",,,,,,,,,,Kopenhagen#geoNames2618425,,,1588,4°,"In quarto",,Gelegenheitsschrift:Tod,,lat,,,HAB,"H: T 1110.4° Helmst.","Schenkungsvermerk: Clariss. & doctissimo viro d. Doctori Johanni Caselio, patrono & amico suo mittit auctor",,,,,,,1,,,"H: T 1110.4° Helmst.",,,
caselius152,5r,0006,,0,"Aristophanis Plutus cum com.",,,,,,,,,,,,,,,4°,"In quarto",Altertumskunde,Komödie,,,,,,,,,,,,,,1,"VD16 A 3276 oder VD16 A 3275",,,,,
caselius153,5r,0006,,0,"Defensionum Refutatio",,,,,,,,,,,,,,,4°,"In quarto",,,,,,,,,,,,,,,,1,,,,,,
caselius154,5r,0006,,0,"P. Victorii var. lat. pars altera","Variarum Lectionum XIII. novi libri",,,,,,,,,,Florenz#geoNames3176959,,,1568,4°,"In quarto",Altertumskunde,Schulbuch;Vorlesung,,lat,GBV,151809445,HAB,"H: P 309.4° Helmst.","Merkzeichen und Marginalien von der Hand des Johannes Caselius",,,,,,,1,,,"H: P 309.4° Helmst.;Schulenb. La 14",,,
caselius155,5r,0006,,0,"Ilias Homeri, cum com. graec.","???????? ???=||??? ???? ??? ????? ??? ? || ????????, ??? ?? ??????? ??? ???????? || ??? ????????? ??????????? … || ?????????????/||???. || OPVS VTRVMQVE HOMERI ILIA=||DOS ET ODYSSEAE, DILIGENTI OPERA || Iacobi MYCILLI & Ioachimi CAME/||RARII recognitum,||(VNA CVM || DIDYMI … || interpretatione.||)????????? ????????? ??????? ????????.|| ??? ????? ????????? ???? ???, ?? ????-||???? ??? ??????, ???????.|| Porphyrij philosophi Homericarum quaestionum liber.|| Eiusdem de Nympharum antro in Odyssaea opusculum.||",,,,,,"Micyllus, Jakob#100310281","Camerarius, Joachim#118518569",,,Basel#geoNames2661604,,"Herwagen, Johannes",1541,4°,"In quarto",Altertumskunde,Epik,,grc;lat,VD16,"H 4592",HAB,"H: P 146.2° Helmst.","Merkzeichen u. Marginalien mehrerer Hände, darunter die des Johannes Caselius",,,,,,,1,,,"H: P 146.2° Helmst.",,,
caselius156,5r,0006,,0,"Aristotelis problemata",,,,,,,,,,,,,,,4°,"In quarto",,,,,,,,,,,,,,,,1,"Möglich:  VD16 A 3623; VD16 A 3616",,,,,
caselius157,5r,0006,,0,"Politica et oeconomica",,,,,,,,,,,,,,,4°,"In quarto",,,,,,,,,,,,,,,,1,,,,,,
caselius158,5r,0006,,0,Rhetorica,,,,,,,,,,,,,,,4°,"In quarto",,,,,,,,,,,,,,,,1,,,,,,
caselius159,5r,0006,,0,Metaphysica,,,,,,,,,,,,,,,4°,"In quarto",,,,,,,,,,,,,,,,1,,,,,,
caselius160,5r,0006,,0,"Ethica magna",,,,,,,,,,,,,,,4°,"In quarto",,,,,,,,,,,,,,,,1,,,,,,
caselius161,5r,0006,,0,Rhetorica,,,,,,,,,,,,,,,4°,"In quarto",,,,,,,,,,,,,,,,1,,,,,,
caselius162,5v,0007,,0,"Politica et oeconomica",,,,,,,,,,,,,,,4°,"In quarto",,,,,,,,,,,,,,,,1,,,,,,
caselius163,5v,0007,,0,"Ethica et Nicomachum",,,,,,,,,,,,,,,4°,"In quarto",,,,,,,,,,,,,,,,1,,,,,,
caselius164,5v,0007,,0,Politica,,,,,,,,,,,,,,,4°,"In quarto",,,,,,,,,,,,,,,,1,,,,,,
caselius165,5v,0007,,0,"Physici quidam Tractat. graecè",,,,,,,,,,,,,,,4°,"In quarto",,,,grc,,,,,,,,,,,,1,,,,,,
caselius166,5v,0007,,0,"Analyt. prior. Aristles. Simonii","Analyticorum priorum libri duo, ex diligenti cum dictionis graecae, tum sententiae observatione, summa fide, latinè redditi, per Simonem Simonium. Adiectae sunt ab eodem singulis propè capitibus annotatiunculae aliquot, ad versionis rationem, atque obscuriorum sententiarum illustrationem pertinentes.",,,,,,"Simoni, Simone#124441270","Thoming, Jakob#124607659",,,Leipzig#geoNames2879139,,"Steinmann, Hans",1573,4°,"In quarto",Altertumskunde,,,lat,VD16,"A 3303",HAB,"M: Lg 281","Hs. Marginalien und Notizen in der Schrift des Johannes Caselius",,,,,,,1,,,"M: Lg 281",,,
caselius167,5v,0007,,0,"Arist. Rhetorica Riccaboni","ANTONII RICCOBONI || DE VSV ARTIS || RHETORICAE ARI-||STOTELIS COMMENTARII || VIGINTIQVINQVE,|| QVIBVS DVPLEX RHETORICA || strictim explicatur, … || adiuncto compendio || eiusdem artis Rhetoricae Aristotelis.|| QVIBVS ACCESSIT EIVSDEM ANTONII || Riccoboni à Io. Mario Matio Brixiano dissensio de || quibusdam locis Quintiliani probantibus || Rhetorica ad Herennium esse || Cornificij.||",,,,,,,,,,,,,,8°,"In octavo",Rhetorik,,,,,,,,,,,,,,,1,"VD16 R 2186 oder VD17 15:741837F",,"A: 54 Rhet. 2;H: P 1283.8° Helmst. 1;M: Lg 308",,,
caselius168,5v,0007,,0,"Galataeus de Moribus",,,,,,,,,,,Florenz#geoNames3176959,,"Bernardo Giunta I. Erben-9",1560,8°,"In octavo",Pädagogik,Anstandsliteratur,Anstandsliteratur,lat,EDIT16,"CNCE 16464",HAB,"H: O 238.8° Helmst.","Marginalien, Notizen und Federzeichnung (Männerkopf im Profil) von der Hand des Johannes Caselius",,,,,,,1,,,"H: O 238.8° Helmst.",,,
caselius169,5v,0007,,0,"Arnoldi Burenii orat.",,,,,,,,,,,,,,,8°,"In octavo",,,,,,,,,,,,,,,,1,,,,,,
caselius170,5v,0007,,0,"Hercules Rhodicius",,,,,,,,,,,,,,,8°,"In octavo",,,,,,,,,,,,,,,,1,,,,,,
caselius171,5v,0007,,0,"Epistolae Pauli graecè",,,,,,,,,,,Hagenau#geoNames3014078,,,1527,8°,"In octavo",Theologie,Bibel,,grc,GBV,151788022,HAB,"H: D 45.8° Helmst.","Merkzeichen, Marginalien und Notizen in ital. u. hebr. (Anfang der Weisheit ist die Furcht des Herrn) Sprache in der Hand des Johannes Caselius",,,,,,,1,,,"H: D 45.8° Helmst.",,,
caselius172,5v,0007,,0,"Biblia lat. vulg. vers.",,,,,,,,,,,,,,,8°,"In octavo",,,,,,,,,,,,,,,,1,,,,,,
caselius173,5v,0007,,0,"Bosij Animadvers. ad Attic. 2 Exemplar.",,,,,,,,,,,,,,,8°,"In octavo",,,,,,,,,,,,,,,,1,,,,,,
caselius174,5v,0007,,0,"M. Tullii. Ciceronis Philippicae",,,,,,,"Faerno, Gabriello#124580408",,,,Rom#geoNames3169070,,"Luchino, Vincenzo",1563,8°,"In octavo",Rhetorik,Rede,,lat,GBV,150803370,HAB,"H: P 465.8° Helmst.","Merkzeichen u. Marginalien von der Hand des Johannes Caselius",,,,,,,1,,,"H: P 465.8° Helmst.",,,
caselius175,5v,0007,,0,"Demetrii Phalerani de Elocatione",,,,,,,,,,,,,,,8°,"In octavo",Rhetorik,,,,,,,,,,,,,,,1,,,,,,
caselius176,5v,0007,,0,"Orthographia Manutii",,,,,,,,,,,Venedig#geoNames3164603,,"Manuzio, Paolo",1566,8°,"In octavo",Altertumskunde,Schulbuch,,lat,EDIT16,"CNCE 28262",HAB,"H: P 1014.8° Helmst.","Schenkungsvermerk: Jo. Carolo Caselio, unico filio. [griech.:] J? kas?lios - Stempel",,,,,,,1,,,"A: 97.1 Gram. 1;H: P 1014.8° Helmst.",,,
caselius177,5v,0007,,0,"Epitheta Ciceronis collect.",,,,,,,,,,,,,,,8°,"In octavo",,,,,,,,,,,,,,,,1,,,,,,
caselius178,5v,0007,,0,"Heliodori Epitome Crusii","MARTINI CRV-||SII AETHIOPICAE || HELIODORI HI-||storiae Epitome.|| CVM OBSERVATIO-||NIBVS EIVSDEM.|| … EIVSDEM DE PARENTI-||bus suis narratio.|| Cum INDICE copioso.||",,,,,,"Crusius, Martin#118677446",,,,"Frankfurt am Main#geoNames2925533",,"Wechel, Johann",1584,8°,"In octavo",Altertumskunde,Roman,,grc;lat,VD16,"H 1676",,,,,,,,,,1,,urn:nbn:de:bvb:12-bsb00015520-1,"A: 302 Quod. 2",,,
caselius179,5v,0007,,0,"Olynth. i. Demosth.",,,,,,,,,,,,,,,8°,"In octavo",,,,,,,,,,,,,,,,1,,,,,,
caselius180,5v,0007,,0,"Virgilius steph.",,,,,,,"Estienne, Henri#118862758",,,,Genf#geoNames2660646,,"Estienne, Henri",1583,8°,"In octavo",,,,lat,GBV,151781885,HAB,"H: P 598.8° Helmst.","Wiederholter hs. Besitzvermerk: Joannes Carolus Caselius",,,,,,,1,,,"H: P 598.8° Helmst.",,,
caselius181,5v,0007,,0,"Plinii Epistolae",,,,,,,,,,,,,,,8°,"In octavo",,,,,,,,,,,,,,,,1,,,,,,
caselius182,5v,0007,,0,"Q. Calaber Rodomanni","Ilias Kointu Smyrnaiu; Seu Quinti Calabri Paraleipomena, Id est, Derelicta ab Homero, XIV. libris comprehensa: … / Latine olim reddita & correcta A Laurentio Rhodomano Nunc accessit Epitome Gemina, tum Homeri & Cointi, tum universa Historiae Troianae. Itemque Dionis Chrysostomi Oratio De Ilio Non Capto. Auctore & interprete eodem",,,,,,"Rhodoman, Lorenz#11752705X",,,,Hanau#geoNames2911007,,,1604,8°,"In octavo",,,,grc;lat,VD17,3:004717X,,,,,,,,,,1,,urn:nbn:de:bvb:12-bsb10233917-4,"M: Lg 1916 1",,,
caselius183,5v,0007,,0,"Arrianus graecè","???????? || ???? ?????????? || ????????? ???????? || ?????? ????.|| ARRIANI DE EXPEDI-||TIONE SIVE REBVS GESTIS || Alexandri Macedonum Regis libri octo, … || Historiam quo#[que] eandem, olim quidem a Bartholomaeo || Facio latinitate donatam, nunc uero innumeris … || mendis repurgatam, hic adiungi curauimus, … ||",,,,,,"Facius, Bartholomaeus#100941060","Curlo, Giacomo#121369587","Gabuardus, Alexander#129020834","Gerbel, Nikolaus#118985949",Basel#geoNames2661604,,"Winter, Robert",1539,8°,"In octavo",Altertumskunde,Chronik,,grc;lat,VD16,"A 3796",HAB,"M: Lg 420","Hs. Besitzvermerk: Joannes Kaselios",,,,,,,1,,urn:nbn:de:bvb:12-bsb00034633-2,"M: Lg 420",,,
caselius184,5v,0007,,0,"Camerarii historica","Cl. V. Joachimi Camerarii Pabepergenis, Historica Narratio",,,,,,"Camerarius, Ludwig#118666754",,,,Heidelberg#geoNames2907911,,"Vögelin, Gotthard",1605,8°,"In octavo",,Chronik,,lat,VD17,23:647004U,HAB,"H: S 66b.8° Helmst. 1","Merkzeichen u. Marginalien von der Hand des Johannes Caselius in Druck 3 des Bandes",https://www.gbv.de/vd/vd17/23:647004U,,,,,,1,,,"H: S 66b.8° Helmst. 1",,,
caselius185,5v,0007,,0,"Narrat de Fratr. orthod. in Bok. Ecolg 3",,,,,,,,,,,,,,,8°,"In octavo",,,,,,,,,,,,,,,,1,,,,,,
caselius186,6r,0007,,0,"Consensus in Religione cum reliquis",,,,,,,,,,,,,,,8°,"In octavo",,,,,,,,,,,,,,,,1,,,,,,
caselius187,6r,0007,,0,"Manut. in Epist. ad Atticum","Commentarius in epistolas Ciceronis ad Atticum",,,,,,"Manuzio, Paolo#119485702",,,,Venedig#geoNames3164603,,"Manuzio, Paolo",1561,8°,"In octavo",,Kommentar,,lat,EDIT16,"CNCE 28074",HAB,"H: P 521.8° Helmst.","Besitzvermerk: Joannes Ulricus Caselius",,,,,,,1,"Tatsächlicher Besitz dieses Exemplars nicht gesichert, aber höchst wahrscheinlich: Johannes Caselius vermachte seine Bücher der Universität Helmstadt / Zusätzlich war das Buch im Besitz seines Sohnes.",,"H: P 521.8° Helmst.",,,
caselius188,6r,0007,,0,"Dialectica Philippi Bersmanni",,,,,,,,,,,,,,,8°,"In octavo",,,,,,,,,,,,,,,,1,,,,,,
caselius189,6r,0007,,0,"Plautus cum vari. lat. Lambini",,,,,,,"Lambin, Denys#124436927",,,,,,,,8°,"In octavo",,,,,,,,,,,,,,,,1,,,,,,
caselius190,6r,0007,,0,"Grammat. Renii pars i. graec.",,,,,,,,,,,,,,,8°,"In octavo",,,,grc,,,,,,,,,,,,1,,,,,,
caselius191,6r,0007,,0,"Epistolae Ciceronis familiar. Camerar.",,,,,,,"Camerarius, Joachim#118518569","Melanchthon, Philipp#118580485",,,"Frankfurt am Main#geoNames2925533",,,1586,8°,"In octavo",,,,lat,,,,,,,,,,,,1,,,,,,
caselius192,6r,0007,,0,"Dionis Chrysostomi orat. graecè",,,,,,,,,,,,,,,8°,"In octavo",,,,grc,,,,,,,,,,,,1,,,,,,
caselius193,6r,0007,,0,"Dionysius Halicarnassaei responsio ad Pomp. Eplas","Dionysiu tu Halikarnasseōs pros Gnaion Pompēion epistolē. tu autu epistolē pros Ammaion. Dionysii Halicarnassei responsio ad Gn. Pompeii epistolam, in qua ille de reprehenso ab eo Platonis stylo conquerebatur",,,,,,,,,,Paris#geoNames2988507,,"Estienne, Henri",1554,8°,"In octavo",Altertumskunde,Brief,,grc;lat,GBV,145785971,HAB,"H: QuH 125 1","Merkzeichen u. Marginalien in der Hand des Johannes Caselius",,,,,,,1,,,"H: QuH 125 1",,,
caselius194,6r,0007,,0,"Diogenes Laertius stephani",,,,,,,"Estienne, Henri",,,,,,,,8°,"In octavo",,,,,,,,,,,,,,,,1,,,,,,
caselius195,6r,0007,,0,"D. Chrysostomi orat. graecè",,,,,,,,,,,,,,,8°,"In octavo",Theologie,,,grc,,,,,,,,,,,,1,,,,,,
caselius196,6r,0007,,0,"Georgii Fabricii histor. sacr.","GEORGII || FABRICII CHEM-||NICENSIS.|| Virorum illustrium seu || Historiae Sacrae || LIBRI X. RECOGNITI || ET AVCTI.||",,,,,,"Fabricius, Jakob#119667843",,,,Leipzig#geoNames2879139,,"Steinmann, Hans",1578,8°,"In octavo",,Biographie,,lat,VD16,"F 397",HAB,"H: B 196.8° Helmst. 1","Hs. Besitzvermerk: Joannes Carolus Caselius. - Stempel: Ex Bibliotheca Academiae Ivliae Carolinae Helmstadii",,,,,,,1,"Tatsächlicher Besitz dieses Exemplars nicht gesichert, aber höchst wahrscheinlich: Johannes Caselius vermachte seine Bücher der Universität Helmstadt / Zusätzlich war das Buch im Besitz seines Sohnes.",urn:nbn:de:gbv:3:1-441389,"H: B 196.8° Helmst. 1",,,
caselius197,6r,0007,,0,"Castelionis dialog.",,,,,,,,,,,,,,,8°,"In octavo",,,,,,,,,,,,,,,,1,,,,,,
caselius198,6r,0007,,0,"Explicatio Musculi in Decalog. cum elegantiis","In Decalogum praeceptorum Dei Explanatio",,,,,,"Musculus, Wolfgang#11948370X",,,,Basel#geoNames2661604,,"Herwagen, Johannes",1553,8°,"In octavo",Theologie,Kommentar:theol.,,lat,GBV,151788022,HAB,"H: J 227.8° Helmst. 1","Besitzvermerk: Joannes. Carolus. Caselius",,,,,,,1,"Tatsächlicher Besitz dieses Exemplars nicht gesichert, aber höchst wahrscheinlich: Johannes Caselius vermachte seine Bücher der Universität Helmstadt / Zusätzlich war das Buch im Besitz seines Sohnes.",,"H: J 227.8° Helmst. 1",,,
caselius199,6r,0007,,0,"Molibus de Vita Pytag. Rittershusii",,,,,,,,,,,,,,,8°,"In octavo",,,,,,,,,,,,,,,,1,,,,,,
caselius200,6r,0007,,0,"Theognidis sententiae","Theognidis Megarensis Sententiae Elegiacae",,,,,,,,,,,,,,8°,"In octavo",,,,,,,,,,,,,,,,1,,,,,,
caselius201,6r,0007,,0,"Praxis Dialect. Philippi",,,,,,,,,,,,,,,8°,"In octavo",,,,,,,,,,,,,,,,1,"Unklar: VD16 T 870 oder VD16 ZV 27479 oder VD16 T 883",,,,,
caselius202,6r,0007,,0,"Homeri Ilias",,,,,,,,,,,,,,,8°,"In octavo",,,,,,,,,,,,,,,,1,,,,,,
caselius203,6r,0007,,0,"Theognidis sententiae","Theognidis Megarensis Sententiae Elegiacae",,,,,,,,,,,,,,8°,"In octavo",,,,,,,,,,,,,,,,1,"Unklar: VD16 T 870 oder VD16 ZV 27479 oder VD16 T 883",,,,,
caselius204,6r,0007,,0,"Brucai Sphaera",,,,,,,,,,,,,,,8°,"In octavo",,,,,,,,,,,,,,,,1,,,,,,
caselius205,6r,0007,,0,"Manutii comment. in Epist. ad Q. Fratrem",,,,,,,,,,,Venedig#geoNames3164603,,"Manuzio, Paolo",1560,8°,"In octavo",,Briefsammlung,,ita,EDIT16,"CNCE 28062",HAB,"H: P 2033.8° Helmst.","Hs. Besitzvermerk: Joannes Carolus Caselius",,,,,,,1,"Tatsächlicher Besitz dieses Exemplars nicht gesichert, aber stark wahrscheinlich: Johannes Caselius vermachte seine Bücher der Universität Helmstadt / Zusätzlich war das Buch im Besitz seines Sohnes.",,"H: P 2033.8° Helmst.;A: 122.17 Rhet. 1",,,
caselius206,6r,0007,,0,"De Alebam. diff. Hogelandi",,,,,,,,,,,,,,,8°,"In octavo",,,,,,,,,,,,,,,,1,,,,,,
caselius207,6r,0007,,0,"Anthologiae lib. i. Libanii",,,,,,,,,,,,,,,8°,"In octavo",,,,,,,,,,,,,,,,1,,,,,,
caselius208,6r,0007,,0,"Dialectica Theodorici",,,,,,,,,,,,,,,8°,"In octavo",,,,,,,,,,,,,,,,1,,,,,,
caselius209,6r,0007,,0,"Viglius in ? lib. Instit.",,,,,,,,,,,,,,,8°,"In octavo",,,,,,,,,,,,,,,,1,,,,,,
caselius210,6r,0007,,0,"Rollenhagii Iuvenilia","Gabrielis Rollenhagii Magdaeburgensis Saxonis Iuvenilia",,,,,,"Caselius, Johannes#116118547",,,,Magdeburg#geoNames2874545,,"Kirchener, Ambrosius;Richtzenhan, Salomon",1606,8°,"In octavo",,Lyrik,,lat,VD17,3:301190G,,,,,,,,,,1,,https://www.gbv.de/vd/gothaba/3:301190G,"A: 139 Poet.;H: P 1549.8° Helmst.;H: P 1815.8° Helmst. 2",,,
caselius211,6v,0008,,0,"Wouwerius de Vmbra",,,,,,,,,,,,,,,8°,"In octavo",,,,,,,,,,,,,,,,1,,,,,,
caselius212,6v,0008,,0,"Johannes Wouwerius",,,,,,,,,,,,,,,8°,"In octavo",,,,,,,,,,,,,,,,1,,,,,,
caselius213,6v,0008,,0,"Plutarchi lib. quom. log. Port. Adoliscent",,,,,,,,,,,,,,,8°,"In octavo",,,,,,,,,,,,,,,,1,,,,,,
caselius214,6v,0008,,0,"Paschasius Fuchti",,,,,,,,,,,,,,,8°,"In octavo",,,,,,,,,,,,,,,,1,,,,,,
caselius215,6v,0008,,0,"Dissertatio grammatica Rhenii",,,,,,,,,,,,,,,8°,"In octavo",,,,,,,,,,,,,,,,1,,,,,,
caselius216,6v,0008,,0,"Vita Viatica",,,,,,,,,,,,,,,8°,"In octavo",,,,,,,,,,,,,,,,1,,,,,,
caselius217,6v,0008,,0,"Hesiodus Philippi",,,,,,,,,,,,,,,8°,"In octavo",,,,,,,,,,,,,,,,1,,,,,,
caselius218,6v,0008,,0,"Isocrates graecè Wolfii",,,,,,,"Wolf, Hieronymus#100706460",,,,,,,,8°,"In octavo",,,,,,,,,,,,,,,,1,,,,,,
caselius219,6v,0008,,0,"Argument. et obiect. Pezelii 2. pars",,,,,,,,,,,,,,,8°,"In octavo",,,,,,,,,,,,,,,,1,,,,,,
caselius220,6v,0008,,0,"Hesiodus et Theognides graecé",,,,,,,,,,,,,,,8°,"In octavo",,,,grc,,,,,,,,,,,,1,,,,,,
caselius221,6v,0008,,0,"Simonis Pauli methodus doc. pars 3",,,,,,,,,,,,,,,8°,"In octavo",,,,,,,,,,,,,,,,1,,,,,,
caselius222,6v,0008,,0,"Beurhusii dialectica Rami, pars 2",,,,,,,"Beurhaus, Friedrich#118662759",,,,,,,,8°,"In octavo",,,,,,,,,,,,,,,,1,,,,,,
caselius223,6v,0008,,0,"Particula chronici chytraei",,,,,,,,,,,,,,,8°,"In octavo",,,,,,,,,,,,,,,,1,,,,,,
caselius224,6v,0008,,0,"Nicander Ther. cum scholiis",,,,,,,,,,,,,,,8°,"In octavo",,,,,,,,,,,,,,,,1,,,,,,
caselius225,6v,0008,,0,"Curopalatae d. official. constant. Plat.",,,,,,,,,,,,,,,8°,"In octavo",,,,,,,,,,,,,,,,1,,,,,,
caselius226,6v,0008,,1,"Grammatica Hebraea Neandri [et P. Martinj]","Luhot haddiqduk Grammatices Hebraeae linguae Tabulae succinctae et breves, collectae ex Erotematis ... M. Michaelis Neandri Soraviensis",,,,,,,,,,Wittenberg#geoNames7303020,,Crato,1581,8°,"In octavo",Altertumskunde,Grammatik,,,VD16,"N 423",HAB,"H: P 773.8° Helmst. (1)",,,http://opac.lbs-braunschweig.gbv.de/DB=2/XMLPRS=N/PPN?PPN={ID},151413126,,,,1,"Die Kombination dieser beiden Drucke erlaubt die Identifikation des Originalexemplars.",,,,,
caselius227,6v,0008,,2,"Grammatica [Hebraea Neandri, et] P. Martinj","Grammaticae Hebraeae libri 2",,,,,,,,,,Paris#geoNames2988507,,"Le Jeune, Martin",1584,8°,"In octavo",Altertumskunde,Grammatik,,,,,HAB,"H: P 773.8° Helmst. (2)",,,http://opac.lbs-braunschweig.gbv.de/DB=2/XMLPRS=N/PPN?PPN={ID},150285396,,,,1,"Die Kombination dieser beiden Drucke erlaubt die Identifikation des Originalexemplars.",,,,,
caselius228,6v,0008,,0,"Theodorti orat. d. Provid. graecè",,,,,,,,,,,,,,,8°,"In octavo",,,,grc,,,,,,,,,,,,1,,,,,,
caselius229,6v,0008,,0,"Demosthenis olynth.  et Philipp. graecè",,,,,,,,,,,,,,,8°,"In octavo",,,,grc,,,,,,,,,,,,1,,,,,,
caselius230,6v,0008,,0,"Beza d. rects pronunt. ling. Franc.",,,,,,,,,,,,,,,8°,"In octavo",,,,,,,,,,,,,,,,1,,,,,,
caselius231,6v,0008,,0,"Cupita pictatis cum aliis camerarii",,,,,,,,,,,,,,,8°,"In octavo",,,,,,,,,,,,,,,,1,,,,,,
caselius232,6v,0008,,0,"Demetrius Phaler.",,,,,,,,,,,,,,,8°,"In octavo",,,,,,,,,,,,,,,,1,,,,,,
caselius233,6v,0008,,0,"Tuchidis Elementa",,,,,,,,,,,,,,,8°,"In octavo",,,,,,,,,,,,,,,,1,,,,,,
caselius234,6v,0008,,0,"Institutiones cum Summariis",,,,,,,,,,,,,,,8°,"In octavo",,,,,,,,,,,,,,,,1,,,,,,
caselius235,6v,0008,,0,"Duncanus de Febribus","De Febribus Libri Tres",,,,,,,,,,Hamburg#geoNames2911298,,"Frobenius, Georg Ludwig;Lange, Paul",1610,8°,"In octavo",Medizin,Handbuch,,,VD17,23:634805D,,,,,,,,,,1,,,"M: Mi 272",,,
caselius236,6v,0008,,0,"Florileg. Ghutteri pars 3",,,,,,,,,,,,,,,8°,"In octavo",,,,,,,,,,,,,,,,1,,,,,,
caselius237,6v,0008,,0,Institutines,,,,,,,,,,,,,,,8°,"In octavo",,,,,,,,,,,,,,,,1,,,,,,
caselius238,6v,0008,,0,"Homeri Interp. graecè",,,,,,,,,,,,,,,8°,"In octavo",,,,grc,,,,,,,,,,,,1,,,,,,
caselius239,7r,0008,,0,"Johannis Clai in Ecclesiast. Salom.","ECCLESIA=||STES SALOMONIS || CARMINE REDDI-||tus & enarratus.||À M.IOANNE || CLAIO HERTZBER-||gense, Ecclesiae Bendeleben-||sis Pastore.||","Ecclesiastes Salomonis carmine redditus et enarratus a M. Ioanne Claio Hertzbergense, Ecclesiae Bendelebensis Pastore",,,,,,,,,Leipzig#geoNames2879139,,"Steinmann, Hans",1583,8°,"In octavo",,Kommentar:theol.,,lat,VD16,"B 3673",,,,,,,,,,1,,,"M: Tc 120 (1);H: P 1442.8° Helmst.;A: 122.8 Poet. (2)",,,
caselius240,7r,0008,,0,"Francisci Modii nov. antiq. lect.","Novantiquae lectiones, tributae in epistolas centum, & quod excurrit: In quibus infinitis locis Silius, Censorinus, Hyginus, Macrobius, Fulgentius alij, supplentur, emendantur",,,,,,,,,,"Frankfurt am Main#geoNames2925533",,"Andreas Wechel Erben-4",1584,8°,"In octavo",,,,lat,VD16,"M 5739",HAB,"H: P 1020.8° Helmst.","Widmung: Cl. V. D. Jo. Caselio dono mittebat auctor.",,,,,,,1,,urn:nbn:de:bvb:12-bsb10140916-4,"H: P 1020.8° Helmst.;A: 311 Quod.",,,
caselius241,7r,0008,,0,"Cynosura Pocii",,,,,,,,,,,,,,,8°,"In octavo",,,,,,,,,,,,,,,,1,,,,,,
caselius242,7r,0008,,0,"Poemat. Bersmanni 2 Exempl.",,,,,,,,,,,,,,,8°,"In octavo",,,,,,,,,,,,,,,,1,,,,,,
caselius243,7r,0008,,0,"Anton. d. vita, lat. et graecè",,,,,,,,,,,,,,,8°,"In octavo",,,,grc;lat,,,,,,,,,,,,1,,,,,,
caselius244,7r,0008,,0,"In Ecclogas divers. auth.",,,,,,,,,,,,,,,8°,"In octavo",,,,,,,,,,,,,,,,1,,,,,,
caselius245,7r,0008,,0,"Evang. et Epist. Dom. graecè",,,,,,,,,,,,,,,8°,"In octavo",,,,grc,,,,,,,,,,,,1,,,,,,
caselius246,7r,0008,,0,"Gram. lat. Dabercusii","QVAESTIONVM || DE || GRAMMATI=||CA LATINA LIBRI || QVATVOR: AD VSVM || Scholae Suerinensis conscripti || A || MATTHIA MARCO || DABERCVSIO.|| His accessit eiusdem de compositio=||ne oratoria libellus]",,,,,,"Hederich, Bernhard#128956100",,,,Rostock#geoNames2844588,,"Lucius, Jacob",1577,8°,"In octavo",Altertumskunde,,,lat,VD16,"ZV 4229",HAB,"H: P 848.8° Helmst.","Hs. Besitzvermerk: Joannes Carolus Caselius - Stempel: Ex Bibliotheca Academiae Ivliae Carolinae Helmstadii",,,,,,,1,"Anmerkung: kein Besitzvermerk v. Johann Caselius, aber nachgewiesen im Besitz seines Sohnes",,"H: P 848.8° Helmst.",,,
caselius247,7r,0008,,0,"Jabobi Bordingii Physiologia",,,,,,,,,,,,,,,8°,"In octavo",Medizin,Handbuch,,lat,,,,,,,,,,,,1,"VD17 23:295544W oder VD16 B 6703",,,,,
caselius248,7r,0008,,0,"Isocratis orationes",,,,,,,,,,,,,,,8°,"In octavo",,,,,,,,,,,,,,,,1,,,,,,
caselius249,7r,0008,,0,"Catechesis graeca, cum Apocalyp. Chytraei","Explicatio Apocalypsis Ioannis Perspicua Et Brevis, Tradita A Davide Chytræo",,,,,,,,,,Wittenberg#geoNames7303020,,Crato,1564,8°,"In octavo",Theologie,Katechismus,,grc,,,,,,,,,,,,1,,,"H: YC 20.8° Helmst.;A: 799 Theol. (1);H: 239.8° Helmst. (2);H: C 516b.8° Helmst.",,,
caselius250,7r,0008,,0,"Luciani part. 2. graecè",,,,,,,,,,,,,,,8°,"In octavo",,,,grc,,,,,,,,,,,,1,,,,,,
caselius251,7r,0008,,0,"Progymnasmat. et fab. Ovidii",,,,,,,,,,,,,,,8°,"In octavo",,,,,,,,,,,,,,,,1,,,,,,
caselius252,7r,0008,,0,"Vinetum Caroli, Stephani",,,,,,,,,,,Paris#geoNames2988507,,"Estienne, François",1537,8°,"In octavo",,,,lat,GBV,825535077,HAB,"H: O 491.8° Helmst. 1","Hs. Besitzvermerk: Joannes Carolus Caselius, Sohn des Johannes Caselius",,,,,,,1,,bvb:12-bsb10187762-6,"H: O 491.8° Helmst. 1;H: O 492.8° Helmst. 1",,,
caselius253,7r,0008,,0,"Horatius Bersmanni",,,,,,,,,,,,,,,8°,"In octavo",,,,,,,,,,,,,,,,1,,,,,,
caselius254,7r,0008,,0,"Organon Arist. Pacii",,,,,,,,,,,,,,,8°,"In octavo",,,,,,,,,,,,,,,,1,,,,,,
caselius255,7r,0008,,0,"Apopthegmat. Posselii",,,,,,,,,,,,,,,8°,"In octavo",,,,,,,,,,,,,,,,1,,,,,,
caselius256,7r,0008,,0,"Decius d. R. Juris",,,,,,,,,,,,,,,8°,"In octavo",,,,,,,,,,,,,,,,1,,,,,,
caselius257,7r,0008,,0,"Pindarus graecè",,,,,,,,,,,,,,,8°,"In octavo",,,,grc,,,,,,,,,,,,1,,,,,,
caselius258,7r,0008,,0,"Philonis Judaei quadam opuscula","PHILONIS IV-||DAEI OPVSCV-||LA TRIA:|| 1, Quare quorundam in sacris literis mutata sint || nomina.|| 2, De formatione Euae ex Adami latere; & de || vtriusque lapsu.|| 3, Somniorum Iosephi,Pharaonis,pincernaeque || ac pistoris,allegorica expositio.|| Graece nunc primum edita,studio et opera Da-||uidis Hoeschelii A.M.eiusdem#[que] No-||tatiunculis alicubi illustrata.|| E BIBLIOTHECA AVGVSTANA.||",,,,,,"Hoeschel, David#118705695",,,,"Frankfurt am Main#geoNames2925533",,"Wechel, Johann",1587,8°,"In octavo",,,,grc;lat,VD16,"P 2487",HAB,"H: D 20.8° Helmst.","Rückentitel, Merkzeichen, Marginalien u. Notiz in der Hand des Johannes Caselius",,,,,,,1,,urn:nbn:de:bvb:12-bsb00015876-4,"H: D 20.8° Helmst.",,,
caselius259,7r,0008,,0,"Maria Erasmi",,,,,,,,,,,,,,,8°,"In octavo",,,,,,,,,,,,,,,,1,,,,,,
caselius260,7r,0008,,0,"Aristot. et Theophrasti scripta quaedam, graecè",,,,,,,,,,,,,,,8°,"In octavo",,,,grc,,,,,,,,,,,,1,,,,,,
caselius261,7r,0008,,0,"Tractatus Hartungii",,,,,,,,,,,,,,,8°,"In octavo",,,,,,,,,,,,,,,,1,,,,,,
caselius262,7r,0008,,0,"Scholia graec. in Euripid. trag. 7. 2 Exempl.","????????? || ????????? ??-||?????????.||????? … TRAGOE-||diae octodecim.|| Hecuba … || (?????? || ??? ???? ??????? ??? || ???? ????????? … ||SCHOLIA IN SE/||PTEM EVRIPIDIS TRA-||goedias ex antiquis exemplarib. Ab Ar||senio archiepiscopo Monambasiae col||lecta,nunc?#[que] … || emendatiora in || lucem edita.||)",,,,,,"Herwagen, Johannes#119707950",,,,Basel#geoNames2661604,,"Herwagen, Johannes",1537,8°,"In octavo",,,,grc,VD16,"E 4213",HAB,"H: P 211.8° Helmst.","Marginalien u. Notizen von der Hand des Johannes Caselius",,,,,,,1,,urn:nbn:de:bvb:12-bsb00013803-2,"H: P 211.8° Helmst.",,,
caselius263,7r,0008,,0,"Testam. graecum","TĒS KAINĒS DIATHĒKĒS HAPANTA. || Noui Testamenti omnia.|| Cum scholijs ex Patribus & historijs in loca obscurio-||ra in marginibus adiectis.||",,,,,,"Gast, Johann#122090284","Ökolampadius, Johannes#11709711X",,,Basel#geoNames2661604,,,1544,8°,"In octavo",Theologie,Bibel,,grc,VD16,"B 4184",HAB,"H: A 273.8° Helmst.","Merkzeichen, (z.Tl. beschnittene) Marginalien u. Notizen in der Hand des Johannes Caselius",,,,,,,1,,urn:nbn:de:bvb:12-bsb11116187-8,"H: A 273.8° Helmst.;H: A 272.8° Helmst.;Bibel-S. 674",,,
caselius264,7r,0008,,0,"Hotiom.[?] quaest. Illust.",,,,,,,,,,,,,,,8°,"In octavo",,,,,,,,,,,,,,,,1,,,,,,
caselius265,7r,0008,,0,"Marsil. Ficinus de Relig. christ. cum aliis",,,,,,,,,,,,,,,8°,"In octavo",,,,,,,,,,,,,,,,1,,,,,,
caselius266,7v,0009,,0,"Supplem. ling. lat. Roborti",,,,,,,,,,,,,,,8°,"In octavo",,,,,,,,,,,,,,,,1,,,,,,
caselius267,7v,0009,,0,"Stenographia Constantii",,,,,,,,,,,,,,,8°,"In octavo",Kryptologie,,,,,,,,,,,,,,,1,,,,,,
caselius268,7v,0009,,0,"Stenographia Trithemii",,,,,,,,,,,,,,,8°,"In octavo",Kryptologie,,,,,,,,,,,,,,,1,,,,,,
caselius269,7v,0009,,0,"Corrasii Miscellanea",,,,,,,,,,,,,,,8°,"In octavo",,,,lat,,,,,,,,,,,,1,,,,,,
caselius270,7v,0009,,0,"Lipsius gt. Dialogistam",,,,,,,,,,,,,,,8°,"In octavo",,,,,,,,,,,,,,,,1,,,,,,
caselius271,7v,0009,,0,"Gregorii Nisse Epist. ad. Eustat.",,,,,,,,,,,,,,,8°,"In octavo",,,,,,,,,,,,,,,,1,,,,,,
caselius272,7v,0009,,0,"Villomarii animadvers. lib.",,,,,,,,,,,,,,,8°,"In octavo",,,,,,,,,,,,,,,,1,,,,,,
caselius273,7v,0009,,0,"Antoninus de vita sua",,,,,,,,,,,,,,,8°,"In octavo",Altertumskunde,Autobiographie,,,,,,,,,,,,,,1,"Unklar: VD16 M 963 oder GBV 412695219 oder VD16 M 966",,,,,
caselius274,7v,0009,,0,"Interpretes Homer. in Odyss.",,,,,,,,,,,,,,,8°,"In octavo",,,,,,,,,,,,,,,,1,,,,,,
caselius275,7v,0009,,0,"Addit. ad decis. Tisseri",,,,,,,,,,,,,,,8°,"In octavo",,,,,,,,,,,,,,,,1,,,,,,
caselius276,7v,0009,,0,"Donaveri moleriste[?] Articul.",,,,,,,,,,,,,,,8°,"In octavo",,,,,,,,,,,,,,,,1,,,,,,
caselius277,7v,0009,,0,"Wechsellschrifft zwischen Sachsen und Durl.",,,,,,,,,,,,,,,8°,"In octavo",,,,,,,,,,,,,,,,1,,,,,,
caselius278,7v,0009,,0,"Simorius di vera Nobilitate",,,,,,,,,,,,,,,8°,"In octavo",,,,,,,,,,,,,,,,1,,,,,,
caselius279,7v,0009,,0,"Discursus de Speculo Eberh. von Weihe",,,,,,,,,,,,,,,8°,"In octavo",,,,,,,,,,,,,,,,1,,,,,,
caselius280,7v,0009,,0,"Jacobi Bonion axiom lib. i.",,,,,,,,,,,,,,,8°,"In octavo",,,,,,,,,,,,,,,,1,,,,,,
caselius281,7v,0009,,0,"Ecclogae legationum var. edit. ab Hoeschebio","Sapientia Sirachi Sive Ecclesiasticus : Collatis lectionibus variantibus membranarum Augustanarum vetustissimarum, & XIV. praeterea exemplarium ; Addita versione Latina vulgata, ex editione Romana / Cum notis Davidis Hoeschelii Augustani, In quibus multa SS. Patrum loca illustrantur",,,,,,"Hoeschel, David#118705695",,,,Augsburg#geoNames2954172,,"Schultes, Hans",1604,8°,"In octavo",,Bibel,,grc;lat,VD17,23:272293L,,,,,,,,,,1,,,"H: A 9.8° Helmst.;A: 573.11 Theol. 1",,,
caselius282,7v,0009,,0,"Pubilandeaus de Papyro",,,,,,,,,,,,,,,8°,"In octavo",,,,,,,,,,,,,,,,1,,,,,,
caselius283,7v,0009,,0,"Onosandri stratigetius","Ονοσανδρου Στρατηγικος.|| ONOSANDRI || STRATEGICVS.|| Siue || De Jmperatoris Jnstitutione.|| Accessit.|| ΟΥΡΒΙΚΙΟΥ ΕΠΙΤΗΔΕΥΜΑ.|| Nicolaus Rigaltius P.|| NVNC PRIMVM E UETVSTIS || Codd. Graecis publicauit, Latini interpretatio-||ne et NOTIS illustravit.|| Accedit seorsim in eundem Onosandrum IANI GRVTERI || vberior Commentarius.|| Jtem.|| M. AEMILII PORTI, Fr. PORTI CRETENSIS F.|| Breues ... obseruationes",,,,,,,,,,Heidelberg#geoNames2907911,,"Commelinus, Hieronymus (Erben)",1600,8°,"In octavo",Kriegskunde,,,grc;lat,VD16,"O 765",,,,,,,,,,1,"Ausgabe unsicher",,,,,
caselius284,7v,0009,,0,"Euripides aliquot. Trag. graecè et lat.",,,,,,,,,,,,,,,8°,"In octavo",,,,,,,,,,,,,,,,1,,,,,,
caselius285,7v,0009,,0,"Tabulae capitolinae",,,,,,,,,,,,,,,8°,"In octavo",,,,,,,,,,,,,,,,1,,,,,,
caselius286,7v,0009,,0,"Scaliger. Poemat. i. pars","Ivlii Caesaris Scaligeri viri clarissimi Poemata in duas partes diuisa. Pleraque omnia in publicum iam primum prodeunt",,,,,,,,,,[Heidelberg],,,1574,8°,"In octavo",,,,lat,GBV,150781555,HAB,"H: P 1563.8° Helmst.","Merkzeichen, Marginalien und Notizen von der Hand des Johannes Caselius",,,,,,,1,,,"H: P 1563.8° Helmst.",,,
caselius287,7v,0009,,0,"Topica Aristotelis",,,,,,,,,,,,,,,8°,"In octavo",,,,,,,,,,,,,,,,1,,,,,,
caselius288,7v,0009,,0,"Henricus in Johannem",,,,,,,,,,,,,,,8°,"In octavo",,,,,,,,,,,,,,,,1,,,,,,
caselius289,7v,0009,,0,"Libri Italico Idiomate scripti nro. 60",,,,,,,,,,,,,,,8°,"In octavo",,,,,,,,,,,,,,,,1,,,,,,
caselius290,7v,0009,,0,"Zween globi, so zerbrochen",,,,,,,,,,,,,,,8°,"In octavo",,,,,,,,,,,,,,,,1,,,,,,
caselius291,8r,0009,,0,"D. Caselii testimonia nobilitatis, doctoratus, Magisterii neben anderen furneml. ...che schreiben",,,,,,,,,,,,,,,,"Neben diesem ist in die fürstliche bibliothec zu Helmstedt geliefert worden",,,Archivalie,,,,,,,,,,,,,1,,,,,,
caselius292,8r,0009,,0,"Joannis Caroli Caselii Stambuch",,,,,,,,,,,,,,,,"Neben diesem ist in die fürstliche bibliothec zu Helmstedt geliefert worden",,,Handschrift,,,,,,,,,,,,,1,,,,,,
caselius293,8r,0009,,0,"D. Caselii effigies auff leinewandt gemahlet",,,,,,,,,,,,,,,,"Neben diesem ist in die fürstliche bibliothec zu Helmstedt geliefert worden",,,Gemälde,,,,,,,,,,,,,1,,,,,,
caselius294,8r,0009,,0,"Joannis Caroli Caselii effigies",,,,,,,,,,,,,,,,"Neben diesem ist in die fürstliche bibliothec zu Helmstedt geliefert worden",,,Gemälde,,,,,,,,,,,,,1,,,,,,
caselius295,8r,0009,,0,"Noch ist in einer sonderbaren ledichen verschlossen ein memorial und letzte Verordnung Caselii",,,,,,,,,,,,,,,,"Neben diesem ist in die fürstliche bibliothec zu Helmstedt geliefert worden",,,Archivalie,,,,,,,,,,,,,1,,,,,,
caselius296,8r,0009,,0,"D. Caselii bestallung die anno 89",,,,,,,,,,,,,,,,"Neben diesem ist in die fürstliche bibliothec zu Helmstedt geliefert worden",,,Archivalie,,,,,,,,,,,,,1,,,,,,
caselius297,8r,0009,,0,"Etliche Schreiben in einem leinen beutel Danielem Caselium betreffendt",,,,,,,,,,,,,,,,"Neben diesem ist in die fürstliche bibliothec zu Helmstedt geliefert worden",,,Archivalie,,,,,,,,,,,,,1,,,,,,
caselius298,8r,0009,,0,"R. Illustrissimi Henrici Iulii p. m. litterae ac clarissimum Caselium in caussa Hoffmanniana",,,,,,,,,,,,,,,,"Neben diesem ist in die fürstliche bibliothec zu Helmstedt geliefert worden",,,Archivalie,,,,,,,,,,,,,1,,,,,,
caselius299,8r,0009,,0,"Nachrichtung von Caselii Herkommen",,,,,,,,,,,,,,,,"Neben diesem ist in die fürstliche bibliothec zu Helmstedt geliefert worden",,,Archivalie,,,,,,,,,,,,,1,,,,,,
caselius300,8r,0009,,0,"Effigies Petri Victorii",,,,,,,,,,,,,,,,"Neben diesem ist in die fürstliche bibliothec zu Helmstedt geliefert worden",,,Gemälde,,,,,,,,,,,,,1,,,,,,
caselius301,8r,0009,,0,"Effigies Ioannis Ulrici Caselii",,,,,,,,,,,,,,,,"Neben diesem ist in die fürstliche bibliothec zu Helmstedt geliefert worden",,,Gemälde,,,,,,,,,,,,,1,,,,,,
caselius302,8r,0009,,3V0,"Drei geschriebene bucher epistolarum Caselii in folio anno 1606, 1610 und 1611",,,,,,,,,,,,,,1606-1611,,"Neben diesem ist in die fürstliche bibliothec zu Helmstedt geliefert worden",,,Handschrift,,,,,,,,,,,,,1,,,,,,
caselius303,8r,0009,,0,"Noch ein tomus epistolarum Caselii in 4to manu Caselii geschrieben",,,,,,,,,,,,,,,4°,"Neben diesem ist in die fürstliche bibliothec zu Helmstedt geliefert worden",,,Handschrift,,,,,,,,,,,,,1,,,,,,
